time,temperature_2m,relative_humidity_2m,precipitation,surface_pressure,wind_speed_10m,shortwave_radiation
2025-01-01T00:00,10.8,99,0.0,754.6,2.7,0.0
2025-01-01T01:00,10.6,100,0.0,754.4,3.7,0.0
2025-01-01T02:00,9.8,99,0.0,753.4,3.5,0.0
2025-01-01T03:00,9.2,99,0.0,753.0,4.2,0.0
2025-01-01T04:00,8.7,98,0.0,752.6,2.6,0.0
2025-01-01T05:00,8.3,97,0.0,752.6,2.7,0.0
2025-01-01T06:00,7.6,97,0.0,752.5,1.5,0.0
2025-01-01T07:00,8.8,94,0.0,754.1,2.2,64.0
2025-01-01T08:00,11.5,89,0.0,756.7,0.7,274.0
2025-01-01T09:00,14.4,71,0.0,758.0,1.5,536.0
2025-01-01T10:00,16.8,59,0.0,759.1,0.9,723.0
2025-01-01T11:00,18.7,49,0.0,759.2,1.3,889.0
2025-01-01T12:00,20.3,42,0.0,759.0,3.6,961.0
2025-01-01T13:00,21.4,40,0.0,757.9,4.4,876.0
2025-01-01T14:00,22.3,38,0.0,756.9,2.0,814.0
2025-01-01T15:00,21.5,39,0.1,755.6,7.1,668.0
2025-01-01T16:00,18.2,61,0.8,755.0,17.4,444.0
2025-01-01T17:00,14.5,86,4.7,754.5,11.4,204.0
2025-01-01T18:00,14.2,90,0.1,754.5,1.5,40.0
2025-01-01T19:00,13.3,97,0.2,755.1,2.7,0.0
2025-01-01T20:00,13.2,91,0.2,755.6,0.2,0.0
2025-01-01T21:00,12.6,94,0.0,755.8,1.7,0.0
2025-01-01T22:00,12.8,96,0.0,756.1,2.5,0.0
2025-01-01T23:00,12.6,96,0.0,756.3,4.7,0.0
2025-01-02T00:00,12.6,93,0.0,756.2,6.3,0.0
2025-01-02T01:00,11.5,97,0.0,755.0,5.3,0.0
2025-01-02T02:00,10.6,98,0.0,754.3,3.8,0.0
2025-01-02T03:00,10.2,97,0.0,753.6,2.6,0.0
2025-01-02T04:00,9.1,98,0.0,752.9,2.1,0.0
2025-01-02T05:00,9.0,97,0.0,753.1,2.6,0.0
2025-01-02T06:00,9.0,95,0.0,753.6,1.1,0.0
2025-01-02T07:00,10.5,91,0.0,755.1,2.1,58.0
2025-01-02T08:00,12.7,83,0.0,757.2,3.2,235.0
2025-01-02T09:00,14.9,73,0.0,758.4,1.4,490.0
2025-01-02T10:00,17.6,62,0.0,759.3,2.2,724.0
2025-01-02T11:00,19.6,52,0.0,759.4,4.4,816.0
2025-01-02T12:00,20.7,47,0.1,759.1,10.3,851.0
2025-01-02T13:00,21.4,47,0.1,758.3,9.0,776.0
2025-01-02T14:00,20.0,51,0.1,757.0,6.6,702.0
2025-01-02T15:00,18.5,58,0.1,755.7,10.2,507.0
2025-01-02T16:00,17.1,69,0.3,755.2,7.7,349.0
2025-01-02T17:00,16.8,66,0.1,755.1,4.8,254.0
2025-01-02T18:00,15.2,76,0.0,754.9,2.9,55.0
2025-01-02T19:00,13.9,89,0.4,755.4,1.8,0.0
2025-01-02T20:00,13.8,91,0.0,756.1,4.3,0.0
2025-01-02T21:00,13.1,93,0.0,756.5,0.6,0.0
2025-01-02T22:00,12.6,97,0.0,756.5,1.0,0.0
2025-01-02T23:00,11.8,100,0.0,756.0,3.5,0.0
2025-01-03T00:00,11.3,100,0.0,755.4,3.5,0.0
2025-01-03T01:00,11.0,100,0.0,754.9,3.6,0.0
2025-01-03T02:00,10.4,100,0.0,753.9,3.0,0.0
2025-01-03T03:00,10.1,100,0.0,753.5,3.5,0.0
2025-01-03T04:00,9.4,100,0.0,753.1,1.8,0.0
2025-01-03T05:00,9.0,100,0.0,753.1,0.7,0.0
2025-01-03T06:00,8.6,100,0.0,753.0,1.0,0.0
2025-01-03T07:00,9.6,99,0.0,754.5,2.4,58.0
2025-01-03T08:00,13.2,87,0.0,757.6,2.2,215.0
2025-01-03T09:00,15.5,76,0.0,758.9,1.7,431.0
2025-01-03T10:00,17.5,68,0.1,759.5,1.7,546.0
2025-01-03T11:00,18.3,61,0.4,759.2,3.3,390.0
2025-01-03T12:00,17.5,67,6.8,758.8,7.7,691.0
2025-01-03T13:00,16.8,70,3.9,757.5,6.1,450.0
2025-01-03T14:00,18.4,62,0.1,757.0,4.1,602.0
2025-01-03T15:00,17.9,63,2.8,756.0,4.5,482.0
2025-01-03T16:00,17.0,67,0.4,755.7,9.1,359.0
2025-01-03T17:00,14.3,83,2.5,755.6,8.7,183.0
2025-01-03T18:00,13.5,91,1.1,755.4,3.3,20.0
2025-01-03T19:00,13.0,97,0.3,755.9,0.0,0.0
2025-01-03T20:00,13.2,87,0.0,755.9,2.4,0.0
2025-01-03T21:00,13.0,90,0.0,756.5,2.4,0.0
2025-01-03T22:00,11.7,95,0.0,756.3,1.8,0.0
2025-01-03T23:00,11.2,95,0.0,755.9,2.3,0.0
2025-01-04T00:00,10.7,95,0.0,755.3,2.4,0.0
2025-01-04T01:00,10.0,95,0.0,754.7,3.4,0.0
2025-01-04T02:00,9.4,96,0.0,753.6,2.3,0.0
2025-01-04T03:00,9.2,96,0.0,753.2,1.8,0.0
2025-01-04T04:00,8.6,96,0.0,752.8,2.5,0.0
2025-01-04T05:00,8.0,97,0.0,752.6,2.9,0.0
2025-01-04T06:00,7.9,95,0.0,753.0,1.0,0.0
2025-01-04T07:00,9.5,92,0.0,754.7,1.4,49.0
2025-01-04T08:00,12.9,85,0.0,757.4,0.2,226.0
2025-01-04T09:00,15.0,74,0.0,758.8,0.3,495.0
2025-01-04T10:00,16.3,70,0.1,759.1,1.7,617.0
2025-01-04T11:00,18.3,62,0.0,759.1,4.5,803.0
2025-01-04T12:00,19.5,57,0.0,758.3,2.7,778.0
2025-01-04T13:00,19.5,57,0.1,757.5,5.7,719.0
2025-01-04T14:00,19.1,57,0.6,756.5,9.5,715.0
2025-01-04T15:00,17.1,67,0.2,754.9,11.0,436.0
2025-01-04T16:00,16.2,75,0.9,755.1,8.0,368.0
2025-01-04T17:00,14.6,82,5.7,755.2,5.2,103.0
2025-01-04T18:00,14.2,85,0.1,755.3,3.1,30.0
2025-01-04T19:00,12.8,93,0.1,755.0,4.4,0.0
2025-01-04T20:00,12.7,95,0.0,755.7,0.9,0.0
2025-01-04T21:00,12.4,96,0.0,756.3,3.3,0.0
2025-01-04T22:00,11.7,96,0.0,755.8,3.2,0.0
2025-01-04T23:00,11.6,96,0.0,756.0,4.0,0.0
2025-01-05T00:00,10.6,98,0.0,755.0,2.9,0.0
2025-01-05T01:00,10.1,98,0.0,754.5,2.2,0.0
2025-01-05T02:00,10.0,99,0.0,753.9,2.7,0.0
2025-01-05T03:00,9.5,98,0.0,753.1,1.4,0.0
2025-01-05T04:00,9.2,97,0.0,753.1,2.2,0.0
2025-01-05T05:00,9.2,96,0.0,753.5,2.3,0.0
2025-01-05T06:00,9.3,95,0.0,754.1,1.5,0.0
2025-01-05T07:00,10.3,93,0.0,755.3,2.4,27.0
2025-01-05T08:00,12.2,95,0.1,757.3,1.5,155.0
2025-01-05T09:00,14.1,83,0.1,758.6,1.9,350.0
2025-01-05T10:00,15.2,79,0.1,759.3,1.5,429.0
2025-01-05T11:00,16.2,74,0.1,759.2,2.4,463.0
2025-01-05T12:00,17.9,67,0.1,758.9,1.8,606.0
2025-01-05T13:00,18.3,60,0.5,758.1,4.2,558.0
2025-01-05T14:00,16.3,70,2.3,756.8,10.0,396.0
2025-01-05T15:00,16.3,69,0.0,755.7,3.6,333.0
2025-01-05T16:00,16.9,66,0.0,755.3,1.3,320.0
2025-01-05T17:00,16.5,68,0.1,755.3,4.1,166.0
2025-01-05T18:00,15.1,78,0.0,755.0,5.2,36.0
2025-01-05T19:00,14.3,82,0.0,755.6,4.2,0.0
2025-01-05T20:00,12.5,93,0.0,756.0,4.1,0.0
2025-01-05T21:00,12.0,95,0.0,756.3,3.0,0.0
2025-01-05T22:00,11.4,97,0.0,756.1,2.0,0.0
2025-01-05T23:00,10.9,98,0.0,755.8,1.7,0.0
2025-01-06T00:00,10.7,97,0.1,755.6,2.3,0.0
2025-01-06T01:00,10.5,95,0.4,755.0,1.0,0.0
2025-01-06T02:00,10.7,96,0.5,754.9,1.9,0.0
2025-01-06T03:00,10.2,95,0.1,754.2,1.7,0.0
2025-01-06T04:00,10.5,97,0.1,754.3,1.3,0.0
2025-01-06T05:00,10.1,97,0.0,754.5,2.2,0.0
2025-01-06T06:00,9.9,96,0.0,754.9,0.9,0.0
2025-01-06T07:00,10.6,95,0.0,756.0,1.9,46.0
2025-01-06T08:00,12.8,83,0.0,758.0,1.5,234.0
2025-01-06T09:00,14.8,75,0.0,759.2,1.9,445.0
2025-01-06T10:00,16.6,66,0.0,759.8,4.4,518.0
2025-01-06T11:00,18.1,59,0.0,759.4,7.1,619.0
2025-01-06T12:00,19.4,56,0.0,759.0,7.0,735.0
2025-01-06T13:00,20.0,56,0.0,758.2,7.1,717.0
2025-01-06T14:00,19.1,61,5.3,757.1,8.6,714.0
2025-01-06T15:00,17.6,65,6.6,755.6,4.5,430.0
2025-01-06T16:00,18.0,63,0.0,755.7,5.4,372.0
2025-01-06T17:00,17.6,63,0.3,755.8,4.3,244.0
2025-01-06T18:00,15.4,79,0.2,754.9,5.5,60.0
2025-01-06T19:00,14.3,84,0.0,755.2,6.9,0.0
2025-01-06T20:00,13.1,91,0.0,756.2,3.3,0.0
2025-01-06T21:00,12.5,93,0.0,756.5,5.8,0.0
2025-01-06T22:00,11.7,95,0.0,756.0,5.6,0.0
2025-01-06T23:00,10.7,98,0.0,755.2,3.1,0.0
2025-01-07T00:00,10.1,99,0.0,754.6,3.1,0.0
2025-01-07T01:00,9.7,99,0.0,754.2,2.4,0.0
2025-01-07T02:00,9.1,98,0.0,753.0,3.1,0.0
2025-01-07T03:00,8.7,98,0.0,752.1,1.9,0.0
2025-01-07T04:00,7.8,99,0.0,751.5,2.7,0.0
2025-01-07T05:00,7.2,99,0.0,751.7,3.4,0.0
2025-01-07T06:00,6.8,99,0.0,752.0,1.1,0.0
2025-01-07T07:00,8.7,94,0.0,754.2,3.1,59.0
2025-01-07T08:00,12.9,78,0.0,757.6,1.6,286.0
2025-01-07T09:00,15.1,72,0.0,758.9,1.2,523.0
2025-01-07T10:00,17.4,63,0.0,759.8,1.2,699.0
2025-01-07T11:00,18.8,57,0.0,759.6,1.9,700.0
2025-01-07T12:00,20.0,53,0.0,759.2,1.8,757.0
2025-01-07T13:00,20.8,51,0.1,758.4,2.7,749.0
2025-01-07T14:00,21.6,49,0.1,757.5,3.4,764.0
2025-01-07T15:00,21.3,50,0.0,756.5,4.3,620.0
2025-01-07T16:00,19.9,56,0.1,755.9,8.3,474.0
2025-01-07T17:00,17.8,65,0.7,755.7,13.0,260.0
2025-01-07T18:00,15.2,86,0.2,755.4,11.3,55.0
2025-01-07T19:00,14.4,91,0.0,755.9,5.2,0.0
2025-01-07T20:00,14.4,87,0.0,756.6,4.3,0.0
2025-01-07T21:00,13.6,91,0.0,756.7,2.2,0.0
2025-01-07T22:00,13.4,93,0.1,757.4,1.0,0.0
2025-01-07T23:00,13.1,95,0.0,757.2,2.3,0.0
2025-01-08T00:00,13.0,95,0.0,756.8,1.5,0.0
2025-01-08T01:00,11.6,98,0.1,755.4,2.5,0.0
2025-01-08T02:00,11.8,99,0.5,755.3,2.9,0.0
2025-01-08T03:00,12.0,99,0.1,754.9,1.9,0.0
2025-01-08T04:00,11.4,100,0.0,754.6,0.7,0.0
2025-01-08T05:00,10.5,100,0.0,754.4,1.5,0.0
2025-01-08T06:00,10.1,100,0.0,754.8,0.9,0.0
2025-01-08T07:00,10.5,99,0.0,755.6,2.4,44.0
2025-01-08T08:00,13.7,87,0.0,757.7,3.3,236.0
2025-01-08T09:00,15.6,79,0.0,758.7,4.3,404.0
2025-01-08T10:00,17.4,68,0.1,759.3,6.0,551.0
2025-01-08T11:00,19.2,59,0.1,759.4,5.4,856.0
2025-01-08T12:00,20.2,55,0.0,758.9,5.7,896.0
2025-01-08T13:00,20.2,55,0.0,758.0,6.4,827.0
2025-01-08T14:00,19.7,55,0.1,756.7,7.8,689.0
2025-01-08T15:00,19.0,57,0.1,755.8,9.4,578.0
2025-01-08T16:00,18.2,62,0.1,755.3,11.1,468.0
2025-01-08T17:00,16.7,71,0.2,754.9,10.7,256.0
2025-01-08T18:00,15.1,82,0.3,754.8,6.2,61.0
2025-01-08T19:00,13.6,92,0.8,754.8,3.9,0.0
2025-01-08T20:00,14.3,88,0.3,755.7,1.4,0.0
2025-01-08T21:00,13.6,94,0.6,756.3,2.0,0.0
2025-01-08T22:00,13.4,96,0.5,756.4,1.4,0.0
2025-01-08T23:00,13.0,97,0.3,756.1,1.5,0.0
2025-01-09T00:00,12.6,97,0.1,755.6,0.7,0.0
2025-01-09T01:00,12.5,98,0.1,755.2,1.3,0.0
2025-01-09T02:00,12.3,98,0.6,754.5,1.8,0.0
2025-01-09T03:00,12.4,97,0.8,754.4,0.5,0.0
2025-01-09T04:00,11.9,99,0.3,754.1,1.1,0.0
2025-01-09T05:00,11.6,99,0.3,754.2,0.5,0.0
2025-01-09T06:00,11.3,100,0.1,754.2,1.5,0.0
2025-01-09T07:00,12.1,99,0.0,755.3,2.3,47.0
2025-01-09T08:00,13.1,90,0.0,757.0,3.5,206.0
2025-01-09T09:00,15.4,81,0.1,758.0,2.4,408.0
2025-01-09T10:00,17.3,70,0.1,758.7,2.2,546.0
2025-01-09T11:00,19.2,61,0.0,758.7,3.1,725.0
2025-01-09T12:00,20.6,55,0.1,758.4,1.4,887.0
2025-01-09T13:00,20.5,55,0.2,757.6,6.2,820.0
2025-01-09T14:00,18.8,61,0.2,756.2,7.5,554.0
2025-01-09T15:00,17.9,66,0.3,755.2,9.7,562.0
2025-01-09T16:00,17.1,71,0.3,754.7,8.5,371.0
2025-01-09T17:00,16.5,73,0.4,754.5,6.2,235.0
2025-01-09T18:00,14.8,85,0.2,754.1,4.9,65.0
2025-01-09T19:00,13.9,92,0.0,754.5,5.6,0.0
2025-01-09T20:00,14.0,91,0.0,755.4,5.5,0.0
2025-01-09T21:00,13.8,93,0.0,756.1,4.4,0.0
2025-01-09T22:00,13.0,97,0.0,755.8,2.6,0.0
2025-01-09T23:00,12.1,99,0.1,755.3,1.5,0.0
2025-01-10T00:00,11.9,99,0.0,755.0,0.6,0.0
2025-01-10T01:00,11.6,99,0.1,754.5,0.6,0.0
2025-01-10T02:00,12.0,99,0.1,754.5,2.4,0.0
2025-01-10T03:00,11.6,100,0.1,754.0,4.5,0.0
2025-01-10T04:00,11.6,98,0.0,754.1,4.3,0.0
2025-01-10T05:00,11.0,99,0.0,754.0,3.9,0.0
2025-01-10T06:00,10.5,100,0.0,754.1,3.9,0.0
2025-01-10T07:00,10.9,99,0.0,754.9,1.9,38.0
2025-01-10T08:00,12.2,98,0.0,756.3,2.7,128.0
2025-01-10T09:00,14.1,86,0.1,757.5,3.2,272.0
2025-01-10T10:00,16.3,74,0.1,758.3,3.0,455.0
2025-01-10T11:00,18.0,66,0.1,758.4,0.9,687.0
2025-01-10T12:00,19.7,56,0.1,758.5,7.7,798.0
2025-01-10T13:00,20.5,51,0.0,757.7,7.5,816.0
2025-01-10T14:00,21.2,47,0.0,757.1,6.0,792.0
2025-01-10T15:00,20.6,49,0.0,756.2,4.9,643.0
2025-01-10T16:00,18.9,56,0.0,755.5,7.5,485.0
2025-01-10T17:00,17.4,67,0.0,755.1,9.2,255.0
2025-01-10T18:00,15.9,79,0.0,754.7,7.4,70.0
2025-01-10T19:00,14.8,87,0.0,754.4,3.6,0.0
2025-01-10T20:00,14.0,92,0.0,755.0,1.7,0.0
2025-01-10T21:00,14.0,94,0.0,755.8,2.9,0.0
2025-01-10T22:00,13.7,96,0.0,756.5,6.6,0.0
2025-01-10T23:00,13.0,94,0.0,756.2,5.3,0.0
2025-01-11T00:00,12.2,96,0.0,755.7,2.8,0.0
2025-01-11T01:00,10.8,99,0.0,754.6,4.8,0.0
2025-01-11T02:00,10.0,99,0.0,753.7,4.7,0.0
2025-01-11T03:00,9.8,98,0.0,753.4,4.1,0.0
2025-01-11T04:00,9.4,97,0.0,753.3,3.3,0.0
2025-01-11T05:00,9.1,97,0.0,753.3,3.9,0.0
2025-01-11T06:00,8.2,98,0.0,753.2,4.4,0.0
2025-01-11T07:00,8.7,97,0.0,754.2,3.7,44.0
2025-01-11T08:00,11.7,90,0.0,756.5,1.0,223.0
2025-01-11T09:00,14.8,71,0.0,758.3,2.0,511.0
2025-01-11T10:00,17.3,62,0.0,759.1,2.1,767.0
2025-01-11T11:00,19.2,52,0.0,759.1,1.8,841.0
2025-01-11T12:00,21.1,46,0.0,759.0,3.9,934.0
2025-01-11T13:00,21.8,43,0.0,758.3,9.1,902.0
2025-01-11T14:00,21.5,45,0.0,757.5,12.0,837.0
2025-01-11T15:00,20.8,46,0.1,756.9,6.5,660.0
2025-01-11T16:00,19.8,50,0.1,756.5,5.9,492.0
2025-01-11T17:00,18.2,62,0.3,756.0,5.7,261.0
2025-01-11T18:00,16.1,79,0.2,755.3,3.7,63.0
2025-01-11T19:00,14.6,82,0.0,755.1,3.9,0.0
2025-01-11T20:00,13.9,86,0.0,755.9,6.1,0.0
2025-01-11T21:00,12.6,94,0.0,755.9,6.4,0.0
2025-01-11T22:00,11.8,98,0.0,756.0,4.7,0.0
2025-01-11T23:00,11.0,100,0.0,756.2,4.0,0.0
2025-01-12T00:00,10.5,100,0.0,755.9,1.8,0.0
2025-01-12T01:00,10.0,100,0.0,754.9,1.0,0.0
2025-01-12T02:00,9.3,98,0.0,754.0,4.2,0.0
2025-01-12T03:00,8.3,97,0.0,752.9,3.7,0.0
2025-01-12T04:00,7.7,99,0.0,752.5,2.3,0.0
2025-01-12T05:00,7.0,99,0.0,752.1,2.3,0.0
2025-01-12T06:00,6.3,99,0.0,752.0,2.0,0.0
2025-01-12T07:00,6.7,99,0.0,752.9,2.3,48.0
2025-01-12T08:00,10.7,89,0.0,756.4,0.4,281.0
2025-01-12T09:00,14.2,70,0.0,758.4,1.9,553.0
2025-01-12T10:00,16.7,61,0.0,759.3,1.4,772.0
2025-01-12T11:00,18.5,53,0.0,759.4,1.0,909.0
2025-01-12T12:00,20.1,46,0.0,759.0,3.3,1011.0
2025-01-12T13:00,21.4,41,0.0,758.8,7.4,993.0
2025-01-12T14:00,22.2,38,0.0,758.0,10.0,909.0
2025-01-12T15:00,22.0,38,0.0,757.1,10.8,728.0
2025-01-12T16:00,21.0,41,0.0,756.7,7.2,563.0
2025-01-12T17:00,18.8,55,0.0,756.0,8.2,319.0
2025-01-12T18:00,15.7,80,0.4,755.4,11.4,74.0
2025-01-12T19:00,13.6,90,0.1,755.2,5.1,0.0
2025-01-12T20:00,12.9,95,0.0,755.8,1.5,0.0
2025-01-12T21:00,11.6,100,0.0,755.7,1.3,0.0
2025-01-12T22:00,10.4,100,0.0,755.4,2.5,0.0
2025-01-12T23:00,9.6,100,0.0,755.2,1.2,0.0
2025-01-13T00:00,9.2,99,0.0,754.6,2.2,0.0
2025-01-13T01:00,8.5,98,0.0,753.7,1.9,0.0
2025-01-13T02:00,7.9,100,0.0,753.0,0.2,0.0
2025-01-13T03:00,7.1,100,0.0,752.2,0.4,0.0
2025-01-13T04:00,6.7,99,0.0,752.2,1.7,0.0
2025-01-13T05:00,6.4,99,0.0,752.3,1.2,0.0
2025-01-13T06:00,6.3,97,0.0,752.6,0.9,0.0
2025-01-13T07:00,7.9,96,0.0,754.5,1.5,52.0
2025-01-13T08:00,11.6,79,0.0,757.8,1.5,263.0
2025-01-13T09:00,14.5,62,0.0,759.5,3.2,504.0
2025-01-13T10:00,17.0,54,0.0,760.2,2.3,759.0
2025-01-13T11:00,19.2,48,0.0,760.2,3.5,927.0
2025-01-13T12:00,20.6,44,0.0,759.9,3.6,949.0
2025-01-13T13:00,22.1,41,0.0,759.5,2.0,952.0
2025-01-13T14:00,22.1,41,0.0,758.5,9.5,843.0
2025-01-13T15:00,18.5,66,1.0,757.2,19.3,721.0
2025-01-13T16:00,16.9,64,0.2,756.7,15.4,500.0
2025-01-13T17:00,16.9,66,0.0,756.4,9.8,315.0
2025-01-13T18:00,15.0,81,0.0,755.8,3.7,80.0
2025-01-13T19:00,13.9,85,0.0,755.5,2.6,0.0
2025-01-13T20:00,13.1,88,0.0,755.8,4.5,0.0
2025-01-13T21:00,12.0,92,0.0,755.9,2.7,0.0
2025-01-13T22:00,11.2,93,0.0,755.9,1.5,0.0
2025-01-13T23:00,10.2,97,0.0,755.3,2.5,0.0
2025-01-14T00:00,9.2,100,0.0,754.6,2.2,0.0
2025-01-14T01:00,8.6,99,0.0,753.8,2.8,0.0
2025-01-14T02:00,8.0,100,0.0,753.1,2.5,0.0
2025-01-14T03:00,7.6,99,0.0,752.9,2.7,0.0
2025-01-14T04:00,7.2,98,0.0,752.5,4.1,0.0
2025-01-14T05:00,7.3,100,0.0,752.9,2.2,0.0
2025-01-14T06:00,7.3,100,0.0,753.5,3.4,0.0
2025-01-14T07:00,8.3,99,0.0,754.9,3.1,42.0
2025-01-14T08:00,11.0,91,0.0,757.5,3.8,238.0
2025-01-14T09:00,14.5,77,0.0,759.2,4.0,540.0
2025-01-14T10:00,17.1,63,0.0,760.0,3.1,777.0
2025-01-14T11:00,19.2,46,0.0,760.2,1.8,932.0
2025-01-14T12:00,20.4,40,0.0,759.9,2.7,928.0
2025-01-14T13:00,21.5,37,0.0,759.2,6.5,933.0
2025-01-14T14:00,21.1,41,0.0,758.0,14.8,834.0
2025-01-14T15:00,18.0,60,0.1,756.9,20.4,682.0
2025-01-14T16:00,17.8,60,0.0,756.9,12.1,532.0
2025-01-14T17:00,16.9,66,0.0,756.4,10.6,301.0
2025-01-14T18:00,15.0,76,0.0,755.7,5.7,85.0
2025-01-14T19:00,14.0,81,0.0,755.9,5.4,0.0
2025-01-14T20:00,12.9,92,0.0,756.0,2.0,0.0
2025-01-14T21:00,12.2,94,0.0,756.2,2.6,0.0
2025-01-14T22:00,12.0,95,0.0,756.6,1.5,0.0
2025-01-14T23:00,11.3,97,0.0,755.9,1.0,0.0
2025-01-15T00:00,10.8,98,0.0,755.7,1.1,0.0
2025-01-15T01:00,10.4,99,0.0,755.2,0.7,0.0
2025-01-15T02:00,10.0,99,0.0,754.5,1.5,0.0
2025-01-15T03:00,9.8,100,0.0,754.1,2.4,0.0
2025-01-15T04:00,9.7,98,0.0,754.2,3.2,0.0
2025-01-15T05:00,9.3,100,0.0,754.4,3.7,0.0
2025-01-15T06:00,9.4,100,0.0,754.8,2.3,0.0
2025-01-15T07:00,9.7,99,0.0,755.8,2.3,36.0
2025-01-15T08:00,11.3,90,0.0,757.4,3.6,192.0
2025-01-15T09:00,13.9,75,0.0,758.9,3.2,477.0
2025-01-15T10:00,16.4,63,0.0,759.7,2.1,758.0
2025-01-15T11:00,18.6,51,0.0,760.0,1.9,921.0
2025-01-15T12:00,19.8,44,0.0,759.6,2.3,836.0
2025-01-15T13:00,21.2,40,0.0,759.1,3.7,935.0
2025-01-15T14:00,21.3,39,0.0,758.2,11.9,844.0
2025-01-15T15:00,19.0,57,0.1,757.0,19.1,667.0
2025-01-15T16:00,17.1,63,0.0,756.6,14.8,500.0
2025-01-15T17:00,16.8,66,0.0,756.5,8.3,260.0
2025-01-15T18:00,15.3,77,0.0,755.9,4.9,81.0
2025-01-15T19:00,14.2,83,0.0,756.1,4.3,0.0
2025-01-15T20:00,13.6,88,0.0,757.0,3.8,0.0
2025-01-15T21:00,13.2,90,0.0,757.3,2.1,0.0
2025-01-15T22:00,12.8,92,0.1,757.7,1.9,0.0
2025-01-15T23:00,12.6,93,0.1,757.4,1.7,0.0
2025-01-16T00:00,12.0,96,0.0,756.8,1.7,0.0
2025-01-16T01:00,11.4,98,0.0,756.0,0.9,0.0
2025-01-16T02:00,11.1,100,0.0,755.6,0.5,0.0
2025-01-16T03:00,11.0,99,0.0,755.3,2.5,0.0
2025-01-16T04:00,10.3,100,0.0,755.0,3.1,0.0
2025-01-16T05:00,10.0,100,0.0,755.2,2.4,0.0
2025-01-16T06:00,9.9,99,0.0,755.6,2.7,0.0
2025-01-16T07:00,9.9,99,0.0,756.3,1.8,30.0
2025-01-16T08:00,12.0,90,0.0,757.8,4.6,177.0
2025-01-16T09:00,14.5,75,0.0,759.1,1.7,462.0
2025-01-16T10:00,16.9,61,0.0,759.9,2.0,754.0
2025-01-16T11:00,18.9,48,0.0,760.2,2.4,905.0
2025-01-16T12:00,20.3,39,0.0,759.8,1.3,876.0
2025-01-16T13:00,21.7,34,0.0,759.3,3.3,910.0
2025-01-16T14:00,21.3,40,0.0,758.3,12.9,844.0
2025-01-16T15:00,18.6,59,0.5,757.0,17.2,656.0
2025-01-16T16:00,17.5,65,0.0,756.6,13.5,417.0
2025-01-16T17:00,16.4,71,0.0,756.5,8.8,231.0
2025-01-16T18:00,15.6,78,0.0,756.2,2.2,70.0
2025-01-16T19:00,14.6,82,0.0,756.2,3.6,0.0
2025-01-16T20:00,13.3,88,0.0,756.4,2.1,0.0
2025-01-16T21:00,12.8,92,0.0,756.9,2.7,0.0
2025-01-16T22:00,12.5,94,0.1,757.1,1.9,0.0
2025-01-16T23:00,12.3,95,0.1,757.0,2.2,0.0
2025-01-17T00:00,12.2,95,0.0,756.7,2.4,0.0
2025-01-17T01:00,11.7,97,0.0,756.1,1.6,0.0
2025-01-17T02:00,11.4,98,0.0,755.4,0.6,0.0
2025-01-17T03:00,11.1,100,0.0,755.1,2.6,0.0
2025-01-17T04:00,10.8,99,0.0,755.1,3.3,0.0
2025-01-17T05:00,10.3,100,0.0,755.2,4.2,0.0
2025-01-17T06:00,9.5,100,0.0,755.4,3.5,0.0
2025-01-17T07:00,9.9,97,0.0,756.6,3.3,33.0
2025-01-17T08:00,12.2,88,0.0,758.6,4.5,213.0
2025-01-17T09:00,14.8,75,0.0,759.8,2.5,510.0
2025-01-17T10:00,17.1,61,0.0,760.5,2.7,756.0
2025-01-17T11:00,18.7,51,0.0,760.6,2.6,769.0
2025-01-17T12:00,20.1,43,0.0,760.2,2.8,918.0
2025-01-17T13:00,21.1,40,0.0,759.5,1.3,906.0
2025-01-17T14:00,21.1,39,0.0,758.5,8.4,774.0
2025-01-17T15:00,18.8,55,0.3,757.3,14.7,671.0
2025-01-17T16:00,17.1,66,0.3,756.9,13.0,453.0
2025-01-17T17:00,15.9,71,0.1,756.6,10.4,238.0
2025-01-17T18:00,14.5,79,0.0,756.4,3.1,67.0
2025-01-17T19:00,14.1,82,0.0,756.7,2.5,0.0
2025-01-17T20:00,13.3,90,0.0,756.8,3.2,0.0
2025-01-17T21:00,12.7,94,0.0,757.0,0.6,0.0
2025-01-17T22:00,12.4,95,0.0,757.3,2.7,0.0
2025-01-17T23:00,11.8,96,0.0,756.8,3.8,0.0
2025-01-18T00:00,10.9,99,0.0,756.3,3.4,0.0
2025-01-18T01:00,9.9,100,0.0,755.2,3.8,0.0
2025-01-18T02:00,9.7,99,0.0,755.3,4.2,0.0
2025-01-18T03:00,9.0,100,0.0,754.5,4.7,0.0
2025-01-18T04:00,8.6,99,0.0,754.6,4.0,0.0
2025-01-18T05:00,8.7,98,0.0,755.2,3.6,0.0
2025-01-18T06:00,8.6,98,0.0,755.6,4.4,0.0
2025-01-18T07:00,8.9,96,0.0,756.5,4.2,34.0
2025-01-18T08:00,11.2,80,0.0,758.5,1.6,159.0
2025-01-18T09:00,13.5,70,0.0,759.7,1.0,463.0
2025-01-18T10:00,16.1,57,0.0,760.5,1.9,749.0
2025-01-18T11:00,18.3,47,0.0,760.8,2.9,934.0
2025-01-18T12:00,19.7,39,0.0,760.7,5.6,1040.0
2025-01-18T13:00,20.4,37,0.0,760.0,6.2,1003.0
2025-01-18T14:00,21.2,34,0.0,759.1,8.4,930.0
2025-01-18T15:00,21.5,31,0.0,758.5,9.6,795.0
2025-01-18T16:00,21.0,34,0.0,757.8,9.7,583.0
2025-01-18T17:00,19.6,38,0.0,757.4,7.0,332.0
2025-01-18T18:00,16.6,57,0.0,756.5,4.4,85.0
2025-01-18T19:00,14.9,68,0.0,756.5,3.5,0.0
2025-01-18T20:00,13.3,66,0.0,756.5,4.6,0.0
2025-01-18T21:00,11.7,75,0.0,756.4,4.5,0.0
2025-01-18T22:00,10.6,85,0.0,756.3,4.8,0.0
2025-01-18T23:00,9.9,91,0.0,756.1,3.3,0.0
2025-01-19T00:00,9.0,95,0.0,755.5,3.6,0.0
2025-01-19T01:00,8.5,96,0.0,754.7,3.2,0.0
2025-01-19T02:00,8.1,97,0.0,753.9,3.5,0.0
2025-01-19T03:00,7.6,97,0.0,753.3,3.7,0.0
2025-01-19T04:00,7.2,98,0.0,753.0,2.7,0.0
2025-01-19T05:00,6.5,98,0.0,752.9,3.7,0.0
2025-01-19T06:00,6.0,98,0.0,753.0,4.3,0.0
2025-01-19T07:00,7.2,94,0.0,754.6,2.3,52.0
2025-01-19T08:00,11.3,77,0.0,758.0,2.9,272.0
2025-01-19T09:00,14.0,67,0.0,759.4,2.9,520.0
2025-01-19T10:00,16.5,58,0.0,760.2,2.3,764.0
2025-01-19T11:00,18.7,48,0.0,760.6,2.7,941.0
2025-01-19T12:00,20.5,41,0.0,760.3,2.5,1011.0
2025-01-19T13:00,21.2,40,0.1,759.6,3.5,999.0
2025-01-19T14:00,22.3,35,0.1,758.8,2.8,886.0
2025-01-19T15:00,22.4,33,0.1,758.0,1.7,684.0
2025-01-19T16:00,20.1,38,0.0,757.2,6.9,450.0
2025-01-19T17:00,17.4,58,0.1,756.7,9.8,257.0
2025-01-19T18:00,16.2,66,0.4,756.4,4.8,63.0
2025-01-19T19:00,14.3,77,0.1,756.0,5.0,0.0
2025-01-19T20:00,13.2,92,0.1,756.5,4.2,0.0
2025-01-19T21:00,12.3,95,0.0,756.7,3.6,0.0
2025-01-19T22:00,11.8,98,0.0,757.1,2.7,0.0
2025-01-19T23:00,10.6,100,0.0,756.6,1.9,0.0
2025-01-20T00:00,9.6,100,0.0,756.0,1.1,0.0
2025-01-20T01:00,8.3,100,0.0,754.7,0.4,0.0
2025-01-20T02:00,7.3,100,0.0,753.7,1.7,0.0
2025-01-20T03:00,6.5,98,0.0,752.7,2.6,0.0
2025-01-20T04:00,5.7,98,0.0,752.1,3.2,0.0
2025-01-20T05:00,5.0,98,0.0,751.8,2.9,0.0
2025-01-20T06:00,4.4,98,0.0,751.6,1.1,0.0
2025-01-20T07:00,6.2,97,0.0,753.5,1.5,53.0
2025-01-20T08:00,11.4,76,0.0,757.7,1.1,299.0
2025-01-20T09:00,14.4,61,0.0,759.0,0.6,565.0
2025-01-20T10:00,17.1,47,0.0,760.0,0.9,794.0
2025-01-20T11:00,19.0,39,0.0,760.3,0.9,958.0
2025-01-20T12:00,20.7,37,0.0,760.2,0.3,1053.0
2025-01-20T13:00,21.8,33,0.0,759.6,1.7,1045.0
2025-01-20T14:00,21.9,32,0.1,758.6,5.3,926.0
2025-01-20T15:00,22.0,31,0.0,757.7,6.1,730.0
2025-01-20T16:00,20.4,41,0.0,756.6,15.0,533.0
2025-01-20T17:00,16.7,67,0.0,755.6,17.1,289.0
2025-01-20T18:00,14.9,71,0.0,755.2,10.6,80.0
2025-01-20T19:00,14.1,79,0.0,755.3,5.4,0.0
2025-01-20T20:00,13.8,85,0.0,756.0,3.1,0.0
2025-01-20T21:00,13.7,86,0.0,756.6,0.9,0.0
2025-01-20T22:00,13.0,91,0.0,756.7,2.6,0.0
2025-01-20T23:00,12.0,95,0.0,756.0,4.1,0.0
2025-01-21T00:00,11.0,96,0.0,755.4,4.9,0.0
2025-01-21T01:00,10.2,98,0.0,754.5,4.5,0.0
2025-01-21T02:00,9.3,100,0.0,753.4,5.6,0.0
2025-01-21T03:00,8.3,100,0.0,752.3,5.2,0.0
2025-01-21T04:00,8.4,98,0.0,752.9,4.1,0.0
2025-01-21T05:00,8.8,96,0.0,753.7,3.2,0.0
2025-01-21T06:00,9.2,93,0.0,754.5,2.7,0.0
2025-01-21T07:00,9.9,91,0.0,755.7,2.3,37.0
2025-01-21T08:00,11.9,82,0.0,757.7,3.1,197.0
2025-01-21T09:00,14.0,71,0.0,758.8,3.8,323.0
2025-01-21T10:00,17.0,55,0.0,759.9,3.3,693.0
2025-01-21T11:00,19.3,44,0.0,760.5,3.3,914.0
2025-01-21T12:00,20.9,30,0.0,760.4,6.2,1033.0
2025-01-21T13:00,21.6,25,0.0,759.8,9.3,1024.0
2025-01-21T14:00,21.8,26,0.0,758.8,11.1,947.0
2025-01-21T15:00,21.8,26,0.0,757.7,11.4,794.0
2025-01-21T16:00,21.2,27,0.0,756.8,12.4,598.0
2025-01-21T17:00,20.1,33,0.0,756.3,9.7,344.0
2025-01-21T18:00,17.3,46,0.0,755.5,9.4,94.0
2025-01-21T19:00,15.6,54,0.0,755.6,7.3,0.0
2025-01-21T20:00,13.2,67,0.0,755.7,8.2,0.0
2025-01-21T21:00,11.8,75,0.0,755.7,7.0,0.0
2025-01-21T22:00,11.0,80,0.0,755.8,4.7,0.0
2025-01-21T23:00,10.3,85,0.0,755.8,2.3,0.0
2025-01-22T00:00,9.3,91,0.0,755.1,2.5,0.0
2025-01-22T01:00,8.2,94,0.0,754.2,3.8,0.0
2025-01-22T02:00,7.3,96,0.0,753.0,3.2,0.0
2025-01-22T03:00,6.3,98,0.0,751.9,2.2,0.0
2025-01-22T04:00,5.2,99,0.0,751.1,2.7,0.0
2025-01-22T05:00,4.5,100,0.0,751.0,1.8,0.0
2025-01-22T06:00,3.9,100,0.0,751.1,1.5,0.0
2025-01-22T07:00,5.2,92,0.0,752.8,2.8,54.0
2025-01-22T08:00,10.8,64,0.0,757.3,1.9,299.0
2025-01-22T09:00,14.6,45,0.0,759.3,2.7,558.0
2025-01-22T10:00,17.3,35,0.0,760.3,3.1,786.0
2025-01-22T11:00,19.6,27,0.0,761.0,3.6,956.0
2025-01-22T12:00,21.0,24,0.0,761.0,6.1,1049.0
2025-01-22T13:00,21.6,27,0.0,760.5,8.2,1052.0
2025-01-22T14:00,21.8,30,0.0,759.5,9.2,970.0
2025-01-22T15:00,21.5,31,0.0,758.5,10.4,829.0
2025-01-22T16:00,20.7,34,0.0,757.9,11.1,613.0
2025-01-22T17:00,19.0,39,0.0,757.2,11.1,358.0
2025-01-22T18:00,16.4,51,0.0,756.4,10.2,104.0
2025-01-22T19:00,14.7,61,0.0,756.6,5.2,0.0
2025-01-22T20:00,12.7,68,0.0,756.8,6.7,0.0
2025-01-22T21:00,11.8,72,0.0,757.0,4.3,0.0
2025-01-22T22:00,10.4,79,0.0,756.7,5.2,0.0
2025-01-22T23:00,9.2,84,0.0,756.0,5.0,0.0
2025-01-23T00:00,8.1,87,0.0,754.8,2.8,0.0
2025-01-23T01:00,7.1,89,0.0,753.6,3.1,0.0
2025-01-23T02:00,6.4,90,0.0,752.7,3.6,0.0
2025-01-23T03:00,5.8,91,0.0,751.7,3.8,0.0
2025-01-23T04:00,5.3,91,0.0,751.3,3.3,0.0
2025-01-23T05:00,4.8,91,0.0,751.1,3.1,0.0
2025-01-23T06:00,4.5,90,0.0,751.3,2.7,0.0
2025-01-23T07:00,5.9,81,0.0,752.8,2.1,52.0
2025-01-23T08:00,11.2,56,0.0,757.6,0.9,285.0
2025-01-23T09:00,14.6,40,0.0,759.6,1.8,539.0
2025-01-23T10:00,17.2,35,0.0,760.5,7.1,764.0
2025-01-23T11:00,19.0,35,0.0,761.0,13.6,917.0
2025-01-23T12:00,20.4,34,0.0,760.6,14.6,885.0
2025-01-23T13:00,20.7,35,0.0,759.9,16.2,917.0
2025-01-23T14:00,20.8,36,0.0,758.8,15.6,838.0
2025-01-23T15:00,20.8,36,0.0,758.1,12.1,688.0
2025-01-23T16:00,20.3,36,0.0,757.4,11.2,516.0
2025-01-23T17:00,18.7,41,0.0,756.6,10.8,332.0
2025-01-23T18:00,16.6,55,0.0,755.8,9.9,103.0
2025-01-23T19:00,14.8,66,0.0,755.8,5.2,0.0
2025-01-23T20:00,13.1,75,0.0,756.2,5.4,0.0
2025-01-23T21:00,12.2,81,0.0,756.7,5.1,0.0
2025-01-23T22:00,11.3,86,0.0,756.7,5.7,0.0
2025-01-23T23:00,10.8,88,0.0,756.6,4.6,0.0
2025-01-24T00:00,10.3,88,0.0,755.9,4.4,0.0
2025-01-24T01:00,9.8,89,0.0,755.2,3.7,0.0
2025-01-24T02:00,9.2,89,0.0,754.4,4.8,0.0
2025-01-24T03:00,8.5,92,0.0,753.7,5.0,0.0
2025-01-24T04:00,8.0,93,0.0,753.3,3.7,0.0
2025-01-24T05:00,7.6,95,0.0,753.1,3.4,0.0
2025-01-24T06:00,7.2,95,0.0,753.2,4.1,0.0
2025-01-24T07:00,8.3,88,0.0,754.5,3.4,42.0
2025-01-24T08:00,12.6,71,0.0,757.5,0.9,231.0
2025-01-24T09:00,15.1,62,0.0,758.9,0.0,452.0
2025-01-24T10:00,16.2,58,0.0,759.2,2.5,467.0
2025-01-24T11:00,17.7,53,0.2,759.3,4.1,559.0
2025-01-24T12:00,19.1,48,0.2,759.2,6.7,724.0
2025-01-24T13:00,20.3,42,0.2,758.6,8.3,782.0
2025-01-24T14:00,21.2,40,0.0,757.8,8.9,705.0
2025-01-24T15:00,20.0,45,0.0,756.6,10.9,557.0
2025-01-24T16:00,19.3,48,0.0,756.1,7.3,493.0
2025-01-24T17:00,18.3,52,0.0,755.9,6.3,258.0
2025-01-24T18:00,15.7,67,0.2,755.5,7.1,65.0
2025-01-24T19:00,15.0,72,0.1,756.2,4.5,0.0
2025-01-24T20:00,13.6,86,0.2,756.9,4.2,0.0
2025-01-24T21:00,13.3,84,0.1,757.4,3.9,0.0
2025-01-24T22:00,13.0,91,0.0,757.7,5.4,0.0
2025-01-24T23:00,12.2,95,0.0,757.2,4.5,0.0
2025-01-25T00:00,11.3,99,0.0,756.4,5.1,0.0
2025-01-25T01:00,10.8,98,0.0,755.5,4.9,0.0
2025-01-25T02:00,10.4,97,0.0,754.7,2.7,0.0
2025-01-25T03:00,9.6,98,0.0,754.1,2.3,0.0
2025-01-25T04:00,8.9,98,0.0,753.7,1.7,0.0
2025-01-25T05:00,8.6,98,0.0,753.4,2.3,0.0
2025-01-25T06:00,8.2,98,0.0,753.4,2.2,0.0
2025-01-25T07:00,9.8,94,0.0,755.2,4.4,42.0
2025-01-25T08:00,13.2,78,0.0,758.2,2.0,224.0
2025-01-25T09:00,15.6,66,0.0,759.5,1.7,447.0
2025-01-25T10:00,17.0,59,0.2,760.0,4.1,559.0
2025-01-25T11:00,18.7,50,0.0,760.1,6.6,656.0
2025-01-25T12:00,19.8,46,0.0,759.7,10.4,698.0
2025-01-25T13:00,20.2,46,0.1,758.9,11.8,765.0
2025-01-25T14:00,21.3,42,0.0,758.0,9.5,804.0
2025-01-25T15:00,19.8,50,0.7,756.7,8.7,584.0
2025-01-25T16:00,17.3,64,11.7,755.5,3.3,443.0
2025-01-25T17:00,16.5,67,4.8,755.5,6.0,266.0
2025-01-25T18:00,15.3,75,0.0,755.3,5.4,67.0
2025-01-25T19:00,14.6,83,0.0,756.0,6.9,0.0
2025-01-25T20:00,13.1,87,0.0,756.6,4.1,0.0
2025-01-25T21:00,12.9,88,0.0,757.0,4.8,0.0
2025-01-25T22:00,12.3,92,0.0,757.3,3.4,0.0
2025-01-25T23:00,12.0,93,0.0,757.3,4.1,0.0
2025-01-26T00:00,11.9,93,0.0,757.3,4.2,0.0
2025-01-26T01:00,11.3,97,0.0,756.3,3.2,0.0
2025-01-26T02:00,10.8,98,0.0,755.1,4.1,0.0
2025-01-26T03:00,10.6,97,0.0,754.5,4.4,0.0
2025-01-26T04:00,10.2,97,0.0,754.3,4.0,0.0
2025-01-26T05:00,10.1,96,0.0,754.3,4.6,0.0
2025-01-26T06:00,9.6,96,0.0,754.4,4.2,0.0
2025-01-26T07:00,10.7,94,0.0,756.0,3.0,34.0
2025-01-26T08:00,12.8,85,0.0,757.9,5.0,123.0
2025-01-26T09:00,15.3,72,0.1,759.3,8.3,369.0
2025-01-26T10:00,17.3,59,0.0,760.1,9.7,599.0
2025-01-26T11:00,19.2,48,0.0,760.3,11.6,837.0
2025-01-26T12:00,20.2,44,0.0,760.0,13.0,982.0
2025-01-26T13:00,20.0,44,0.1,759.0,13.1,897.0
2025-01-26T14:00,19.9,46,0.1,757.9,10.8,814.0
2025-01-26T15:00,20.2,45,0.0,757.1,10.5,758.0
2025-01-26T16:00,19.2,50,0.0,756.3,10.7,552.0
2025-01-26T17:00,17.7,57,0.0,755.8,10.1,326.0
2025-01-26T18:00,15.7,69,0.0,755.3,9.2,95.0
2025-01-26T19:00,14.6,78,0.0,755.7,9.2,0.0
2025-01-26T20:00,12.8,87,0.0,755.9,6.1,0.0
2025-01-26T21:00,12.4,91,0.0,756.6,4.9,0.0
2025-01-26T22:00,12.3,90,0.0,757.0,5.2,0.0
2025-01-26T23:00,11.7,92,0.0,756.5,3.5,0.0
2025-01-27T00:00,11.4,93,0.0,756.3,4.9,0.0
2025-01-27T01:00,10.6,95,0.0,754.8,4.9,0.0
2025-01-27T02:00,9.7,97,0.0,753.4,4.5,0.0
2025-01-27T03:00,9.2,96,0.0,752.9,4.6,0.0
2025-01-27T04:00,9.2,95,0.0,752.8,4.4,0.0
2025-01-27T05:00,9.2,94,0.0,753.2,5.1,0.0
2025-01-27T06:00,9.3,93,0.0,753.5,5.0,0.0
2025-01-27T07:00,10.5,88,0.0,755.0,4.9,28.0
2025-01-27T08:00,13.0,82,0.1,757.0,4.5,128.0
2025-01-27T09:00,13.9,78,0.1,758.0,4.3,208.0
2025-01-27T10:00,15.4,71,0.1,758.7,3.4,365.0
2025-01-27T11:00,16.9,64,0.2,758.9,3.6,520.0
2025-01-27T12:00,18.3,58,0.4,758.7,7.8,767.0
2025-01-27T13:00,19.1,53,0.2,758.1,11.3,900.0
2025-01-27T14:00,19.1,54,0.4,756.7,11.5,779.0
2025-01-27T15:00,18.1,58,0.2,755.4,12.7,502.0
2025-01-27T16:00,18.2,58,0.0,755.0,9.7,459.0
2025-01-27T17:00,17.6,61,0.0,754.9,8.9,257.0
2025-01-27T18:00,16.3,69,0.0,754.6,9.2,59.0
2025-01-27T19:00,15.6,74,0.0,755.1,7.7,0.0
2025-01-27T20:00,13.6,83,0.0,755.4,6.3,0.0
2025-01-27T21:00,12.9,87,0.0,755.8,5.1,0.0
2025-01-27T22:00,12.2,91,0.0,756.0,3.8,0.0
2025-01-27T23:00,11.7,93,0.0,756.1,3.4,0.0
2025-01-28T00:00,11.4,95,0.0,755.9,3.8,0.0
2025-01-28T01:00,10.8,98,0.0,754.8,3.5,0.0
2025-01-28T02:00,10.0,98,0.0,753.7,5.7,0.0
2025-01-28T03:00,9.3,98,0.0,753.0,4.9,0.0
2025-01-28T04:00,8.7,98,0.0,752.6,3.4,0.0
2025-01-28T05:00,8.7,99,0.0,753.1,2.9,0.0
2025-01-28T06:00,8.3,100,0.0,753.2,1.9,0.0
2025-01-28T07:00,8.9,98,0.0,754.2,3.6,41.0
2025-01-28T08:00,13.1,77,0.0,757.3,2.2,264.0
2025-01-28T09:00,15.9,65,0.0,758.8,6.1,529.0
2025-01-28T10:00,17.4,57,0.0,759.2,6.6,565.0
2025-01-28T11:00,18.3,53,0.0,759.2,6.9,622.0
2025-01-28T12:00,19.5,49,0.1,759.0,7.9,865.0
2025-01-28T13:00,19.9,48,0.1,757.9,10.3,878.0
2025-01-28T14:00,20.6,44,0.1,756.8,11.3,776.0
2025-01-28T15:00,20.7,44,0.2,755.7,9.6,619.0
2025-01-28T16:00,19.6,50,0.2,755.2,11.2,422.0
2025-01-28T17:00,18.1,59,0.2,754.9,11.7,220.0
2025-01-28T18:00,15.5,77,0.0,754.6,1.9,79.0
2025-01-28T19:00,13.8,89,2.9,755.1,4.4,0.0
2025-01-28T20:00,13.8,83,0.0,755.8,4.1,0.0
2025-01-28T21:00,12.8,90,0.0,756.2,6.6,0.0
2025-01-28T22:00,11.9,94,0.0,756.3,6.4,0.0
2025-01-28T23:00,11.2,95,0.0,756.2,5.9,0.0
2025-01-29T00:00,10.8,96,0.0,755.6,3.7,0.0
2025-01-29T01:00,10.6,96,0.0,755.0,3.0,0.0
2025-01-29T02:00,10.1,96,0.0,754.2,2.1,0.0
2025-01-29T03:00,9.6,98,0.0,753.5,1.4,0.0
2025-01-29T04:00,9.0,98,0.0,752.9,3.1,0.0
2025-01-29T05:00,8.7,97,0.0,752.8,2.1,0.0
2025-01-29T06:00,8.5,97,0.0,753.1,1.8,0.0
2025-01-29T07:00,9.4,93,0.0,754.2,3.3,39.0
2025-01-29T08:00,13.3,77,0.0,758.0,2.4,229.0
2025-01-29T09:00,16.1,64,0.0,759.5,6.2,460.0
2025-01-29T10:00,17.8,56,0.0,760.0,8.4,519.0
2025-01-29T11:00,19.1,52,0.0,760.2,11.1,699.0
2025-01-29T12:00,19.7,50,0.1,759.7,11.7,848.0
2025-01-29T13:00,19.6,50,0.1,759.0,12.4,828.0
2025-01-29T14:00,19.1,52,0.1,757.8,11.7,668.0
2025-01-29T15:00,19.4,50,0.1,756.8,8.8,588.0
2025-01-29T16:00,19.7,49,0.0,756.1,7.1,503.0
2025-01-29T17:00,19.3,51,0.0,755.6,9.4,321.0
2025-01-29T18:00,17.1,64,0.0,755.3,11.3,97.0
2025-01-29T19:00,15.3,74,0.0,755.7,9.3,0.0
2025-01-29T20:00,13.5,79,0.0,755.5,7.8,0.0
2025-01-29T21:00,12.3,86,0.0,755.6,7.2,0.0
2025-01-29T22:00,11.4,90,0.0,755.7,6.7,0.0
2025-01-29T23:00,10.4,92,0.0,755.4,5.1,0.0
2025-01-30T00:00,9.6,93,0.0,754.7,5.0,0.0
2025-01-30T01:00,9.2,93,0.0,753.9,3.5,0.0
2025-01-30T02:00,8.8,95,0.0,753.2,2.7,0.0
2025-01-30T03:00,8.0,97,0.0,752.3,3.7,0.0
2025-01-30T04:00,7.5,96,0.0,751.8,2.3,0.0
2025-01-30T05:00,7.1,96,0.0,752.3,1.4,0.0
2025-01-30T06:00,6.7,96,0.0,752.3,1.9,0.0
2025-01-30T07:00,8.0,91,0.0,753.8,2.9,48.0
2025-01-30T08:00,13.4,71,0.0,758.0,4.0,275.0
2025-01-30T09:00,16.7,54,0.0,759.7,8.7,531.0
2025-01-30T10:00,19.3,45,0.0,760.3,11.0,634.0
2025-01-30T11:00,20.1,44,0.0,760.5,11.4,742.0
2025-01-30T12:00,20.6,44,0.0,760.0,9.0,755.0
2025-01-30T13:00,21.1,43,0.1,759.2,8.0,828.0
2025-01-30T14:00,21.6,42,0.0,758.0,8.2,782.0
2025-01-30T15:00,21.1,42,0.1,756.9,12.2,553.0
2025-01-30T16:00,20.1,49,0.1,756.4,11.5,407.0
2025-01-30T17:00,19.4,52,0.0,755.9,10.0,321.0
2025-01-30T18:00,17.4,64,0.0,755.5,9.3,86.0
2025-01-30T19:00,15.8,74,0.0,755.9,9.2,0.0
2025-01-30T20:00,14.1,84,0.0,756.6,9.2,0.0
2025-01-30T21:00,13.7,86,0.0,757.0,7.7,0.0
2025-01-30T22:00,12.8,92,0.0,757.1,4.1,0.0
2025-01-30T23:00,12.2,95,0.0,756.9,6.1,0.0
2025-01-31T00:00,11.7,96,0.0,756.0,5.2,0.0
2025-01-31T01:00,11.0,97,0.0,754.8,6.1,0.0
2025-01-31T02:00,10.2,98,0.0,753.5,3.6,0.0
2025-01-31T03:00,9.7,99,0.0,753.0,2.2,0.0
2025-01-31T04:00,9.4,99,0.0,753.1,2.8,0.0
2025-01-31T05:00,10.1,95,0.0,753.6,2.0,0.0
2025-01-31T06:00,10.0,96,0.0,753.8,2.4,0.0
2025-01-31T07:00,11.0,91,0.0,754.9,4.6,25.0
2025-01-31T08:00,13.8,78,0.0,757.4,5.0,137.0
2025-01-31T09:00,16.6,65,0.0,759.0,7.0,402.0
2025-01-31T10:00,18.4,56,0.0,759.4,8.3,512.0
2025-01-31T11:00,19.5,51,0.0,759.5,10.7,673.0
2025-01-31T12:00,18.4,57,0.4,758.6,10.8,655.0
2025-01-31T13:00,18.1,58,0.3,757.4,9.3,512.0
2025-01-31T14:00,19.6,52,0.1,757.0,10.6,700.0
2025-01-31T15:00,20.3,49,0.0,756.1,9.7,683.0
2025-01-31T16:00,20.3,48,0.0,755.8,11.3,512.0
2025-01-31T17:00,19.0,51,0.0,755.5,11.1,241.0
2025-01-31T18:00,17.3,59,0.0,755.5,8.1,86.0
2025-01-31T19:00,15.6,70,0.0,755.6,8.5,0.0
2025-01-31T20:00,13.9,78,0.0,756.4,8.2,0.0
2025-01-31T21:00,13.2,82,0.0,756.8,4.9,0.0
2025-01-31T22:00,12.6,87,0.0,757.0,5.0,0.0
2025-01-31T23:00,11.6,95,0.0,756.4,4.1,0.0
2025-02-01T00:00,10.6,99,0.0,755.8,2.6,0.0
2025-02-01T01:00,9.9,100,0.0,754.9,2.6,0.0
2025-02-01T02:00,9.3,100,0.0,753.7,2.3,0.0
2025-02-01T03:00,8.7,100,0.0,752.7,2.1,0.0
2025-02-01T04:00,8.2,99,0.0,752.0,2.9,0.0
2025-02-01T05:00,7.9,98,0.0,752.3,3.1,0.0
2025-02-01T06:00,7.4,98,0.0,752.3,1.4,0.0
2025-02-01T07:00,8.5,93,0.0,753.7,2.5,45.0
2025-02-01T08:00,12.7,80,0.0,757.1,1.3,265.0
2025-02-01T09:00,16.0,60,0.0,759.0,5.6,499.0
2025-02-01T10:00,18.8,47,0.0,759.8,7.0,701.0
2025-02-01T11:00,20.1,41,0.0,759.6,9.9,788.0
2025-02-01T12:00,19.9,45,0.0,759.0,12.4,814.0
2025-02-01T13:00,20.3,44,0.0,758.3,13.9,670.0
2025-02-01T14:00,21.2,41,0.0,757.6,9.3,745.0
2025-02-01T15:00,21.6,40,0.0,756.7,7.6,753.0
2025-02-01T16:00,21.6,39,0.0,755.7,7.5,490.0
2025-02-01T17:00,20.9,39,0.0,755.5,3.6,331.0
2025-02-01T18:00,17.4,66,0.2,754.7,14.0,89.0
2025-02-01T19:00,15.1,83,0.2,755.0,10.4,0.0
2025-02-01T20:00,14.9,79,0.0,755.0,2.7,0.0
2025-02-01T21:00,13.8,86,0.0,755.3,4.3,0.0
2025-02-01T22:00,12.8,91,0.0,755.2,5.3,0.0
2025-02-01T23:00,12.1,95,0.0,755.2,6.0,0.0
2025-02-02T00:00,11.7,96,0.0,755.2,4.7,0.0
2025-02-02T01:00,11.2,99,0.0,754.4,4.0,0.0
2025-02-02T02:00,10.9,95,0.0,753.4,6.4,0.0
2025-02-02T03:00,11.1,91,0.0,753.4,6.4,0.0
2025-02-02T04:00,10.7,91,0.0,753.4,6.3,0.0
2025-02-02T05:00,10.4,89,0.0,753.8,7.3,0.0
2025-02-02T06:00,9.8,93,0.0,753.9,7.5,0.0
2025-02-02T07:00,10.1,90,0.0,755.0,5.2,29.0
2025-02-02T08:00,12.8,79,0.0,756.7,4.6,152.0
2025-02-02T09:00,15.5,65,0.0,758.2,6.0,405.0
2025-02-02T10:00,18.0,51,0.0,759.2,6.0,630.0
2025-02-02T11:00,19.8,44,0.0,759.4,6.3,776.0
2025-02-02T12:00,21.9,35,0.0,759.0,7.3,943.0
2025-02-02T13:00,23.1,32,0.0,758.3,8.7,918.0
2025-02-02T14:00,22.8,33,0.0,757.0,8.1,835.0
2025-02-02T15:00,21.6,38,0.0,755.9,10.2,689.0
2025-02-02T16:00,20.4,47,0.0,755.3,12.2,495.0
2025-02-02T17:00,18.0,66,0.0,754.4,13.0,209.0
2025-02-02T18:00,16.5,72,0.0,754.3,10.0,74.0
2025-02-02T19:00,15.8,76,0.0,754.6,7.4,0.0
2025-02-02T20:00,15.1,83,0.0,754.8,3.1,0.0
2025-02-02T21:00,14.5,88,0.0,755.3,2.2,0.0
2025-02-02T22:00,14.3,85,0.0,755.8,2.9,0.0
2025-02-02T23:00,13.7,89,0.1,755.6,3.1,0.0
2025-02-03T00:00,12.7,95,0.0,754.8,4.2,0.0
2025-02-03T01:00,12.3,97,0.0,754.1,5.4,0.0
2025-02-03T02:00,11.8,96,0.0,753.3,5.9,0.0
2025-02-03T03:00,11.5,94,0.0,752.9,5.8,0.0
2025-02-03T04:00,11.0,95,0.0,752.7,5.5,0.0
2025-02-03T05:00,10.6,95,0.0,752.9,5.8,0.0
2025-02-03T06:00,10.2,97,0.0,753.2,4.5,0.0
2025-02-03T07:00,10.5,95,0.0,754.0,5.8,33.0
2025-02-03T08:00,13.5,81,0.0,756.3,3.2,178.0
2025-02-03T09:00,15.7,67,0.0,757.4,7.3,375.0
2025-02-03T10:00,17.4,57,0.0,758.2,6.9,527.0
2025-02-03T11:00,19.7,46,0.0,758.8,9.3,753.0
2025-02-03T12:00,21.4,38,0.0,758.3,10.3,940.0
2025-02-03T13:00,22.5,35,0.0,757.9,10.2,886.0
2025-02-03T14:00,22.5,36,0.0,756.7,12.0,858.0
2025-02-03T15:00,20.9,42,0.0,755.6,10.7,678.0
2025-02-03T16:00,19.5,51,0.0,754.6,11.7,392.0
2025-02-03T17:00,17.5,65,0.1,754.3,13.0,209.0
2025-02-03T18:00,15.9,77,0.1,754.0,7.4,58.0
2025-02-03T19:00,15.2,78,0.4,754.9,3.6,0.0
2025-02-03T20:00,14.5,86,0.1,755.3,3.6,0.0
2025-02-03T21:00,14.0,89,0.0,755.7,1.3,0.0
2025-02-03T22:00,13.4,92,0.1,755.9,4.5,0.0
2025-02-03T23:00,13.1,93,0.0,755.6,4.2,0.0
2025-02-04T00:00,12.9,94,0.5,755.7,2.1,0.0
2025-02-04T01:00,12.4,97,0.1,754.6,4.3,0.0
2025-02-04T02:00,12.2,96,0.0,754.1,3.8,0.0
2025-02-04T03:00,11.8,99,0.1,753.6,4.0,0.0
2025-02-04T04:00,11.9,96,0.0,753.7,3.0,0.0
2025-02-04T05:00,11.6,97,0.0,753.9,1.0,0.0
2025-02-04T06:00,11.0,99,0.0,754.0,1.3,0.0
2025-02-04T07:00,11.5,96,0.0,754.9,1.7,36.0
2025-02-04T08:00,14.2,79,0.0,756.6,4.3,211.0
2025-02-04T09:00,16.1,65,0.0,757.7,4.8,436.0
2025-02-04T10:00,18.2,53,0.0,758.4,5.7,664.0
2025-02-04T11:00,20.3,44,0.0,758.9,7.7,832.0
2025-02-04T12:00,22.1,37,0.0,758.7,6.7,892.0
2025-02-04T13:00,22.5,37,0.0,757.9,5.4,789.0
2025-02-04T14:00,22.2,38,0.0,756.8,5.5,686.0
2025-02-04T15:00,20.9,43,0.0,755.7,8.2,530.0
2025-02-04T16:00,18.5,56,0.1,754.7,10.5,275.0
2025-02-04T17:00,17.5,61,0.1,754.5,4.3,201.0
2025-02-04T18:00,16.1,69,0.1,754.6,9.5,81.0
2025-02-04T19:00,14.6,81,0.1,754.8,8.3,0.0
2025-02-04T20:00,15.3,71,0.0,755.9,4.6,0.0
2025-02-04T21:00,14.7,74,0.0,756.3,5.9,0.0
2025-02-04T22:00,14.1,77,0.0,756.8,5.9,0.0
2025-02-04T23:00,13.6,83,0.0,756.5,6.3,0.0
2025-02-05T00:00,13.0,88,0.0,756.2,4.2,0.0
2025-02-05T01:00,12.5,90,0.0,755.2,3.7,0.0
2025-02-05T02:00,12.4,90,0.0,754.9,2.6,0.0
2025-02-05T03:00,12.3,89,0.0,754.4,1.8,0.0
2025-02-05T04:00,12.3,88,0.0,754.3,2.6,0.0
2025-02-05T05:00,11.9,89,0.0,754.4,2.1,0.0
2025-02-05T06:00,11.5,91,0.0,754.7,2.5,0.0
2025-02-05T07:00,11.6,90,0.0,755.1,4.2,30.0
2025-02-05T08:00,13.9,78,0.0,757.0,4.2,172.0
2025-02-05T09:00,16.2,63,0.0,758.4,3.5,431.0
2025-02-05T10:00,18.4,50,0.0,759.1,4.2,631.0
2025-02-05T11:00,21.0,40,0.0,759.5,2.9,876.0
2025-02-05T12:00,22.0,37,0.0,758.9,3.4,849.0
2025-02-05T13:00,22.2,36,0.1,757.8,4.0,783.0
2025-02-05T14:00,22.5,35,0.1,756.8,5.9,797.0
2025-02-05T15:00,21.2,39,0.0,755.7,11.2,616.0
2025-02-05T16:00,17.9,64,0.2,754.4,15.3,307.0
2025-02-05T17:00,16.4,71,0.0,754.3,13.1,194.0
2025-02-05T18:00,15.6,76,0.0,754.2,7.1,75.0
2025-02-05T19:00,14.6,80,0.1,754.6,3.6,0.0
2025-02-05T20:00,14.7,83,0.0,754.7,1.4,0.0
2025-02-05T21:00,14.5,84,0.0,755.6,2.6,0.0
2025-02-05T22:00,14.3,84,0.0,755.9,3.7,0.0
2025-02-05T23:00,13.6,87,0.0,755.6,4.4,0.0
2025-02-06T00:00,12.7,90,0.0,755.1,6.8,0.0
2025-02-06T01:00,12.2,91,0.0,754.3,5.5,0.0
2025-02-06T02:00,11.9,92,0.0,753.7,4.5,0.0
2025-02-06T03:00,11.5,93,0.0,753.2,5.9,0.0
2025-02-06T04:00,11.1,94,0.0,753.0,5.7,0.0
2025-02-06T05:00,10.9,93,0.0,753.3,5.0,0.0
2025-02-06T06:00,10.9,92,0.0,753.9,3.1,0.0
2025-02-06T07:00,11.3,88,0.0,754.9,3.8,38.0
2025-02-06T08:00,13.7,79,0.0,756.7,0.6,257.0
2025-02-06T09:00,16.4,62,0.0,758.5,2.6,508.0
2025-02-06T10:00,18.5,51,0.0,759.3,3.8,638.0
2025-02-06T11:00,19.8,45,0.0,759.2,5.6,623.0
2025-02-06T12:00,21.2,40,0.0,759.0,7.1,743.0
2025-02-06T13:00,22.2,36,0.0,758.4,5.1,793.0
2025-02-06T14:00,23.0,34,0.1,757.6,4.2,894.0
2025-02-06T15:00,22.0,35,0.0,756.2,8.8,660.0
2025-02-06T16:00,19.8,51,0.0,755.1,15.9,454.0
2025-02-06T17:00,16.5,76,0.9,754.2,13.3,197.0
2025-02-06T18:00,15.2,82,0.7,754.3,4.5,44.0
2025-02-06T19:00,14.9,83,0.4,754.7,3.5,0.0
2025-02-06T20:00,14.5,81,1.7,755.5,2.8,0.0
2025-02-06T21:00,14.4,84,0.1,756.0,3.3,0.0
2025-02-06T22:00,13.4,95,0.0,755.5,3.6,0.0
2025-02-06T23:00,13.1,97,0.0,755.2,4.7,0.0
2025-02-07T00:00,13.0,97,0.0,755.1,5.2,0.0
2025-02-07T01:00,12.5,98,0.0,754.2,5.7,0.0
2025-02-07T02:00,12.5,97,0.0,753.6,5.2,0.0
2025-02-07T03:00,12.5,95,0.3,753.2,3.8,0.0
2025-02-07T04:00,12.5,96,0.6,753.2,1.9,0.0
2025-02-07T05:00,12.5,97,0.4,753.7,2.8,0.0
2025-02-07T06:00,12.4,96,0.1,754.2,3.6,0.0
2025-02-07T07:00,12.5,96,0.0,754.8,4.9,27.0
2025-02-07T08:00,14.0,86,0.1,756.3,5.3,121.0
2025-02-07T09:00,15.0,77,0.3,757.5,6.4,281.0
2025-02-07T10:00,17.3,65,0.4,758.6,6.1,628.0
2025-02-07T11:00,19.1,54,0.1,758.8,6.2,706.0
2025-02-07T12:00,20.7,47,0.1,758.4,7.5,772.0
2025-02-07T13:00,21.9,42,0.0,757.7,7.5,776.0
2025-02-07T14:00,21.6,41,0.0,756.9,4.0,721.0
2025-02-07T15:00,21.1,43,0.0,755.7,6.4,654.0
2025-02-07T16:00,19.3,50,0.0,755.0,10.1,445.0
2025-02-07T17:00,17.4,65,0.0,754.7,9.6,266.0
2025-02-07T18:00,16.0,71,0.0,754.9,4.4,52.0
2025-02-07T19:00,14.9,81,0.8,755.5,4.3,0.0
2025-02-07T20:00,14.7,80,0.2,756.4,2.2,0.0
2025-02-07T21:00,14.4,81,0.1,756.9,4.8,0.0
2025-02-07T22:00,14.0,83,0.1,756.9,4.3,0.0
2025-02-07T23:00,13.6,85,0.2,757.0,5.0,0.0
2025-02-08T00:00,13.0,88,0.1,756.6,6.5,0.0
2025-02-08T01:00,12.4,90,0.0,755.5,6.2,0.0
2025-02-08T02:00,11.8,91,0.0,754.5,5.5,0.0
2025-02-08T03:00,11.5,91,0.0,753.9,5.6,0.0
2025-02-08T04:00,11.4,90,0.0,754.1,6.7,0.0
2025-02-08T05:00,11.6,88,0.0,754.4,6.5,0.0
2025-02-08T06:00,11.3,90,0.0,754.5,5.1,0.0
2025-02-08T07:00,11.6,86,0.0,755.4,5.6,29.0
2025-02-08T08:00,12.8,85,0.0,756.9,4.5,121.0
2025-02-08T09:00,14.7,75,0.0,758.3,3.0,299.0
2025-02-08T10:00,16.5,66,0.0,759.0,2.5,450.0
2025-02-08T11:00,18.6,55,0.1,759.3,1.9,711.0
2025-02-08T12:00,19.7,49,0.1,758.6,5.8,705.0
2025-02-08T13:00,20.8,44,0.0,758.3,9.9,741.0
2025-02-08T14:00,20.6,44,0.0,757.1,9.4,546.0
2025-02-08T15:00,19.3,49,0.0,756.0,10.2,475.0
2025-02-08T16:00,18.8,51,0.0,755.6,8.2,302.0
2025-02-08T17:00,17.3,59,0.0,755.5,9.2,204.0
2025-02-08T18:00,15.9,71,0.0,755.3,4.7,63.0
2025-02-08T19:00,15.4,75,0.0,755.9,1.6,0.0
2025-02-08T20:00,14.1,89,0.4,756.3,2.4,0.0
2025-02-08T21:00,13.5,91,0.1,756.6,1.9,0.0
2025-02-08T22:00,13.3,91,0.4,757.0,1.0,0.0
2025-02-08T23:00,13.2,96,0.1,757.0,4.1,0.0
2025-02-09T00:00,12.5,99,0.0,756.3,1.5,0.0
2025-02-09T01:00,12.4,98,0.0,755.8,1.7,0.0
2025-02-09T02:00,12.1,99,0.0,755.3,4.1,0.0
2025-02-09T03:00,12.0,98,0.0,755.0,3.3,0.0
2025-02-09T04:00,11.8,97,0.0,754.7,3.1,0.0
2025-02-09T05:00,11.4,98,0.0,754.8,3.2,0.0
2025-02-09T06:00,11.3,98,0.0,755.1,3.9,0.0
2025-02-09T07:00,11.5,95,0.0,755.9,5.1,30.0
2025-02-09T08:00,13.6,85,0.0,757.6,4.3,162.0
2025-02-09T09:00,15.8,72,0.0,758.9,4.4,396.0
2025-02-09T10:00,18.0,60,0.0,759.7,2.1,611.0
2025-02-09T11:00,19.6,52,0.1,759.6,4.8,682.0
2025-02-09T12:00,19.8,48,0.0,759.0,8.5,525.0
2025-02-09T13:00,17.2,61,0.1,757.2,7.4,352.0
2025-02-09T14:00,18.8,55,0.0,757.3,6.0,605.0
2025-02-09T15:00,18.8,57,0.1,756.2,3.1,565.0
2025-02-09T16:00,19.6,54,0.0,756.4,9.3,551.0
2025-02-09T17:00,17.2,65,0.2,755.5,10.5,217.0
2025-02-09T18:00,14.5,86,4.8,755.2,8.9,64.0
2025-02-09T19:00,14.0,88,2.8,755.9,4.5,0.0
2025-02-09T20:00,13.7,91,1.3,756.8,2.2,0.0
2025-02-09T21:00,13.3,93,0.4,757.1,2.3,0.0
2025-02-09T22:00,12.7,98,0.0,757.1,3.0,0.0
2025-02-09T23:00,12.3,98,0.3,756.7,2.2,0.0
2025-02-10T00:00,11.8,99,0.2,756.2,1.9,0.0
2025-02-10T01:00,11.7,100,0.7,756.1,1.1,0.0
2025-02-10T02:00,11.6,99,0.7,755.4,1.3,0.0
2025-02-10T03:00,11.5,99,1.1,754.9,2.0,0.0
2025-02-10T04:00,11.5,100,0.8,754.8,0.4,0.0
2025-02-10T05:00,11.5,99,1.1,754.7,4.0,0.0
2025-02-10T06:00,11.1,99,0.6,754.6,2.7,0.0
2025-02-10T07:00,11.2,99,0.1,755.2,2.0,39.0
2025-02-10T08:00,13.0,89,0.0,757.5,3.2,142.0
2025-02-10T09:00,14.5,87,0.0,758.5,3.0,315.0
2025-02-10T10:00,16.3,75,0.0,759.2,3.1,509.0
2025-02-10T11:00,18.0,64,0.1,759.3,3.1,545.0
2025-02-10T12:00,18.3,59,0.2,758.6,7.0,598.0
2025-02-10T13:00,18.5,59,0.3,757.8,10.7,725.0
2025-02-10T14:00,18.3,59,0.1,756.7,4.6,523.0
2025-02-10T15:00,18.8,56,0.3,756.0,6.3,603.0
2025-02-10T16:00,16.4,71,0.8,754.9,7.4,317.0
2025-02-10T17:00,15.2,78,0.2,754.4,7.6,107.0
2025-02-10T18:00,14.5,85,0.9,754.5,1.5,43.0
2025-02-10T19:00,14.1,90,0.2,754.8,1.4,0.0
2025-02-10T20:00,13.2,96,0.2,754.5,2.6,0.0
2025-02-10T21:00,12.5,98,0.0,754.8,2.6,0.0
2025-02-10T22:00,11.7,100,0.5,754.8,0.8,0.0
2025-02-10T23:00,11.6,100,0.6,754.8,1.7,0.0
2025-02-11T00:00,11.5,100,0.2,754.7,1.0,0.0
2025-02-11T01:00,11.6,100,0.2,754.3,1.1,0.0
2025-02-11T02:00,11.8,100,0.1,753.7,0.6,0.0
2025-02-11T03:00,11.8,100,0.2,753.3,0.4,0.0
2025-02-11T04:00,11.8,98,0.0,752.9,1.2,0.0
2025-02-11T05:00,11.6,99,0.0,752.8,1.8,0.0
2025-02-11T06:00,11.5,99,0.0,753.1,1.5,0.0
2025-02-11T07:00,11.9,99,0.0,754.0,1.5,19.0
2025-02-11T08:00,13.4,88,0.2,755.7,5.2,110.0
2025-02-11T09:00,14.2,84,0.0,756.4,7.8,274.0
2025-02-11T10:00,16.3,70,0.0,757.6,8.4,481.0
2025-02-11T11:00,17.0,63,0.0,757.3,6.1,379.0
2025-02-11T12:00,18.0,61,0.1,757.1,5.4,630.0
2025-02-11T13:00,18.0,60,0.1,756.3,9.0,664.0
2025-02-11T14:00,17.6,69,2.2,755.4,9.8,661.0
2025-02-11T15:00,17.4,72,1.0,754.4,3.6,498.0
2025-02-11T16:00,16.3,75,1.9,753.6,7.4,221.0
2025-02-11T17:00,15.1,82,3.4,753.5,5.4,198.0
2025-02-11T18:00,14.1,88,0.1,753.4,3.0,59.0
2025-02-11T19:00,13.1,95,0.0,753.1,3.8,0.0
2025-02-11T20:00,13.1,95,0.5,754.2,0.6,0.0
2025-02-11T21:00,12.5,96,0.3,754.5,1.0,0.0
2025-02-11T22:00,12.5,100,0.3,755.0,1.4,0.0
2025-02-11T23:00,12.4,100,0.0,755.0,1.4,0.0
2025-02-12T00:00,11.9,100,0.0,754.4,2.2,0.0
2025-02-12T01:00,11.2,100,0.0,753.6,3.1,0.0
2025-02-12T02:00,11.0,100,0.0,752.9,3.7,0.0
2025-02-12T03:00,10.9,99,0.0,752.7,2.7,0.0
2025-02-12T04:00,10.7,98,0.0,752.8,1.9,0.0
2025-02-12T05:00,10.8,97,0.0,753.0,0.4,0.0
2025-02-12T06:00,10.7,98,0.0,753.4,1.3,0.0
2025-02-12T07:00,11.1,97,0.0,754.1,1.5,23.0
2025-02-12T08:00,13.2,87,0.0,756.0,3.6,195.0
2025-02-12T09:00,14.9,79,0.1,757.1,4.8,377.0
2025-02-12T10:00,17.3,65,0.1,758.0,3.6,675.0
2025-02-12T11:00,18.9,58,0.3,758.1,1.5,839.0
2025-02-12T12:00,19.7,56,0.3,757.6,1.8,835.0
2025-02-12T13:00,20.1,55,0.2,757.0,7.3,895.0
2025-02-12T14:00,19.1,60,0.4,755.7,10.3,735.0
2025-02-12T15:00,17.2,71,3.5,754.6,10.7,501.0
2025-02-12T16:00,15.5,84,1.4,754.0,4.9,222.0
2025-02-12T17:00,16.0,81,0.1,754.1,4.0,190.0
2025-02-12T18:00,14.8,86,0.9,753.7,3.8,53.0
2025-02-12T19:00,14.2,95,0.6,754.4,4.3,0.0
2025-02-12T20:00,13.4,97,0.0,754.7,1.9,0.0
2025-02-12T21:00,12.7,97,0.0,755.1,3.5,0.0
2025-02-12T22:00,12.8,96,0.1,755.8,4.3,0.0
2025-02-12T23:00,13.1,95,0.2,756.4,3.7,0.0
2025-02-13T00:00,12.7,96,0.1,756.0,1.7,0.0
2025-02-13T01:00,12.8,98,0.3,755.8,2.7,0.0
2025-02-13T02:00,12.4,96,0.3,755.1,4.4,0.0
2025-02-13T03:00,12.2,97,0.1,754.7,3.3,0.0
2025-02-13T04:00,12.1,97,0.1,754.7,2.5,0.0
2025-02-13T05:00,12.0,96,0.0,755.0,2.4,0.0
2025-02-13T06:00,11.8,98,0.0,755.3,3.1,0.0
2025-02-13T07:00,12.2,95,0.0,756.3,2.6,19.0
2025-02-13T08:00,13.5,90,0.1,757.7,3.2,133.0
2025-02-13T09:00,15.6,76,0.2,759.4,3.2,474.0
2025-02-13T10:00,16.8,69,0.2,759.9,2.4,615.0
2025-02-13T11:00,18.4,60,0.1,759.9,2.5,624.0
2025-02-13T12:00,19.1,58,0.1,759.3,6.9,648.0
2025-02-13T13:00,17.0,69,2.3,758.0,7.3,593.0
2025-02-13T14:00,17.8,63,1.3,757.6,4.5,553.0
2025-02-13T15:00,18.2,59,0.1,757.0,5.6,411.0
2025-02-13T16:00,17.2,63,0.2,756.6,3.8,369.0
2025-02-13T17:00,14.7,79,1.2,756.1,1.7,188.0
2025-02-13T18:00,13.5,90,0.6,756.1,5.0,42.0
2025-02-13T19:00,13.0,95,1.6,756.7,3.5,0.0
2025-02-13T20:00,12.4,92,0.0,756.6,3.0,0.0
2025-02-13T21:00,12.2,94,0.0,757.3,2.2,0.0
2025-02-13T22:00,12.2,95,0.0,757.8,3.1,0.0
2025-02-13T23:00,11.7,95,0.0,757.8,4.2,0.0
2025-02-14T00:00,11.7,97,0.1,757.6,2.1,0.0
2025-02-14T01:00,10.9,100,0.0,756.3,0.8,0.0
2025-02-14T02:00,11.1,99,0.0,756.0,0.6,0.0
2025-02-14T03:00,11.2,98,0.0,756.1,1.3,0.0
2025-02-14T04:00,11.1,98,0.0,755.7,1.3,0.0
2025-02-14T05:00,10.5,98,0.0,755.5,2.3,0.0
2025-02-14T06:00,10.1,98,0.0,755.9,3.2,0.0
2025-02-14T07:00,10.7,96,0.0,757.2,4.1,31.0
2025-02-14T08:00,12.6,86,0.0,758.8,4.1,187.0
2025-02-14T09:00,14.5,75,0.0,759.8,3.3,385.0
2025-02-14T10:00,16.1,67,0.0,760.4,2.9,489.0
2025-02-14T11:00,17.8,60,0.0,760.4,2.7,613.0
2025-02-14T12:00,19.2,55,0.2,760.0,3.3,866.0
2025-02-14T13:00,19.6,54,0.3,759.0,9.4,863.0
2025-02-14T14:00,16.9,70,1.0,757.5,12.5,609.0
2025-02-14T15:00,16.3,82,2.6,756.4,3.6,438.0
2025-02-14T16:00,17.2,72,1.7,756.0,8.6,460.0
2025-02-14T17:00,14.4,85,4.8,754.9,3.3,204.0
2025-02-14T18:00,14.1,86,0.3,755.1,1.5,73.0
2025-02-14T19:00,13.3,97,2.6,755.5,3.7,0.0
2025-02-14T20:00,12.8,96,1.9,756.2,1.5,0.0
2025-02-14T21:00,13.0,94,0.1,756.9,2.6,0.0
2025-02-14T22:00,12.7,96,0.1,756.9,0.2,0.0
2025-02-14T23:00,12.1,98,0.0,756.6,1.4,0.0
2025-02-15T00:00,12.0,100,0.0,756.3,1.5,0.0
2025-02-15T01:00,11.8,99,0.0,755.7,0.3,0.0
2025-02-15T02:00,11.8,100,0.0,755.2,1.9,0.0
2025-02-15T03:00,11.4,95,0.2,754.5,0.9,0.0
2025-02-15T04:00,11.2,98,0.0,753.9,0.7,0.0
2025-02-15T05:00,10.3,100,0.0,753.7,2.0,0.0
2025-02-15T06:00,10.3,99,0.0,754.2,2.5,0.0
2025-02-15T07:00,11.0,96,0.0,754.9,4.2,32.0
2025-02-15T08:00,13.1,88,0.0,757.0,2.8,243.0
2025-02-15T09:00,15.0,81,0.2,758.4,2.1,494.0
2025-02-15T10:00,16.5,75,0.1,758.9,2.3,629.0
2025-02-15T11:00,17.9,68,0.0,759.0,4.5,680.0
2025-02-15T12:00,18.3,65,0.2,758.1,8.7,871.0
2025-02-15T13:00,18.3,68,0.1,757.4,7.8,806.0
2025-02-15T14:00,18.4,68,0.1,756.5,10.1,813.0
2025-02-15T15:00,18.0,71,0.5,755.6,8.4,670.0
2025-02-15T16:00,17.1,71,2.0,754.7,8.9,450.0
2025-02-15T17:00,14.7,83,7.2,754.2,3.4,218.0
2025-02-15T18:00,14.3,87,0.4,753.7,1.6,74.0
2025-02-15T19:00,12.9,94,0.4,753.6,1.3,0.0
2025-02-15T20:00,13.0,92,0.2,754.6,1.1,0.0
2025-02-15T21:00,12.5,93,0.2,755.1,0.6,0.0
2025-02-15T22:00,12.6,91,0.0,755.6,0.6,0.0
2025-02-15T23:00,11.9,95,1.1,755.6,2.6,0.0
2025-02-16T00:00,11.3,97,0.2,755.0,1.1,0.0
2025-02-16T01:00,10.9,99,0.1,754.2,0.9,0.0
2025-02-16T02:00,11.3,98,0.1,754.1,0.2,0.0
2025-02-16T03:00,11.3,97,0.6,754.0,1.5,0.0
2025-02-16T04:00,11.0,98,0.0,753.5,0.8,0.0
2025-02-16T05:00,10.8,99,0.6,753.6,1.0,0.0
2025-02-16T06:00,10.5,100,0.1,753.8,1.8,0.0
2025-02-16T07:00,11.0,98,0.0,754.9,0.2,32.0
2025-02-16T08:00,12.4,92,0.0,756.5,3.8,117.0
2025-02-16T09:00,14.6,79,0.1,757.8,4.9,414.0
2025-02-16T10:00,16.7,66,0.0,758.6,4.8,597.0
2025-02-16T11:00,18.8,57,0.1,758.8,0.7,801.0
2025-02-16T12:00,19.7,55,0.1,758.5,3.5,884.0
2025-02-16T13:00,19.7,53,0.2,757.6,8.1,846.0
2025-02-16T14:00,18.7,60,0.3,756.3,10.8,606.0
2025-02-16T15:00,16.9,70,1.2,755.4,12.5,421.0
2025-02-16T16:00,15.8,78,3.6,754.7,3.9,290.0
2025-02-16T17:00,15.4,80,5.4,754.2,3.9,216.0
2025-02-16T18:00,13.9,90,2.7,754.3,1.0,84.0
2025-02-16T19:00,13.3,93,1.3,754.6,1.7,0.0
2025-02-16T20:00,12.5,98,0.0,754.7,1.8,0.0
2025-02-16T21:00,12.1,99,0.0,755.2,1.4,0.0
2025-02-16T22:00,11.8,100,0.0,755.7,0.6,0.0
2025-02-16T23:00,11.0,100,0.0,755.5,0.7,0.0
2025-02-17T00:00,11.1,100,0.0,755.3,1.1,0.0
2025-02-17T01:00,10.8,100,0.0,754.5,1.0,0.0
2025-02-17T02:00,10.7,96,0.3,754.1,0.4,0.0
2025-02-17T03:00,10.7,98,0.1,753.8,0.3,0.0
2025-02-17T04:00,10.3,100,0.0,753.4,0.5,0.0
2025-02-17T05:00,9.9,100,0.0,753.4,0.6,0.0
2025-02-17T06:00,9.3,100,0.0,753.3,2.2,0.0
2025-02-17T07:00,10.2,100,0.0,754.5,2.8,40.0
2025-02-17T08:00,12.6,90,0.1,756.8,5.9,160.0
2025-02-17T09:00,14.9,79,0.1,758.0,4.1,359.0
2025-02-17T10:00,16.7,67,0.1,758.6,2.3,641.0
2025-02-17T11:00,18.0,61,0.1,758.9,2.3,768.0
2025-02-17T12:00,18.8,59,0.2,758.3,3.0,789.0
2025-02-17T13:00,19.1,60,0.5,757.7,6.5,952.0
2025-02-17T14:00,19.2,56,0.2,756.4,6.3,601.0
2025-02-17T15:00,16.4,73,2.3,755.0,15.4,586.0
2025-02-17T16:00,16.0,78,0.3,754.6,6.3,318.0
2025-02-17T17:00,14.4,83,2.4,754.1,4.2,116.0
2025-02-17T18:00,14.3,85,0.5,754.5,3.2,62.0
2025-02-17T19:00,13.5,86,0.8,754.9,2.1,0.0
2025-02-17T20:00,13.2,96,0.0,755.4,0.2,0.0
2025-02-17T21:00,12.9,98,0.0,755.7,0.5,0.0
2025-02-17T22:00,12.7,98,0.0,755.8,2.9,0.0
2025-02-17T23:00,12.7,98,0.0,756.2,2.0,0.0
2025-02-18T00:00,12.1,97,0.0,755.6,3.0,0.0
2025-02-18T01:00,11.8,97,0.0,755.0,1.8,0.0
2025-02-18T02:00,10.9,100,0.0,754.0,2.7,0.0
2025-02-18T03:00,11.2,100,0.0,754.1,2.7,0.0
2025-02-18T04:00,11.1,98,0.0,754.0,2.1,0.0
2025-02-18T05:00,10.6,99,0.0,753.8,1.5,0.0
2025-02-18T06:00,9.6,100,0.0,753.5,1.2,0.0
2025-02-18T07:00,11.1,98,0.0,755.2,3.4,43.0
2025-02-18T08:00,12.8,86,0.0,757.1,3.4,204.0
2025-02-18T09:00,14.6,76,0.0,758.1,4.8,335.0
2025-02-18T10:00,16.8,64,0.0,759.0,5.2,591.0
2025-02-18T11:00,18.3,56,0.0,758.9,5.0,707.0
2025-02-18T12:00,19.4,52,0.0,758.4,5.5,702.0
2025-02-18T13:00,20.0,49,0.0,757.7,6.1,639.0
2025-02-18T14:00,20.7,48,0.0,756.9,8.5,746.0
2025-02-18T15:00,20.8,49,0.1,755.9,8.7,743.0
2025-02-18T16:00,19.6,52,0.2,755.3,8.2,433.0
2025-02-18T17:00,15.9,71,0.8,754.8,11.7,254.0
2025-02-18T18:00,14.2,89,0.4,754.8,7.9,56.0
2025-02-18T19:00,13.4,95,0.3,755.3,1.0,0.0
2025-02-18T20:00,13.1,95,0.0,755.4,3.0,0.0
2025-02-18T21:00,12.2,93,0.0,755.6,3.1,0.0
2025-02-18T22:00,11.9,95,0.0,755.7,3.4,0.0
2025-02-18T23:00,11.6,96,0.0,755.9,3.2,0.0
2025-02-19T00:00,11.1,98,0.0,755.8,4.6,0.0
2025-02-19T01:00,10.9,98,0.0,755.3,4.2,0.0
2025-02-19T02:00,10.1,99,0.0,754.6,3.1,0.0
2025-02-19T03:00,9.6,99,0.0,754.1,4.5,0.0
2025-02-19T04:00,9.2,99,0.0,753.7,3.1,0.0
2025-02-19T05:00,8.8,100,0.0,753.5,2.3,0.0
2025-02-19T06:00,8.6,100,0.0,754.0,3.2,0.0
2025-02-19T07:00,9.2,99,0.0,754.9,3.5,44.0
2025-02-19T08:00,12.4,87,0.0,757.7,2.5,264.0
2025-02-19T09:00,14.8,75,0.0,759.2,2.6,499.0
2025-02-19T10:00,16.9,65,0.0,759.8,1.2,703.0
2025-02-19T11:00,18.8,58,0.0,759.8,2.5,892.0
2025-02-19T12:00,20.3,51,0.0,759.2,2.5,953.0
2025-02-19T13:00,21.3,47,0.0,758.6,7.5,920.0
2025-02-19T14:00,21.8,45,0.1,757.4,10.3,765.0
2025-02-19T15:00,20.5,49,0.1,756.0,11.4,544.0
2025-02-19T16:00,17.5,68,0.4,755.2,11.7,333.0
2025-02-19T17:00,16.5,77,0.3,755.0,10.3,249.0
2025-02-19T18:00,15.5,84,0.1,754.9,4.5,95.0
2025-02-19T19:00,14.6,88,0.0,755.2,0.5,1.0
2025-02-19T20:00,14.4,88,0.0,756.3,2.8,0.0
2025-02-19T21:00,13.9,89,0.0,756.9,4.1,0.0
2025-02-19T22:00,13.5,92,0.0,756.9,4.9,0.0
2025-02-19T23:00,12.9,94,0.0,757.1,5.9,0.0
2025-02-20T00:00,12.1,95,0.0,756.3,5.9,0.0
2025-02-20T01:00,11.6,95,0.0,755.4,3.8,0.0
2025-02-20T02:00,11.2,95,0.0,754.7,4.3,0.0
2025-02-20T03:00,10.8,97,0.0,754.3,1.7,0.0
2025-02-20T04:00,10.0,99,0.0,753.6,2.1,0.0
2025-02-20T05:00,9.4,99,0.0,753.5,2.1,0.0
2025-02-20T06:00,9.2,99,0.0,753.7,1.9,0.0
2025-02-20T07:00,10.2,96,0.0,755.2,3.3,47.0
2025-02-20T08:00,13.0,87,0.0,757.9,2.3,269.0
2025-02-20T09:00,14.8,80,0.0,759.2,1.6,434.0
2025-02-20T10:00,16.6,73,0.2,759.7,2.8,674.0
2025-02-20T11:00,18.5,63,0.1,759.9,8.0,826.0
2025-02-20T12:00,19.8,54,0.1,759.4,9.9,824.0
2025-02-20T13:00,19.6,55,0.1,758.1,10.3,765.0
2025-02-20T14:00,20.4,52,0.1,757.4,6.2,763.0
2025-02-20T15:00,20.2,53,0.1,756.4,5.4,580.0
2025-02-20T16:00,20.3,52,0.1,756.0,5.5,451.0
2025-02-20T17:00,18.3,64,0.2,755.6,8.6,281.0
2025-02-20T18:00,15.6,85,0.9,755.3,8.5,98.0
2025-02-20T19:00,14.1,92,0.3,755.5,4.1,1.0
2025-02-20T20:00,13.3,93,0.1,755.7,0.8,0.0
2025-02-20T21:00,13.4,96,0.1,756.6,2.6,0.0
2025-02-20T22:00,12.9,97,0.0,756.6,3.1,0.0
2025-02-20T23:00,12.8,96,0.0,756.7,3.4,0.0
2025-02-21T00:00,12.6,94,0.0,756.6,2.1,0.0
2025-02-21T01:00,12.3,95,0.0,755.8,2.5,0.0
2025-02-21T02:00,11.4,98,0.0,754.8,2.4,0.0
2025-02-21T03:00,11.3,98,0.0,754.6,2.4,0.0
2025-02-21T04:00,10.5,99,0.0,753.8,1.5,0.0
2025-02-21T05:00,9.8,99,0.0,753.8,3.1,0.0
2025-02-21T06:00,10.1,97,0.0,754.7,2.3,0.0
2025-02-21T07:00,10.9,96,0.0,756.2,2.0,38.0
2025-02-21T08:00,13.1,88,0.0,758.1,3.1,213.0
2025-02-21T09:00,15.2,76,0.0,759.4,1.9,424.0
2025-02-21T10:00,17.4,64,0.0,760.2,2.2,677.0
2025-02-21T11:00,19.4,54,0.0,760.1,2.8,817.0
2025-02-21T12:00,20.4,49,0.0,759.6,8.7,876.0
2025-02-21T13:00,20.9,49,0.1,758.6,9.6,894.0
2025-02-21T14:00,21.0,53,0.2,757.7,7.3,800.0
2025-02-21T15:00,17.3,69,7.6,756.0,10.4,457.0
2025-02-21T16:00,17.0,71,0.8,755.7,6.6,379.0
2025-02-21T17:00,16.8,71,0.1,755.9,4.7,226.0
2025-02-21T18:00,15.1,84,0.4,755.5,1.8,74.0
2025-02-21T19:00,13.2,94,0.8,755.5,1.2,0.0
2025-02-21T20:00,14.3,82,0.0,756.6,4.8,0.0
2025-02-21T21:00,13.0,88,0.0,756.6,4.1,0.0
2025-02-21T22:00,12.5,92,0.0,757.0,3.2,0.0
2025-02-21T23:00,11.6,96,0.0,756.6,3.5,0.0
2025-02-22T00:00,10.9,98,0.0,756.1,2.5,0.0
2025-02-22T01:00,10.1,100,0.0,755.0,2.3,0.0
2025-02-22T02:00,10.2,100,0.0,754.9,0.7,0.0
2025-02-22T03:00,10.0,100,0.0,754.0,1.5,0.0
2025-02-22T04:00,9.4,100,0.0,753.6,0.4,0.0
2025-02-22T05:00,9.3,100,0.0,754.0,2.0,0.0
2025-02-22T06:00,9.2,98,0.0,754.3,2.4,0.0
2025-02-22T07:00,10.9,96,0.0,756.2,4.0,37.0
2025-02-22T08:00,12.8,93,0.1,757.9,1.5,119.0
2025-02-22T09:00,14.7,83,0.0,759.4,2.9,324.0
2025-02-22T10:00,16.1,76,0.0,759.9,3.9,427.0
2025-02-22T11:00,16.2,72,0.1,759.4,4.6,275.0
2025-02-22T12:00,17.6,69,0.1,759.1,3.7,545.0
2025-02-22T13:00,18.4,66,1.1,758.4,5.7,541.0
2025-02-22T14:00,17.0,70,10.4,756.8,4.9,620.0
2025-02-22T15:00,16.7,73,1.0,756.2,8.4,488.0
2025-02-22T16:00,16.6,73,0.2,755.8,5.0,326.0
2025-02-22T17:00,15.9,75,0.3,755.8,0.6,177.0
2025-02-22T18:00,14.4,88,1.4,755.6,3.6,56.0
2025-02-22T19:00,13.7,95,3.3,756.3,4.3,0.0
2025-02-22T20:00,13.1,93,0.0,756.7,2.5,0.0
2025-02-22T21:00,12.9,95,0.0,757.3,4.0,0.0
2025-02-22T22:00,12.8,95,0.0,757.9,3.4,0.0
2025-02-22T23:00,12.1,95,0.0,757.7,2.3,0.0
2025-02-23T00:00,11.9,95,0.0,757.2,1.0,0.0
2025-02-23T01:00,11.3,97,0.0,756.3,2.8,0.0
2025-02-23T02:00,11.6,97,0.0,756.0,4.0,0.0
2025-02-23T03:00,11.2,98,0.0,755.1,4.7,0.0
2025-02-23T04:00,10.2,98,0.0,754.2,4.1,0.0
2025-02-23T05:00,9.4,99,0.0,753.9,3.7,0.0
2025-02-23T06:00,9.2,100,0.0,754.2,3.4,0.0
2025-02-23T07:00,10.2,100,0.0,755.8,4.4,40.0
2025-02-23T08:00,12.9,91,0.0,758.0,2.3,163.0
2025-02-23T09:00,15.3,80,0.1,759.3,2.8,510.0
2025-02-23T10:00,17.0,72,0.2,759.9,1.9,640.0
2025-02-23T11:00,18.7,65,0.1,759.9,4.6,730.0
2025-02-23T12:00,19.4,61,0.0,759.2,5.6,619.0
2025-02-23T13:00,19.6,61,0.1,758.1,4.4,673.0
2025-02-23T14:00,18.3,68,6.1,756.6,5.6,566.0
2025-02-23T15:00,18.8,64,0.2,756.3,5.3,609.0
2025-02-23T16:00,17.4,70,3.1,755.5,7.1,323.0
2025-02-23T17:00,16.7,73,3.4,755.7,1.2,268.0
2025-02-23T18:00,15.2,80,1.1,755.5,1.6,56.0
2025-02-23T19:00,14.1,92,1.7,755.8,4.3,0.0
2025-02-23T20:00,13.9,96,1.4,756.3,1.8,0.0
2025-02-23T21:00,13.5,94,2.0,756.5,1.9,0.0
2025-02-23T22:00,13.2,97,0.0,756.8,2.1,0.0
2025-02-23T23:00,12.9,96,0.0,756.9,1.6,0.0
2025-02-24T00:00,12.6,97,0.0,756.6,2.4,0.0
2025-02-24T01:00,12.1,99,0.0,755.7,3.7,0.0
2025-02-24T02:00,11.6,98,0.0,754.9,4.8,0.0
2025-02-24T03:00,11.6,98,0.0,754.7,4.8,0.0
2025-02-24T04:00,11.5,99,0.0,754.4,2.9,0.0
2025-02-24T05:00,10.6,100,0.0,753.9,2.4,0.0
2025-02-24T06:00,10.0,100,0.0,754.0,2.9,0.0
2025-02-24T07:00,11.2,98,0.0,755.5,2.6,44.0
2025-02-24T08:00,13.2,93,0.0,757.3,4.0,181.0
2025-02-24T09:00,14.9,82,0.1,758.5,4.4,372.0
2025-02-24T10:00,16.7,71,0.2,759.3,5.8,602.0
2025-02-24T11:00,18.3,66,0.6,759.3,7.7,846.0
2025-02-24T12:00,19.4,61,0.6,758.7,10.4,873.0
2025-02-24T13:00,20.1,61,0.4,758.2,7.9,883.0
2025-02-24T14:00,20.2,60,0.0,756.8,5.2,784.0
2025-02-24T15:00,19.2,61,1.0,755.8,6.9,556.0
2025-02-24T16:00,15.9,83,4.6,754.9,6.9,362.0
2025-02-24T17:00,16.1,79,0.0,755.1,2.7,160.0
2025-02-24T18:00,15.0,85,0.2,755.5,4.0,57.0
2025-02-24T19:00,14.1,93,0.0,755.7,1.1,0.0
2025-02-24T20:00,14.3,90,0.0,756.1,2.5,0.0
2025-02-24T21:00,13.5,93,0.0,756.3,2.3,0.0
2025-02-24T22:00,12.8,95,0.1,756.2,2.0,0.0
2025-02-24T23:00,12.5,96,0.0,756.5,3.3,0.0
2025-02-25T00:00,11.7,96,0.0,755.6,3.1,0.0
2025-02-25T01:00,12.4,94,0.0,756.0,5.2,0.0
2025-02-25T02:00,11.9,95,0.0,755.1,4.4,0.0
2025-02-25T03:00,11.2,98,0.0,754.5,3.2,0.0
2025-02-25T04:00,10.7,98,0.0,754.1,2.5,0.0
2025-02-25T05:00,10.3,98,0.0,754.2,3.5,0.0
2025-02-25T06:00,10.1,97,0.0,755.0,4.4,0.0
2025-02-25T07:00,10.7,92,0.0,756.3,3.9,39.0
2025-02-25T08:00,12.3,91,0.0,757.8,3.5,168.0
2025-02-25T09:00,14.8,79,0.0,759.4,3.1,393.0
2025-02-25T10:00,17.0,71,0.0,759.8,3.2,620.0
2025-02-25T11:00,19.0,60,0.1,759.7,8.8,760.0
2025-02-25T12:00,19.9,56,0.3,758.9,8.5,874.0
2025-02-25T13:00,20.2,58,0.2,758.0,7.0,834.0
2025-02-25T14:00,19.2,59,0.0,756.6,9.4,478.0
2025-02-25T15:00,18.4,62,0.1,755.8,8.8,520.0
2025-02-25T16:00,17.9,66,0.2,755.4,5.2,341.0
2025-02-25T17:00,17.0,68,0.2,755.1,6.7,207.0
2025-02-25T18:00,14.2,88,3.7,755.1,7.9,47.0
2025-02-25T19:00,13.4,96,2.4,755.8,0.6,0.0
2025-02-25T20:00,12.9,98,0.0,756.2,2.2,0.0
2025-02-25T21:00,13.1,99,0.0,756.8,3.3,0.0
2025-02-25T22:00,12.6,97,0.0,757.0,0.9,0.0
2025-02-25T23:00,12.1,98,0.0,757.2,2.2,0.0
2025-02-26T00:00,11.7,98,0.0,757.0,3.7,0.0
2025-02-26T01:00,11.7,98,0.0,756.4,3.6,0.0
2025-02-26T02:00,10.7,100,0.0,755.4,2.4,0.0
2025-02-26T03:00,10.9,99,0.0,755.2,3.5,0.0
2025-02-26T04:00,10.2,100,0.0,754.4,2.3,0.0
2025-02-26T05:00,9.7,100,0.0,754.2,2.8,0.0
2025-02-26T06:00,9.3,100,0.0,754.5,1.7,0.0
2025-02-26T07:00,10.8,96,0.0,756.9,3.4,40.0
2025-02-26T08:00,12.9,89,0.0,758.4,1.3,235.0
2025-02-26T09:00,15.8,77,0.0,760.1,2.2,523.0
2025-02-26T10:00,18.0,67,0.0,760.8,1.9,738.0
2025-02-26T11:00,19.7,59,0.0,760.5,5.2,771.0
2025-02-26T12:00,20.4,57,0.1,759.9,2.3,855.0
2025-02-26T13:00,21.3,55,0.0,759.2,7.2,932.0
2025-02-26T14:00,19.3,64,3.3,757.4,9.6,640.0
2025-02-26T15:00,18.0,68,1.2,756.4,8.8,478.0
2025-02-26T16:00,16.4,77,0.0,755.7,7.6,331.0
2025-02-26T17:00,16.3,77,0.0,755.8,4.7,189.0
2025-02-26T18:00,15.3,81,0.5,756.0,1.5,75.0
2025-02-26T19:00,14.4,89,0.0,755.9,4.4,0.0
2025-02-26T20:00,13.3,93,0.0,755.7,2.1,0.0
2025-02-26T21:00,12.4,96,0.0,755.6,2.0,0.0
2025-02-26T22:00,12.3,97,0.1,756.2,1.9,0.0
2025-02-26T23:00,12.6,97,0.0,756.8,2.9,0.0
2025-02-27T00:00,12.1,98,0.0,756.4,3.8,0.0
2025-02-27T01:00,11.8,97,0.0,755.5,2.4,0.0
2025-02-27T02:00,11.5,97,0.0,754.7,1.1,0.0
2025-02-27T03:00,11.1,98,0.0,753.9,1.1,0.0
2025-02-27T04:00,11.0,99,0.0,754.0,2.0,0.0
2025-02-27T05:00,11.2,98,0.0,754.4,2.7,0.0
2025-02-27T06:00,11.2,99,0.0,755.0,2.7,0.0
2025-02-27T07:00,11.4,97,0.0,756.0,2.1,36.0
2025-02-27T08:00,13.8,90,0.0,757.7,2.5,212.0
2025-02-27T09:00,15.7,79,0.0,759.0,2.3,378.0
2025-02-27T10:00,17.7,68,0.0,759.7,2.2,616.0
2025-02-27T11:00,19.2,59,0.1,759.8,4.6,788.0
2025-02-27T12:00,20.1,57,0.1,759.5,7.8,854.0
2025-02-27T13:00,20.0,59,0.0,758.4,5.7,825.0
2025-02-27T14:00,18.7,67,2.0,756.6,9.6,527.0
2025-02-27T15:00,16.6,76,6.9,755.9,7.8,562.0
2025-02-27T16:00,17.9,70,0.1,755.5,2.8,456.0
2025-02-27T17:00,15.9,83,3.1,755.2,4.8,230.0
2025-02-27T18:00,14.9,88,0.2,755.2,4.8,90.0
2025-02-27T19:00,13.9,92,0.0,755.1,3.8,1.0
2025-02-27T20:00,13.1,97,0.0,755.7,0.9,0.0
2025-02-27T21:00,13.1,96,0.0,756.3,2.0,0.0
2025-02-27T22:00,12.5,96,0.0,756.4,1.8,0.0
2025-02-27T23:00,12.7,94,0.0,756.5,1.5,0.0
2025-02-28T00:00,11.9,95,0.0,755.6,1.9,0.0
2025-02-28T01:00,11.8,98,0.0,754.9,1.8,0.0
2025-02-28T02:00,11.9,100,0.0,754.5,1.8,0.0
2025-02-28T03:00,11.6,100,0.0,753.9,2.0,0.0
2025-02-28T04:00,11.3,99,0.0,753.6,2.6,0.0
2025-02-28T05:00,10.3,100,0.0,753.2,2.1,0.0
2025-02-28T06:00,10.3,100,0.0,753.8,2.2,0.0
2025-02-28T07:00,11.6,94,0.0,755.6,3.4,28.0
2025-02-28T08:00,13.4,87,0.0,757.0,3.2,152.0
2025-02-28T09:00,14.9,80,0.0,758.1,3.6,302.0
2025-02-28T10:00,16.4,73,0.1,758.6,7.9,513.0
2025-02-28T11:00,18.2,64,0.1,758.7,9.7,705.0
2025-02-28T12:00,19.2,58,0.3,758.0,10.7,821.0
2025-02-28T13:00,20.0,55,0.2,757.5,9.9,897.0
2025-02-28T14:00,20.3,54,0.2,756.3,8.0,816.0
2025-02-28T15:00,20.0,55,0.3,755.6,5.9,649.0
2025-02-28T16:00,19.0,59,0.2,755.1,8.4,465.0
2025-02-28T17:00,17.0,71,0.1,754.5,14.1,276.0
2025-02-28T18:00,14.8,88,0.0,754.4,6.8,82.0
2025-02-28T19:00,14.2,89,0.5,754.9,4.3,0.0
2025-02-28T20:00,14.3,90,0.0,755.8,2.9,0.0
2025-02-28T21:00,14.1,90,0.1,756.4,0.5,0.0
2025-02-28T22:00,13.8,92,0.0,756.5,3.1,0.0
2025-02-28T23:00,13.2,94,0.0,756.4,4.6,0.0
2025-03-01T00:00,13.3,93,0.0,756.3,5.0,0.0
2025-03-01T01:00,12.8,94,0.0,755.4,4.5,0.0
2025-03-01T02:00,12.3,93,0.0,754.4,4.7,0.0
2025-03-01T03:00,12.0,94,0.0,754.3,4.0,0.0
2025-03-01T04:00,11.3,95,0.0,753.5,3.9,0.0
2025-03-01T05:00,11.3,94,0.0,753.8,3.1,0.0
2025-03-01T06:00,10.7,94,0.0,753.8,1.2,0.0
2025-03-01T07:00,11.6,92,0.0,755.1,1.8,56.0
2025-03-01T08:00,13.0,87,0.0,756.8,4.0,183.0
2025-03-01T09:00,14.8,81,0.0,758.1,2.3,358.0
2025-03-01T10:00,17.3,68,0.0,758.9,5.9,640.0
2025-03-01T11:00,19.5,56,0.0,759.2,6.2,821.0
2025-03-01T12:00,20.7,50,0.1,758.5,4.8,941.0
2025-03-01T13:00,21.3,48,0.1,757.6,5.1,904.0
2025-03-01T14:00,20.7,50,0.2,756.5,7.8,833.0
2025-03-01T15:00,19.0,59,0.1,755.4,12.7,628.0
2025-03-01T16:00,17.4,71,0.3,754.8,10.1,408.0
2025-03-01T17:00,15.9,79,3.1,754.4,6.9,235.0
2025-03-01T18:00,15.0,83,0.1,754.5,2.7,75.0
2025-03-01T19:00,13.4,97,2.6,754.8,1.5,0.0
2025-03-01T20:00,13.5,98,1.9,755.6,2.1,0.0
2025-03-01T21:00,13.4,94,0.3,756.3,1.3,0.0
2025-03-01T22:00,12.9,98,1.1,756.4,1.0,0.0
2025-03-01T23:00,12.6,98,0.2,756.2,2.0,0.0
2025-03-02T00:00,12.4,99,0.5,756.0,1.3,0.0
2025-03-02T01:00,12.3,100,0.1,755.3,0.9,0.0
2025-03-02T02:00,11.8,100,0.0,754.7,1.9,0.0
2025-03-02T03:00,11.9,100,0.0,754.4,2.5,0.0
2025-03-02T04:00,11.5,100,0.0,753.7,1.9,0.0
2025-03-02T05:00,10.9,100,0.0,753.7,1.3,0.0
2025-03-02T06:00,10.7,100,0.0,754.1,3.0,0.0
2025-03-02T07:00,11.6,99,0.0,755.2,2.5,59.0
2025-03-02T08:00,13.4,94,0.0,757.3,2.5,140.0
2025-03-02T09:00,14.8,87,0.0,758.3,3.5,321.0
2025-03-02T10:00,16.8,78,0.0,759.3,4.4,578.0
2025-03-02T11:00,18.5,68,0.1,759.5,3.5,784.0
2025-03-02T12:00,19.7,60,0.0,758.7,4.6,713.0
2025-03-02T13:00,19.9,59,0.1,758.2,9.2,950.0
2025-03-02T14:00,18.1,67,0.1,756.6,12.4,627.0
2025-03-02T15:00,18.2,65,0.3,755.9,12.5,742.0
2025-03-02T16:00,17.5,70,0.5,755.2,6.7,448.0
2025-03-02T17:00,15.7,78,2.4,754.9,6.1,284.0
2025-03-02T18:00,14.8,88,0.4,754.9,3.9,90.0
2025-03-02T19:00,13.5,94,3.9,755.2,2.7,1.0
2025-03-02T20:00,13.4,97,0.3,756.3,3.5,0.0
2025-03-02T21:00,12.9,97,0.1,756.5,1.0,0.0
2025-03-02T22:00,12.5,97,0.0,756.2,0.7,0.0
2025-03-02T23:00,12.1,98,0.0,756.2,2.2,0.0
2025-03-03T00:00,11.7,100,0.0,755.7,1.1,0.0
2025-03-03T01:00,11.4,100,0.0,754.7,0.4,0.0
2025-03-03T02:00,11.3,100,0.0,754.3,0.4,0.0
2025-03-03T03:00,11.3,100,0.0,753.8,1.4,0.0
2025-03-03T04:00,11.0,99,0.0,753.4,2.4,0.0
2025-03-03T05:00,10.7,100,0.0,753.4,1.5,0.0
2025-03-03T06:00,10.6,100,0.0,753.7,0.4,0.0
2025-03-03T07:00,11.2,100,0.0,754.8,2.0,41.0
2025-03-03T08:00,12.6,94,1.0,756.9,3.3,133.0
2025-03-03T09:00,13.9,87,0.2,757.9,3.1,234.0
2025-03-03T10:00,16.0,80,0.1,759.0,1.8,473.0
2025-03-03T11:00,17.5,72,0.0,758.9,3.1,458.0
2025-03-03T12:00,18.5,65,0.1,758.6,6.8,567.0
2025-03-03T13:00,19.2,63,0.2,757.9,1.9,704.0
2025-03-03T14:00,18.8,64,1.5,756.7,8.9,676.0
2025-03-03T15:00,18.3,69,4.4,755.7,7.0,705.0
2025-03-03T16:00,17.0,74,2.9,754.9,9.7,414.0
2025-03-03T17:00,16.2,76,1.1,754.8,5.4,243.0
2025-03-03T18:00,14.3,91,3.1,754.7,4.3,68.0
2025-03-03T19:00,13.8,94,3.0,755.2,2.3,0.0
2025-03-03T20:00,12.9,99,0.3,755.6,1.9,0.0
2025-03-03T21:00,12.6,99,0.1,755.8,2.4,0.0
2025-03-03T22:00,12.7,99,0.1,756.3,4.9,0.0
2025-03-03T23:00,12.7,99,0.0,756.4,3.6,0.0
2025-03-04T00:00,12.5,99,0.0,755.8,4.1,0.0
2025-03-04T01:00,12.1,99,0.0,754.9,3.3,0.0
2025-03-04T02:00,11.9,99,0.0,754.4,2.2,0.0
2025-03-04T03:00,11.9,98,0.0,754.3,5.0,0.0
2025-03-04T04:00,11.6,98,0.0,754.3,5.2,0.0
2025-03-04T05:00,11.0,98,0.0,754.2,4.1,0.0
2025-03-04T06:00,10.7,98,0.0,754.4,2.6,0.0
2025-03-04T07:00,11.4,95,0.0,755.4,3.7,42.0
2025-03-04T08:00,13.1,91,0.0,756.8,2.0,151.0
2025-03-04T09:00,14.6,86,0.0,757.9,0.4,312.0
2025-03-04T10:00,16.0,80,0.1,758.4,1.4,419.0
2025-03-04T11:00,16.7,76,0.1,758.3,3.6,510.0
2025-03-04T12:00,18.1,69,0.1,757.6,4.3,611.0
2025-03-04T13:00,18.7,65,0.1,757.2,9.3,754.0
2025-03-04T14:00,19.2,61,0.1,756.4,5.1,675.0
2025-03-04T15:00,17.7,66,0.0,754.9,2.8,368.0
2025-03-04T16:00,16.1,75,2.5,754.5,5.9,318.0
2025-03-04T17:00,14.8,90,2.9,754.2,5.0,147.0
2025-03-04T18:00,13.7,93,2.9,754.5,1.5,54.0
2025-03-04T19:00,13.1,99,0.8,754.7,4.0,0.0
2025-03-04T20:00,13.6,98,0.3,755.8,1.7,0.0
2025-03-04T21:00,13.2,100,0.2,755.8,1.1,0.0
2025-03-04T22:00,12.9,99,0.1,756.0,0.7,0.0
2025-03-04T23:00,12.5,99,0.0,755.8,0.2,0.0
2025-03-05T00:00,12.1,99,0.0,755.3,0.0,0.0
2025-03-05T01:00,11.9,100,0.0,754.8,0.9,0.0
2025-03-05T02:00,11.4,100,0.0,754.1,1.4,0.0
2025-03-05T03:00,10.6,100,0.0,753.1,2.1,0.0
2025-03-05T04:00,10.4,100,0.0,752.8,1.0,0.0
2025-03-05T05:00,10.0,100,0.0,752.8,0.4,0.0
2025-03-05T06:00,9.7,99,0.0,753.0,2.7,0.0
2025-03-05T07:00,10.9,97,0.0,754.5,3.5,43.0
2025-03-05T08:00,13.6,87,0.0,756.5,2.2,177.0
2025-03-05T09:00,15.2,79,0.0,757.8,3.9,391.0
2025-03-05T10:00,17.0,68,0.0,758.3,2.6,666.0
2025-03-05T11:00,18.8,59,0.1,758.3,1.2,734.0
2025-03-05T12:00,19.0,57,0.2,757.8,8.7,788.0
2025-03-05T13:00,17.5,69,0.4,756.4,9.6,705.0
2025-03-05T14:00,18.7,69,0.1,756.1,6.5,770.0
2025-03-05T15:00,18.8,66,0.1,755.3,4.7,540.0
2025-03-05T16:00,16.3,74,1.6,754.5,10.5,380.0
2025-03-05T17:00,14.9,86,2.8,754.3,5.1,150.0
2025-03-05T18:00,13.9,89,0.8,754.2,5.8,45.0
2025-03-05T19:00,13.4,95,0.7,754.6,1.2,0.0
2025-03-05T20:00,13.6,92,1.4,755.4,3.1,0.0
2025-03-05T21:00,13.3,92,2.4,755.8,2.8,0.0
2025-03-05T22:00,13.0,94,2.2,756.3,1.0,0.0
2025-03-05T23:00,12.8,97,0.1,756.2,2.7,0.0
2025-03-06T00:00,12.4,98,0.1,755.9,1.2,0.0
2025-03-06T01:00,12.0,97,0.2,755.7,2.2,0.0
2025-03-06T02:00,12.0,99,0.2,755.2,1.2,0.0
2025-03-06T03:00,11.8,99,0.1,754.9,1.5,0.0
2025-03-06T04:00,11.5,100,0.1,754.6,3.0,0.0
2025-03-06T05:00,11.6,100,0.1,754.8,2.9,0.0
2025-03-06T06:00,11.1,100,0.8,755.1,2.5,0.0
2025-03-06T07:00,11.7,97,0.7,755.8,3.7,35.0
2025-03-06T08:00,12.7,96,0.2,757.0,2.3,109.0
2025-03-06T09:00,14.7,86,0.1,758.4,1.8,310.0
2025-03-06T10:00,16.6,78,0.1,759.2,5.0,492.0
2025-03-06T11:00,18.9,61,0.1,759.4,8.2,596.0
2025-03-06T12:00,18.7,60,0.0,758.5,10.4,595.0
2025-03-06T13:00,15.0,78,9.6,757.4,10.9,424.0
2025-03-06T14:00,15.3,81,1.3,756.5,3.7,251.0
2025-03-06T15:00,16.8,79,0.5,756.5,3.2,502.0
2025-03-06T16:00,17.5,72,0.1,756.6,4.8,456.0
2025-03-06T17:00,14.5,83,5.9,755.5,8.9,144.0
2025-03-06T18:00,13.3,92,0.7,755.9,1.8,29.0
2025-03-06T19:00,13.1,92,0.6,756.3,3.6,0.0
2025-03-06T20:00,12.9,89,0.8,757.4,3.6,0.0
2025-03-06T21:00,12.4,94,1.1,757.6,3.2,0.0
2025-03-06T22:00,12.3,96,0.3,757.8,3.5,0.0
2025-03-06T23:00,12.0,97,0.2,757.7,2.3,0.0
2025-03-07T00:00,12.0,97,0.2,757.6,1.9,0.0
2025-03-07T01:00,11.9,97,0.5,756.8,1.0,0.0
2025-03-07T02:00,11.6,98,0.2,756.1,0.4,0.0
2025-03-07T03:00,11.2,99,0.4,755.4,1.5,0.0
2025-03-07T04:00,11.0,99,0.2,755.4,1.1,0.0
2025-03-07T05:00,10.9,99,0.3,755.5,1.5,0.0
2025-03-07T06:00,10.8,100,0.5,755.7,1.3,0.0
2025-03-07T07:00,11.1,99,0.6,756.7,1.4,19.0
2025-03-07T08:00,13.9,88,0.0,759.1,1.1,229.0
2025-03-07T09:00,15.7,72,0.0,760.2,3.1,519.0
2025-03-07T10:00,16.8,69,0.0,760.7,1.9,533.0
2025-03-07T11:00,17.2,67,0.1,760.3,3.4,459.0
2025-03-07T12:00,17.1,71,3.7,759.8,4.4,593.0
2025-03-07T13:00,18.6,58,0.1,759.3,1.3,616.0
2025-03-07T14:00,18.4,61,0.2,758.7,4.7,669.0
2025-03-07T15:00,17.4,65,0.1,757.1,10.0,398.0
2025-03-07T16:00,17.3,64,0.0,757.0,10.2,421.0
2025-03-07T17:00,16.0,74,0.0,756.4,6.2,159.0
2025-03-07T18:00,14.2,86,0.6,756.5,8.6,50.0
2025-03-07T19:00,13.6,92,0.1,757.1,5.0,0.0
2025-03-07T20:00,13.4,96,0.1,757.8,1.5,0.0
2025-03-07T21:00,12.8,89,0.5,758.1,2.0,0.0
2025-03-07T22:00,12.7,95,0.0,758.3,3.1,0.0
2025-03-07T23:00,11.7,96,0.0,757.9,2.1,0.0
2025-03-08T00:00,11.2,98,0.0,757.3,2.7,0.0
2025-03-08T01:00,10.5,98,0.0,756.1,1.9,0.0
2025-03-08T02:00,10.4,99,0.0,755.4,2.6,0.0
2025-03-08T03:00,10.0,100,0.0,754.6,1.4,0.0
2025-03-08T04:00,9.3,100,0.0,754.4,1.7,0.0
2025-03-08T05:00,9.3,99,0.0,754.6,1.8,0.0
2025-03-08T06:00,8.8,99,0.0,754.6,2.1,0.0
2025-03-08T07:00,10.5,98,0.0,756.5,3.1,57.0
2025-03-08T08:00,13.1,88,0.0,758.8,3.2,232.0
2025-03-08T09:00,14.7,79,0.0,759.8,3.4,379.0
2025-03-08T10:00,16.5,70,0.1,760.4,3.6,538.0
2025-03-08T11:00,18.2,63,0.1,760.5,6.2,754.0
2025-03-08T12:00,19.7,56,0.2,760.1,2.2,957.0
2025-03-08T13:00,19.4,56,0.2,759.1,6.3,817.0
2025-03-08T14:00,19.9,55,0.1,758.6,8.3,895.0
2025-03-08T15:00,19.0,57,0.0,757.2,9.2,550.0
2025-03-08T16:00,17.1,68,0.0,756.5,14.1,366.0
2025-03-08T17:00,16.0,79,0.1,756.4,7.1,263.0
2025-03-08T18:00,15.2,80,0.3,756.3,2.5,85.0
2025-03-08T19:00,14.2,84,0.0,756.2,0.7,0.0
2025-03-08T20:00,12.0,96,0.1,756.0,2.7,0.0
2025-03-08T21:00,12.3,99,0.1,756.8,2.2,0.0
2025-03-08T22:00,12.8,97,0.0,757.7,6.2,0.0
2025-03-08T23:00,12.1,97,0.0,757.2,3.1,0.0
2025-03-09T00:00,12.0,98,0.0,757.1,3.0,0.0
2025-03-09T01:00,11.3,98,0.0,756.1,3.3,0.0
2025-03-09T02:00,11.0,98,0.0,755.2,2.3,0.0
2025-03-09T03:00,10.6,98,0.0,754.6,0.6,0.0
2025-03-09T04:00,10.2,99,0.0,754.2,1.0,0.0
2025-03-09T05:00,9.5,100,0.0,754.0,0.8,0.0
2025-03-09T06:00,9.2,100,0.0,754.4,1.0,0.0
2025-03-09T07:00,10.3,98,0.0,756.0,1.5,48.0
2025-03-09T08:00,12.6,87,0.0,758.1,5.0,199.0
2025-03-09T09:00,14.9,75,0.0,759.5,3.2,412.0
2025-03-09T10:00,17.2,63,0.0,760.6,2.8,645.0
2025-03-09T11:00,18.5,58,0.1,760.5,4.1,846.0
2025-03-09T12:00,19.6,53,0.1,759.9,6.3,970.0
2025-03-09T13:00,20.5,48,0.0,759.3,5.1,980.0
2025-03-09T14:00,20.8,47,0.1,758.3,2.7,849.0
2025-03-09T15:00,20.8,46,0.0,757.3,3.3,700.0
2025-03-09T16:00,20.4,47,0.0,756.5,7.0,518.0
2025-03-09T17:00,18.5,60,0.5,755.8,12.8,323.0
2025-03-09T18:00,15.5,80,0.2,755.2,11.4,99.0
2025-03-09T19:00,14.0,87,0.0,755.7,6.7,0.0
2025-03-09T20:00,13.4,93,0.1,756.3,3.5,0.0
2025-03-09T21:00,12.8,95,0.0,756.1,0.4,0.0
2025-03-09T22:00,12.8,97,0.0,757.0,1.3,0.0
2025-03-09T23:00,12.6,99,0.0,757.4,2.8,0.0
2025-03-10T00:00,12.3,98,0.0,757.1,4.5,0.0
2025-03-10T01:00,11.7,97,0.0,756.0,4.1,0.0
2025-03-10T02:00,11.1,97,0.0,755.2,4.1,0.0
2025-03-10T03:00,9.8,99,0.0,753.9,4.0,0.0
2025-03-10T04:00,9.8,99,0.0,753.9,3.5,0.0
2025-03-10T05:00,9.2,100,0.0,753.8,2.4,0.0
2025-03-10T06:00,9.0,99,0.0,754.3,0.9,0.0
2025-03-10T07:00,10.5,96,0.0,756.0,1.9,55.0
2025-03-10T08:00,12.1,88,0.0,758.0,3.8,224.0
2025-03-10T09:00,15.1,73,0.0,759.7,2.2,480.0
2025-03-10T10:00,17.0,63,0.0,760.3,1.9,708.0
2025-03-10T11:00,18.7,54,0.1,760.5,2.3,902.0
2025-03-10T12:00,20.0,47,0.0,760.0,5.4,952.0
2025-03-10T13:00,20.5,45,0.0,758.9,6.6,840.0
2025-03-10T14:00,20.7,46,0.0,757.8,9.2,842.0
2025-03-10T15:00,19.1,53,0.0,756.3,11.7,616.0
2025-03-10T16:00,17.7,65,0.2,755.8,11.0,495.0
2025-03-10T17:00,15.6,76,1.8,755.5,9.9,238.0
2025-03-10T18:00,14.4,84,1.3,755.4,2.9,75.0
2025-03-10T19:00,13.5,90,0.2,755.8,4.7,0.0
2025-03-10T20:00,12.9,98,0.0,756.2,0.3,0.0
2025-03-10T21:00,12.1,99,0.0,756.3,0.4,0.0
2025-03-10T22:00,11.6,100,0.0,756.5,3.1,0.0
2025-03-10T23:00,12.0,99,0.0,757.0,2.3,0.0
2025-03-11T00:00,11.5,100,0.0,756.0,2.2,0.0
2025-03-11T01:00,10.7,100,0.0,754.8,1.9,0.0
2025-03-11T02:00,9.8,100,0.0,754.0,2.2,0.0
2025-03-11T03:00,9.7,99,0.0,753.6,2.3,0.0
2025-03-11T04:00,9.7,100,0.0,753.7,2.1,0.0
2025-03-11T05:00,10.2,99,0.0,754.5,5.2,0.0
2025-03-11T06:00,10.4,97,0.0,755.0,2.9,0.0
2025-03-11T07:00,11.1,95,0.0,756.3,4.1,39.0
2025-03-11T08:00,12.8,89,0.0,757.6,3.0,184.0
2025-03-11T09:00,14.8,78,0.0,758.8,3.1,367.0
2025-03-11T10:00,16.7,68,0.0,759.6,1.5,657.0
2025-03-11T11:00,18.5,59,0.1,759.8,1.8,821.0
2025-03-11T12:00,20.1,52,0.1,759.4,2.9,979.0
2025-03-11T13:00,20.5,51,0.2,758.4,5.6,841.0
2025-03-11T14:00,19.9,51,0.1,757.3,8.0,753.0
2025-03-11T15:00,17.3,67,0.1,755.8,14.9,500.0
2025-03-11T16:00,16.9,74,1.4,755.5,9.0,439.0
2025-03-11T17:00,15.5,79,3.4,755.3,8.6,225.0
2025-03-11T18:00,14.0,92,1.9,755.5,5.2,61.0
2025-03-11T19:00,13.6,91,5.6,756.4,4.5,0.0
2025-03-11T20:00,13.6,95,1.8,757.5,3.1,0.0
2025-03-11T21:00,13.3,94,0.2,757.6,2.9,0.0
2025-03-11T22:00,13.3,95,0.7,758.0,2.7,0.0
2025-03-11T23:00,12.9,98,1.9,758.1,3.1,0.0
2025-03-12T00:00,12.7,97,1.4,757.5,1.2,0.0
2025-03-12T01:00,12.5,96,0.8,756.8,2.6,0.0
2025-03-12T02:00,12.6,96,0.8,756.6,2.0,0.0
2025-03-12T03:00,12.4,98,0.4,756.2,1.2,0.0
2025-03-12T04:00,12.0,99,0.0,756.0,0.5,0.0
2025-03-12T05:00,11.8,98,0.0,755.7,1.7,0.0
2025-03-12T06:00,11.5,97,0.0,755.9,1.0,0.0
2025-03-12T07:00,12.1,97,0.0,757.3,1.9,45.0
2025-03-12T08:00,13.6,88,0.0,759.1,2.6,163.0
2025-03-12T09:00,14.9,79,0.1,760.0,4.9,318.0
2025-03-12T10:00,16.8,71,0.2,760.8,5.6,632.0
2025-03-12T11:00,18.6,63,0.1,760.7,7.0,758.0
2025-03-12T12:00,19.1,60,0.1,760.3,9.6,819.0
2025-03-12T13:00,16.9,70,4.1,758.6,11.0,449.0
2025-03-12T14:00,18.0,63,0.1,758.2,7.1,626.0
2025-03-12T15:00,17.7,64,0.1,757.2,8.9,575.0
2025-03-12T16:00,17.0,70,0.1,756.3,10.5,510.0
2025-03-12T17:00,16.4,73,0.0,756.2,9.1,291.0
2025-03-12T18:00,15.5,77,0.0,756.1,6.3,80.0
2025-03-12T19:00,14.4,86,0.0,756.6,2.6,0.0
2025-03-12T20:00,13.7,88,0.1,756.8,2.3,0.0
2025-03-12T21:00,12.7,93,0.1,757.2,5.9,0.0
2025-03-12T22:00,11.6,98,0.0,756.7,3.0,0.0
2025-03-12T23:00,10.8,100,0.0,756.3,1.6,0.0
2025-03-13T00:00,10.6,100,0.0,755.8,1.0,0.0
2025-03-13T01:00,10.1,100,0.0,754.7,0.2,0.0
2025-03-13T02:00,10.1,100,0.0,754.2,2.4,0.0
2025-03-13T03:00,10.8,99,0.0,754.5,0.9,0.0
2025-03-13T04:00,10.2,99,0.0,754.5,2.1,0.0
2025-03-13T05:00,11.1,98,0.0,755.3,3.4,0.0
2025-03-13T06:00,11.3,97,0.0,756.2,2.2,0.0
2025-03-13T07:00,11.9,94,0.0,757.6,3.6,49.0
2025-03-13T08:00,13.4,91,0.1,758.5,1.4,112.0
2025-03-13T09:00,15.0,86,0.0,759.6,2.7,375.0
2025-03-13T10:00,17.2,75,0.0,760.8,3.4,688.0
2025-03-13T11:00,19.4,64,0.0,760.9,5.0,841.0
2025-03-13T12:00,18.0,65,0.9,759.2,12.3,518.0
2025-03-13T13:00,18.0,65,0.9,758.3,7.1,546.0
2025-03-13T14:00,19.6,56,0.0,757.8,0.6,640.0
2025-03-13T15:00,19.5,57,0.0,756.9,4.1,470.0
2025-03-13T16:00,18.9,59,0.1,756.2,3.0,432.0
2025-03-13T17:00,17.1,68,0.5,755.8,11.2,290.0
2025-03-13T18:00,15.1,86,0.3,755.8,4.1,63.0
2025-03-13T19:00,13.8,94,7.2,756.1,2.7,0.0
2025-03-13T20:00,13.9,96,3.4,756.9,0.4,0.0
2025-03-13T21:00,14.1,92,4.8,757.5,3.6,0.0
2025-03-13T22:00,13.3,96,0.6,757.1,1.5,0.0
2025-03-13T23:00,13.2,99,0.0,757.1,0.4,0.0
2025-03-14T00:00,13.0,98,0.0,756.4,2.0,0.0
2025-03-14T01:00,12.8,98,0.5,755.8,1.7,0.0
2025-03-14T02:00,12.7,94,0.3,755.4,1.7,0.0
2025-03-14T03:00,12.5,96,0.1,755.0,2.6,0.0
2025-03-14T04:00,12.6,98,0.2,755.0,4.2,0.0
2025-03-14T05:00,12.3,98,0.6,755.2,2.9,0.0
2025-03-14T06:00,12.2,99,0.4,755.6,2.3,0.0
2025-03-14T07:00,12.4,98,0.3,756.2,2.8,14.0
2025-03-14T08:00,13.3,91,0.0,757.7,1.1,128.0
2025-03-14T09:00,14.8,81,0.0,758.8,2.4,305.0
2025-03-14T10:00,16.5,70,0.0,759.3,2.9,430.0
2025-03-14T11:00,16.8,68,0.2,758.9,7.6,409.0
2025-03-14T12:00,18.4,61,0.1,758.7,4.3,658.0
2025-03-14T13:00,18.2,62,0.1,757.2,4.1,556.0
2025-03-14T14:00,18.6,59,0.1,756.2,8.0,597.0
2025-03-14T15:00,18.1,64,0.2,755.6,9.9,576.0
2025-03-14T16:00,18.1,67,0.2,755.3,8.5,538.0
2025-03-14T17:00,15.2,78,6.0,755.3,7.7,222.0
2025-03-14T18:00,14.3,87,0.1,755.2,3.2,32.0
2025-03-14T19:00,13.6,94,0.1,755.4,2.9,0.0
2025-03-14T20:00,13.2,91,0.1,755.8,2.4,0.0
2025-03-14T21:00,12.8,95,0.1,756.4,3.7,0.0
2025-03-14T22:00,12.2,97,0.4,756.3,0.8,0.0
2025-03-14T23:00,12.2,96,0.6,756.5,0.3,0.0
2025-03-15T00:00,12.1,98,0.3,756.0,0.5,0.0
2025-03-15T01:00,12.3,97,0.2,755.7,1.6,0.0
2025-03-15T02:00,12.2,98,0.4,754.7,1.9,0.0
2025-03-15T03:00,12.2,97,0.0,754.4,1.0,0.0
2025-03-15T04:00,12.2,97,0.0,754.6,2.5,0.0
2025-03-15T05:00,12.2,97,0.0,754.7,3.0,0.0
2025-03-15T06:00,11.7,98,0.0,755.0,3.5,0.0
2025-03-15T07:00,12.2,95,0.0,756.1,3.3,35.0
2025-03-15T08:00,13.7,88,0.0,757.5,3.3,236.0
2025-03-15T09:00,15.3,77,0.2,758.6,4.1,397.0
2025-03-15T10:00,17.6,65,0.5,759.4,5.7,718.0
2025-03-15T11:00,19.1,57,0.5,759.4,6.3,816.0
2025-03-15T12:00,19.8,53,0.1,758.9,10.0,843.0
2025-03-15T13:00,19.6,53,0.0,758.0,9.9,721.0
2025-03-15T14:00,20.1,51,0.0,757.1,8.3,742.0
2025-03-15T15:00,18.8,54,0.1,755.9,9.4,540.0
2025-03-15T16:00,18.2,59,0.1,755.4,9.2,489.0
2025-03-15T17:00,17.1,64,0.1,755.3,7.7,237.0
2025-03-15T18:00,16.0,72,0.0,755.0,5.6,69.0
2025-03-15T19:00,14.5,81,0.0,755.2,4.7,0.0
2025-03-15T20:00,13.2,93,0.0,756.0,7.1,0.0
2025-03-15T21:00,12.7,95,0.0,756.4,4.5,0.0
2025-03-15T22:00,12.1,96,0.0,756.3,2.4,0.0
2025-03-15T23:00,11.9,97,0.0,756.9,2.2,0.0
2025-03-16T00:00,11.8,97,0.0,756.8,2.4,0.0
2025-03-16T01:00,11.3,97,0.0,756.0,1.9,0.0
2025-03-16T02:00,10.8,98,0.0,755.4,2.4,0.0
2025-03-16T03:00,10.7,99,0.0,755.0,1.8,0.0
2025-03-16T04:00,10.1,100,0.0,754.6,1.9,0.0
2025-03-16T05:00,9.6,100,0.0,754.5,2.4,0.0
2025-03-16T06:00,9.1,100,0.0,754.5,1.7,0.0
2025-03-16T07:00,10.9,98,0.0,756.8,1.8,64.0
2025-03-16T08:00,13.2,90,0.0,758.9,3.4,276.0
2025-03-16T09:00,15.4,76,0.1,760.0,1.1,529.0
2025-03-16T10:00,16.8,69,0.3,760.6,6.0,642.0
2025-03-16T11:00,18.1,61,0.1,760.5,8.2,840.0
2025-03-16T12:00,19.4,58,0.2,759.8,9.3,887.0
2025-03-16T13:00,20.1,55,0.3,759.0,8.9,857.0
2025-03-16T14:00,18.3,67,8.4,757.9,6.5,743.0
2025-03-16T15:00,17.8,66,2.8,756.9,6.8,477.0
2025-03-16T16:00,17.6,67,0.5,757.1,10.9,414.0
2025-03-16T17:00,16.6,73,0.0,756.6,5.3,167.0
2025-03-16T18:00,15.2,83,0.0,756.5,0.9,68.0
2025-03-16T19:00,14.2,89,0.0,756.6,1.4,0.0
2025-03-16T20:00,12.9,93,0.3,757.2,8.6,0.0
2025-03-16T21:00,12.6,95,0.0,757.8,3.7,0.0
2025-03-16T22:00,12.2,97,0.0,758.1,3.6,0.0
2025-03-16T23:00,11.6,98,0.0,757.7,1.0,0.0
2025-03-17T00:00,10.7,100,0.0,757.0,2.2,0.0
2025-03-17T01:00,10.3,100,0.0,756.4,0.9,0.0
2025-03-17T02:00,10.2,99,0.0,756.1,0.6,0.0
2025-03-17T03:00,10.3,98,0.0,755.7,1.5,0.0
2025-03-17T04:00,9.8,99,0.0,755.4,1.7,0.0
2025-03-17T05:00,9.5,100,0.0,755.3,1.2,0.0
2025-03-17T06:00,8.9,100,0.0,755.0,2.0,0.0
2025-03-17T07:00,10.6,97,0.1,757.3,3.5,45.0
2025-03-17T08:00,12.9,93,0.1,759.3,2.5,154.0
2025-03-17T09:00,14.7,82,0.1,760.4,2.7,418.0
2025-03-17T10:00,16.4,72,0.1,761.1,3.6,572.0
2025-03-17T11:00,17.5,65,0.1,761.0,6.5,658.0
2025-03-17T12:00,19.2,55,0.1,760.7,9.5,795.0
2025-03-17T13:00,20.1,51,0.1,760.0,9.6,809.0
2025-03-17T14:00,19.4,56,0.2,758.7,9.6,727.0
2025-03-17T15:00,19.0,57,0.2,757.8,9.8,557.0
2025-03-17T16:00,17.1,66,0.1,756.9,11.0,357.0
2025-03-17T17:00,15.9,75,0.2,756.6,7.8,205.0
2025-03-17T18:00,14.9,82,0.2,756.9,4.2,77.0
2025-03-17T19:00,13.7,88,0.7,757.4,5.8,0.0
2025-03-17T20:00,12.8,92,0.3,757.5,1.4,0.0
2025-03-17T21:00,13.1,93,0.2,758.2,0.7,0.0
2025-03-17T22:00,12.4,97,0.1,758.2,0.4,0.0
2025-03-17T23:00,11.9,97,0.0,757.8,2.1,0.0
2025-03-18T00:00,11.5,97,0.0,757.3,0.7,0.0
2025-03-18T01:00,12.1,98,0.0,757.4,3.7,0.0
2025-03-18T02:00,11.7,98,0.0,756.6,1.3,0.0
2025-03-18T03:00,11.3,98,0.0,755.8,1.5,0.0
2025-03-18T04:00,10.9,99,0.0,755.8,4.0,0.0
2025-03-18T05:00,10.6,98,0.0,755.8,2.3,0.0
2025-03-18T06:00,10.4,98,0.0,756.3,4.6,0.0
2025-03-18T07:00,10.8,98,0.0,757.0,3.0,50.0
2025-03-18T08:00,13.1,93,0.0,759.0,2.1,198.0
2025-03-18T09:00,14.9,83,0.0,760.1,2.0,386.0
2025-03-18T10:00,16.9,68,0.1,760.8,2.8,594.0
2025-03-18T11:00,18.9,58,0.1,760.8,1.9,794.0
2025-03-18T12:00,19.5,55,0.1,760.0,2.7,643.0
2025-03-18T13:00,18.1,65,2.5,758.8,10.4,846.0
2025-03-18T14:00,17.3,69,2.1,757.4,6.2,587.0
2025-03-18T15:00,18.1,62,0.1,756.7,3.3,462.0
2025-03-18T16:00,17.1,66,0.5,756.3,9.3,455.0
2025-03-18T17:00,16.1,75,0.3,756.2,5.2,264.0
2025-03-18T18:00,13.7,94,2.8,756.1,3.2,75.0
2025-03-18T19:00,13.6,94,0.5,756.8,1.2,0.0
2025-03-18T20:00,13.0,96,5.0,757.4,2.4,0.0
2025-03-18T21:00,12.9,96,0.4,757.9,3.6,0.0
2025-03-18T22:00,12.3,98,0.1,757.6,1.7,0.0
2025-03-18T23:00,12.0,99,0.0,757.5,1.6,0.0
2025-03-19T00:00,11.2,100,0.0,756.4,1.5,0.0
2025-03-19T01:00,10.7,100,0.0,755.4,2.0,0.0
2025-03-19T02:00,10.3,100,0.0,754.8,3.7,0.0
2025-03-19T03:00,9.7,100,0.0,754.1,2.3,0.0
2025-03-19T04:00,9.3,100,0.0,753.7,2.8,0.0
2025-03-19T05:00,9.0,100,0.0,753.6,4.4,0.0
2025-03-19T06:00,8.9,100,0.0,754.1,4.2,0.0
2025-03-19T07:00,10.2,99,0.0,755.5,3.3,61.0
2025-03-19T08:00,13.4,89,0.0,758.0,1.8,255.0
2025-03-19T09:00,15.6,76,0.0,759.3,2.5,506.0
2025-03-19T10:00,17.2,67,0.0,759.7,3.2,606.0
2025-03-19T11:00,18.9,59,0.2,759.8,6.4,897.0
2025-03-19T12:00,19.7,55,0.1,759.2,9.9,844.0
2025-03-19T13:00,20.3,52,0.3,758.2,9.4,810.0
2025-03-19T14:00,21.1,51,0.2,757.2,10.3,868.0
2025-03-19T15:00,19.9,57,0.3,756.2,7.6,734.0
2025-03-19T16:00,18.2,66,2.3,755.5,3.4,362.0
2025-03-19T17:00,17.0,71,1.7,755.4,5.8,221.0
2025-03-19T18:00,14.2,94,1.7,755.3,3.2,56.0
2025-03-19T19:00,14.1,96,0.2,755.6,2.6,0.0
2025-03-19T20:00,13.9,97,0.3,756.5,2.4,0.0
2025-03-19T21:00,13.5,98,0.1,757.4,4.7,0.0
2025-03-19T22:00,13.2,94,0.0,757.9,2.8,0.0
2025-03-19T23:00,12.3,94,0.0,757.4,3.4,0.0
2025-03-20T00:00,11.6,97,0.0,756.5,1.0,0.0
2025-03-20T01:00,10.8,98,0.0,755.7,2.9,0.0
2025-03-20T02:00,11.1,98,0.0,755.2,3.0,0.0
2025-03-20T03:00,10.2,98,0.0,754.5,3.0,0.0
2025-03-20T04:00,10.4,97,0.0,754.6,2.2,0.0
2025-03-20T05:00,10.4,96,0.0,754.8,2.0,0.0
2025-03-20T06:00,9.7,96,0.0,754.9,2.7,0.0
2025-03-20T07:00,11.5,94,0.0,757.1,3.3,58.0
2025-03-20T08:00,13.7,88,0.0,758.2,1.9,252.0
2025-03-20T09:00,15.5,79,0.4,759.5,3.1,429.0
2025-03-20T10:00,16.1,75,0.2,759.9,4.7,461.0
2025-03-20T11:00,17.2,71,0.1,760.0,5.5,595.0
2025-03-20T12:00,17.1,70,0.0,759.2,8.2,467.0
2025-03-20T13:00,16.8,73,0.3,758.0,10.6,521.0
2025-03-20T14:00,16.8,71,0.1,756.8,6.8,446.0
2025-03-20T15:00,17.1,70,0.0,756.3,11.5,590.0
2025-03-20T16:00,15.8,76,0.4,755.7,12.8,333.0
2025-03-20T17:00,15.5,78,0.1,756.1,6.0,235.0
2025-03-20T18:00,13.7,90,0.9,755.8,4.8,74.0
2025-03-20T19:00,12.5,96,0.0,755.9,1.6,0.0
2025-03-20T20:00,13.1,90,0.0,757.4,1.5,0.0
2025-03-20T21:00,12.6,96,0.0,757.3,2.9,0.0
2025-03-20T22:00,12.2,97,0.0,757.7,3.0,0.0
2025-03-20T23:00,11.8,96,0.1,757.5,1.4,0.0
2025-03-21T00:00,11.7,97,0.0,757.1,1.1,0.0
2025-03-21T01:00,10.9,100,0.0,755.9,1.0,0.0
2025-03-21T02:00,10.4,100,0.0,755.1,2.1,0.0
2025-03-21T03:00,10.5,99,0.0,755.0,1.0,0.0
2025-03-21T04:00,10.3,100,0.0,754.4,2.0,0.0
2025-03-21T05:00,10.2,99,0.0,754.5,2.4,0.0
2025-03-21T06:00,9.7,100,0.0,754.7,2.2,0.0
2025-03-21T07:00,11.6,98,0.0,756.8,3.0,59.0
2025-03-21T08:00,13.6,85,0.0,758.7,2.2,256.0
2025-03-21T09:00,15.6,74,0.0,759.9,3.9,482.0
2025-03-21T10:00,17.6,65,0.0,760.5,5.5,692.0
2025-03-21T11:00,18.7,59,0.2,760.3,6.9,768.0
2025-03-21T12:00,19.4,56,0.2,759.6,9.5,906.0
2025-03-21T13:00,19.9,58,0.0,758.7,9.6,913.0
2025-03-21T14:00,19.4,61,0.2,757.4,12.8,764.0
2025-03-21T15:00,19.8,59,0.0,756.9,12.7,728.0
2025-03-21T16:00,19.5,58,0.0,756.3,13.7,554.0
2025-03-21T17:00,18.2,64,0.0,756.1,12.6,338.0
2025-03-21T18:00,16.3,75,0.0,756.2,5.3,84.0
2025-03-21T19:00,14.9,82,0.0,756.5,4.3,0.0
2025-03-21T20:00,14.4,82,0.0,757.5,5.6,0.0
2025-03-21T21:00,13.2,90,0.0,757.7,4.7,0.0
2025-03-21T22:00,12.6,93,0.0,758.2,4.2,0.0
2025-03-21T23:00,12.2,95,0.0,758.0,2.7,0.0
2025-03-22T00:00,11.9,95,0.0,757.5,2.5,0.0
2025-03-22T01:00,11.3,96,0.0,756.5,2.3,0.0
2025-03-22T02:00,11.2,97,0.0,755.7,3.1,0.0
2025-03-22T03:00,10.8,97,0.0,755.2,2.2,0.0
2025-03-22T04:00,11.3,97,0.1,755.4,1.6,0.0
2025-03-22T05:00,10.9,98,0.0,755.3,2.2,0.0
2025-03-22T06:00,10.5,97,0.0,755.1,2.6,0.0
2025-03-22T07:00,12.2,94,0.0,756.8,2.7,53.0
2025-03-22T08:00,14.2,82,0.0,758.2,5.8,217.0
2025-03-22T09:00,15.9,72,0.1,759.5,8.5,409.0
2025-03-22T10:00,16.8,64,0.0,760.0,10.0,440.0
2025-03-22T11:00,18.2,57,0.0,760.1,10.5,740.0
2025-03-22T12:00,19.7,53,0.0,759.8,11.1,970.0
2025-03-22T13:00,19.9,52,0.0,758.7,13.1,871.0
2025-03-22T14:00,19.6,52,0.0,757.5,9.5,691.0
2025-03-22T15:00,19.6,54,0.0,756.6,8.9,665.0
2025-03-22T16:00,18.4,59,0.0,756.0,11.0,468.0
2025-03-22T17:00,17.2,64,0.0,755.8,7.8,298.0
2025-03-22T18:00,15.5,74,0.0,755.5,5.4,101.0
2025-03-22T19:00,14.5,80,0.0,755.9,5.0,0.0
2025-03-22T20:00,13.1,82,0.0,756.1,5.4,0.0
2025-03-22T21:00,12.3,87,0.0,756.3,4.0,0.0
2025-03-22T22:00,11.3,93,0.0,756.1,3.1,0.0
2025-03-22T23:00,10.4,94,0.0,755.2,3.6,0.0
2025-03-23T00:00,9.8,95,0.0,754.6,3.1,0.0
2025-03-23T01:00,9.3,96,0.0,753.9,3.1,0.0
2025-03-23T02:00,8.7,96,0.0,753.1,3.6,0.0
2025-03-23T03:00,8.4,96,0.0,752.7,3.9,0.0
2025-03-23T04:00,8.0,96,0.0,752.7,3.9,0.0
2025-03-23T05:00,7.8,96,0.0,752.8,3.8,0.0
2025-03-23T06:00,7.4,96,0.0,752.9,3.8,0.0
2025-03-23T07:00,9.2,93,0.0,754.8,2.4,83.0
2025-03-23T08:00,13.3,76,0.0,757.8,2.5,288.0
2025-03-23T09:00,16.7,60,0.0,759.5,7.9,588.0
2025-03-23T10:00,18.3,54,0.0,760.1,9.8,701.0
2025-03-23T11:00,18.2,58,0.0,759.6,10.4,687.0
2025-03-23T12:00,18.9,58,0.0,759.3,9.8,847.0
2025-03-23T13:00,19.2,57,0.4,758.6,10.3,886.0
2025-03-23T14:00,19.1,57,0.2,757.5,11.2,766.0
2025-03-23T15:00,19.3,57,0.1,757.0,11.2,731.0
2025-03-23T16:00,18.4,60,0.0,756.0,10.3,505.0
2025-03-23T17:00,17.5,63,0.0,755.7,10.9,337.0
2025-03-23T18:00,15.5,73,0.0,755.0,9.5,103.0
2025-03-23T19:00,14.1,80,0.0,755.2,8.8,0.0
2025-03-23T20:00,12.6,84,0.0,755.3,3.1,0.0
2025-03-23T21:00,11.5,90,0.0,755.2,3.1,0.0
2025-03-23T22:00,10.7,94,0.0,755.3,3.2,0.0
2025-03-23T23:00,9.9,97,0.0,754.9,2.5,0.0
2025-03-24T00:00,9.0,98,0.0,754.1,2.2,0.0
2025-03-24T01:00,8.6,98,0.0,753.5,2.7,0.0
2025-03-24T02:00,8.3,97,0.0,752.7,3.1,0.0
2025-03-24T03:00,8.1,97,0.0,752.7,4.2,0.0
2025-03-24T04:00,7.9,96,0.0,752.4,4.4,0.0
2025-03-24T05:00,7.6,97,0.0,752.3,2.4,0.0
2025-03-24T06:00,7.3,97,0.0,752.5,2.3,0.0
2025-03-24T07:00,9.3,94,0.0,754.7,2.3,67.0
2025-03-24T08:00,13.1,73,0.0,757.8,3.3,344.0
2025-03-24T09:00,16.3,60,0.0,759.4,7.2,597.0
2025-03-24T10:00,17.8,56,0.0,759.9,7.9,652.0
2025-03-24T11:00,18.2,57,0.0,759.5,7.6,635.0
2025-03-24T12:00,19.2,54,0.0,759.2,6.2,745.0
2025-03-24T13:00,19.1,56,0.2,758.4,10.0,789.0
2025-03-24T14:00,19.0,57,0.2,757.5,10.9,854.0
2025-03-24T15:00,19.0,57,0.1,756.7,10.8,707.0
2025-03-24T16:00,18.7,58,0.1,756.4,10.3,527.0
2025-03-24T17:00,17.7,62,0.0,756.0,10.8,329.0
2025-03-24T18:00,15.9,71,0.0,755.3,9.7,90.0
2025-03-24T19:00,14.5,78,0.0,755.2,5.0,0.0
2025-03-24T20:00,13.1,85,0.0,755.5,3.4,0.0
2025-03-24T21:00,12.1,91,0.0,755.7,2.9,0.0
2025-03-24T22:00,11.3,95,0.0,755.8,2.5,0.0
2025-03-24T23:00,10.5,97,0.0,755.5,1.5,0.0
2025-03-25T00:00,9.9,97,0.0,754.9,0.8,0.0
2025-03-25T01:00,9.6,97,0.0,754.3,1.9,0.0
2025-03-25T02:00,9.1,98,0.0,753.7,3.1,0.0
2025-03-25T03:00,8.6,98,0.0,753.4,3.9,0.0
2025-03-25T04:00,8.4,97,0.0,753.1,4.2,0.0
2025-03-25T05:00,8.4,96,0.0,753.6,4.4,0.0
2025-03-25T06:00,8.0,97,0.0,753.7,3.8,0.0
2025-03-25T07:00,9.6,92,0.0,755.4,2.8,74.0
2025-03-25T08:00,12.8,79,0.0,758.3,1.2,321.0
2025-03-25T09:00,15.4,69,0.0,759.6,1.3,577.0
2025-03-25T10:00,18.0,58,0.0,760.5,4.4,814.0
2025-03-25T11:00,19.1,50,0.0,760.1,9.9,915.0
2025-03-25T12:00,19.1,49,0.0,759.3,13.2,849.0
2025-03-25T13:00,20.3,48,0.0,759.0,14.2,1040.0
2025-03-25T14:00,20.3,47,0.0,757.8,15.2,847.0
2025-03-25T15:00,20.1,47,0.0,756.6,14.0,644.0
2025-03-25T16:00,20.2,47,0.0,756.1,14.4,537.0
2025-03-25T17:00,19.3,51,0.0,756.1,11.0,295.0
2025-03-25T18:00,16.5,67,0.0,756.2,8.1,85.0
2025-03-25T19:00,15.2,80,0.0,756.7,5.0,0.0
2025-03-25T20:00,14.3,83,0.0,756.8,1.6,0.0
2025-03-25T21:00,13.3,89,0.0,756.9,4.2,0.0
2025-03-25T22:00,12.2,94,0.0,756.7,3.6,0.0
2025-03-25T23:00,11.2,97,0.0,756.6,4.8,0.0
2025-03-26T00:00,10.7,98,0.0,756.1,4.7,0.0
2025-03-26T01:00,9.8,100,0.0,755.0,0.7,0.0
2025-03-26T02:00,9.5,100,0.0,754.5,2.9,0.0
2025-03-26T03:00,8.9,100,0.0,754.1,4.7,0.0
2025-03-26T04:00,8.9,100,0.0,754.1,1.3,0.0
2025-03-26T05:00,8.8,100,0.0,754.2,1.9,0.0
2025-03-26T06:00,8.4,100,0.0,754.4,3.9,0.0
2025-03-26T07:00,9.4,98,0.0,755.8,3.7,65.0
2025-03-26T08:00,12.4,85,0.0,758.4,2.6,269.0
2025-03-26T09:00,14.9,73,0.0,759.8,2.9,514.0
2025-03-26T10:00,17.4,65,0.0,760.5,0.9,755.0
2025-03-26T11:00,19.0,58,0.0,760.3,1.8,878.0
2025-03-26T12:00,19.9,52,0.1,759.8,5.1,949.0
2025-03-26T13:00,20.9,48,0.0,759.2,10.4,916.0
2025-03-26T14:00,21.3,46,0.0,758.2,10.1,899.0
2025-03-26T15:00,21.6,44,0.0,757.1,8.1,757.0
2025-03-26T16:00,20.7,47,0.0,756.0,10.6,520.0
2025-03-26T17:00,18.5,61,0.0,755.6,12.1,277.0
2025-03-26T18:00,16.2,78,0.3,755.8,9.5,78.0
2025-03-26T19:00,14.8,85,0.8,756.2,5.8,0.0
2025-03-26T20:00,13.7,93,0.1,756.3,6.1,0.0
2025-03-26T21:00,13.7,94,0.0,757.3,2.9,0.0
2025-03-26T22:00,12.9,95,2.9,757.4,3.3,0.0
2025-03-26T23:00,13.0,96,1.1,757.7,2.2,0.0
2025-03-27T00:00,12.6,99,0.1,756.7,5.2,0.0
2025-03-27T01:00,12.2,98,0.0,756.1,0.4,0.0
2025-03-27T02:00,11.3,100,0.0,754.8,2.5,0.0
2025-03-27T03:00,11.1,99,0.0,754.6,2.4,0.0
2025-03-27T04:00,10.9,99,0.0,754.5,2.7,0.0
2025-03-27T05:00,10.3,99,0.0,754.1,2.7,0.0
2025-03-27T06:00,10.3,99,0.0,754.3,3.4,0.0
2025-03-27T07:00,11.3,96,0.0,755.9,5.2,70.0
2025-03-27T08:00,13.6,85,0.0,757.9,3.0,300.0
2025-03-27T09:00,15.6,75,0.0,759.1,3.9,497.0
2025-03-27T10:00,17.3,66,0.3,759.6,2.2,715.0
2025-03-27T11:00,18.9,58,0.2,759.5,6.5,928.0
2025-03-27T12:00,20.0,53,0.1,759.2,8.8,870.0
2025-03-27T13:00,20.8,50,0.2,758.3,7.6,788.0
2025-03-27T14:00,20.9,50,0.1,757.3,6.5,726.0
2025-03-27T15:00,20.0,52,0.0,755.9,4.9,511.0
2025-03-27T16:00,19.0,57,0.6,755.4,8.3,436.0
2025-03-27T17:00,16.9,75,1.2,754.8,5.6,196.0
2025-03-27T18:00,15.1,86,3.6,754.9,3.7,59.0
2025-03-27T19:00,13.9,96,0.9,755.1,1.0,0.0
2025-03-27T20:00,14.1,88,0.2,756.2,5.2,0.0
2025-03-27T21:00,13.5,92,0.0,756.3,4.6,0.0
2025-03-27T22:00,13.5,94,0.0,756.8,4.0,0.0
2025-03-27T23:00,12.9,96,0.0,756.4,4.2,0.0
2025-03-28T00:00,13.2,94,0.0,756.5,3.4,0.0
2025-03-28T01:00,12.5,96,0.0,755.5,1.8,0.0
2025-03-28T02:00,11.9,98,0.0,754.6,1.9,0.0
2025-03-28T03:00,11.3,96,0.0,754.3,5.8,0.0
2025-03-28T04:00,11.0,95,0.0,754.4,4.4,0.0
2025-03-28T05:00,10.2,97,0.0,754.1,3.6,0.0
2025-03-28T06:00,9.8,97,0.0,754.0,4.8,0.0
2025-03-28T07:00,10.8,93,0.0,755.4,5.4,76.0
2025-03-28T08:00,13.3,86,0.0,757.2,4.0,300.0
2025-03-28T09:00,15.9,74,0.0,758.7,3.9,589.0
2025-03-28T10:00,18.0,64,0.2,758.8,2.2,778.0
2025-03-28T11:00,19.7,59,0.3,758.8,4.4,859.0
2025-03-28T12:00,20.3,57,0.0,758.3,5.5,848.0
2025-03-28T13:00,19.5,58,0.2,757.0,9.9,749.0
2025-03-28T14:00,19.2,59,0.1,756.0,4.4,697.0
2025-03-28T15:00,18.5,63,0.2,754.8,8.7,404.0
2025-03-28T16:00,16.3,74,3.6,754.1,6.2,280.0
2025-03-28T17:00,15.7,77,0.1,754.4,6.7,165.0
2025-03-28T18:00,14.5,88,3.3,754.7,0.4,23.0
2025-03-28T19:00,13.9,92,4.8,755.4,3.1,0.0
2025-03-28T20:00,13.1,97,0.7,755.6,0.6,0.0
2025-03-28T21:00,13.2,97,0.2,756.0,2.1,0.0
2025-03-28T22:00,12.4,99,0.0,755.8,3.7,0.0
2025-03-28T23:00,11.9,99,0.0,756.0,1.8,0.0
2025-03-29T00:00,12.2,98,0.0,755.9,2.9,0.0
2025-03-29T01:00,12.1,97,0.0,755.6,2.0,0.0
2025-03-29T02:00,11.8,99,0.0,755.0,2.8,0.0
2025-03-29T03:00,11.7,99,0.0,754.9,2.0,0.0
2025-03-29T04:00,11.4,99,0.0,754.7,1.8,0.0
2025-03-29T05:00,10.9,100,0.0,754.9,2.8,0.0
2025-03-29T06:00,10.5,99,0.0,755.2,4.2,0.0
2025-03-29T07:00,10.9,96,0.0,755.9,4.7,68.0
2025-03-29T08:00,13.8,86,0.0,757.3,2.6,320.0
2025-03-29T09:00,15.9,75,0.0,758.4,1.7,494.0
2025-03-29T10:00,17.8,66,0.1,759.1,3.9,721.0
2025-03-29T11:00,18.8,60,0.1,758.8,6.8,722.0
2025-03-29T12:00,19.5,57,0.1,758.1,5.4,754.0
2025-03-29T13:00,19.8,56,0.0,757.1,5.4,628.0
2025-03-29T14:00,19.6,59,0.0,755.6,3.7,554.0
2025-03-29T15:00,18.5,65,2.5,754.7,8.8,467.0
2025-03-29T16:00,16.8,74,0.0,754.0,10.0,319.0
2025-03-29T17:00,15.4,83,0.2,753.9,3.8,161.0
2025-03-29T18:00,14.6,87,0.3,754.6,5.2,19.0
2025-03-29T19:00,13.7,95,1.3,754.9,0.9,0.0
2025-03-29T20:00,13.2,97,1.4,754.7,2.8,0.0
2025-03-29T21:00,12.7,98,0.2,755.2,1.9,0.0
2025-03-29T22:00,12.1,99,0.0,755.1,1.8,0.0
2025-03-29T23:00,11.9,98,0.0,755.1,1.9,0.0
2025-03-30T00:00,11.2,98,0.0,754.5,2.0,0.0
2025-03-30T01:00,10.9,98,0.0,753.7,3.6,0.0
2025-03-30T02:00,10.6,98,0.0,753.0,3.4,0.0
2025-03-30T03:00,10.6,98,0.0,753.0,1.9,0.0
2025-03-30T04:00,10.5,98,0.0,753.1,2.0,0.0
2025-03-30T05:00,10.0,98,0.0,753.1,2.3,0.0
2025-03-30T06:00,10.1,97,0.0,753.6,3.5,0.0
2025-03-30T07:00,11.3,97,0.0,755.1,1.8,66.0
2025-03-30T08:00,14.2,86,0.0,756.7,3.1,294.0
2025-03-30T09:00,15.5,78,0.0,757.5,4.8,373.0
2025-03-30T10:00,17.4,72,0.1,758.4,3.7,639.0
2025-03-30T11:00,19.6,63,0.0,758.9,6.1,870.0
2025-03-30T12:00,20.0,60,0.1,758.1,10.0,833.0
2025-03-30T13:00,17.6,72,7.7,756.7,12.0,744.0
2025-03-30T14:00,17.8,71,0.2,756.0,2.2,453.0
2025-03-30T15:00,16.8,73,4.4,754.9,4.6,403.0
2025-03-30T16:00,17.4,72,0.5,754.7,7.4,449.0
2025-03-30T17:00,15.4,83,2.5,754.2,6.2,197.0
2025-03-30T18:00,14.9,84,0.1,754.5,6.3,56.0
2025-03-30T19:00,13.8,90,1.3,754.8,3.2,0.0
2025-03-30T20:00,13.5,91,3.0,755.0,0.2,0.0
2025-03-30T21:00,13.2,96,0.1,755.4,3.4,0.0
2025-03-30T22:00,12.4,98,0.1,754.9,2.5,0.0
2025-03-30T23:00,12.1,97,0.1,755.2,1.6,0.0
2025-03-31T00:00,11.5,99,0.2,754.5,0.6,0.0
2025-03-31T01:00,10.8,100,0.1,753.7,1.0,0.0
2025-03-31T02:00,10.1,100,0.0,752.8,1.5,0.0
2025-03-31T03:00,10.1,100,0.0,752.6,1.1,0.0
2025-03-31T04:00,10.5,100,0.0,753.0,1.4,0.0
2025-03-31T05:00,10.7,100,0.0,753.6,1.9,0.0
2025-03-31T06:00,10.9,100,0.0,754.3,2.8,0.0
2025-03-31T07:00,11.6,95,0.0,755.4,3.6,50.0
2025-03-31T08:00,13.0,91,0.0,756.3,2.4,148.0
2025-03-31T09:00,14.7,85,0.1,757.8,1.6,320.0
2025-03-31T10:00,15.5,83,0.2,758.2,4.5,349.0
2025-03-31T11:00,16.6,74,0.5,758.0,9.8,396.0
2025-03-31T12:00,17.6,68,0.1,758.3,5.1,467.0
2025-03-31T13:00,16.0,74,0.2,756.4,6.6,229.0
2025-03-31T14:00,18.2,67,0.1,756.7,3.2,737.0
2025-03-31T15:00,18.9,62,0.0,755.8,1.4,571.0
2025-03-31T16:00,16.5,73,0.2,754.9,9.4,372.0
2025-03-31T17:00,15.7,80,0.0,754.7,4.8,156.0
2025-03-31T18:00,15.0,84,0.1,754.9,4.5,24.0
2025-03-31T19:00,14.1,90,2.9,755.4,0.5,0.0
2025-03-31T20:00,13.2,94,0.0,755.8,0.8,0.0
2025-03-31T21:00,12.4,96,0.0,755.6,3.6,0.0
2025-03-31T22:00,11.9,97,0.0,755.7,2.7,0.0
2025-03-31T23:00,11.6,98,0.0,755.6,2.3,0.0
2025-04-01T00:00,11.8,98,0.0,755.7,2.2,0.0
2025-04-01T01:00,11.8,97,0.0,755.2,2.3,0.0
2025-04-01T02:00,11.7,97,0.1,754.5,0.6,0.0
2025-04-01T03:00,11.6,98,0.0,754.2,1.3,0.0
2025-04-01T04:00,11.4,99,0.0,754.1,1.9,0.0
2025-04-01T05:00,10.8,99,0.0,753.8,1.8,0.0
2025-04-01T06:00,10.3,99,0.0,754.0,1.3,0.0
2025-04-01T07:00,11.7,95,0.0,755.8,2.8,70.0
2025-04-01T08:00,14.1,85,0.0,757.5,3.4,283.0
2025-04-01T09:00,15.8,78,0.1,758.5,4.4,531.0
2025-04-01T10:00,17.0,71,0.1,759.0,4.2,630.0
2025-04-01T11:00,18.9,61,0.1,758.9,6.5,831.0
2025-04-01T12:00,20.4,54,0.1,758.4,4.9,984.0
2025-04-01T13:00,21.3,50,0.1,757.8,6.4,915.0
2025-04-01T14:00,20.0,55,0.1,756.2,8.3,590.0
2025-04-01T15:00,18.0,66,3.4,755.5,8.5,544.0
2025-04-01T16:00,18.0,65,0.1,755.0,1.8,388.0
2025-04-01T17:00,16.9,70,0.2,754.9,3.8,216.0
2025-04-01T18:00,14.6,88,0.3,754.5,2.6,73.0
2025-04-01T19:00,14.0,94,0.1,755.0,1.5,0.0
2025-04-01T20:00,13.7,94,0.2,755.2,3.9,0.0
2025-04-01T21:00,13.6,97,0.1,756.1,3.6,0.0
2025-04-01T22:00,13.5,98,0.0,756.6,4.3,0.0
2025-04-01T23:00,13.2,98,0.0,756.9,2.2,0.0
2025-04-02T00:00,12.7,97,0.0,756.0,3.5,0.0
2025-04-02T01:00,12.3,96,0.0,755.6,3.1,0.0
2025-04-02T02:00,12.0,96,0.0,754.8,3.8,0.0
2025-04-02T03:00,10.9,98,0.0,753.7,3.1,0.0
2025-04-02T04:00,10.4,98,0.0,753.4,3.2,0.0
2025-04-02T05:00,10.2,98,0.0,753.6,0.9,0.0
2025-04-02T06:00,9.5,99,0.0,753.4,2.7,0.0
2025-04-02T07:00,11.3,95,0.0,755.6,3.7,78.0
2025-04-02T08:00,13.8,89,0.0,757.6,0.3,227.0
2025-04-02T09:00,15.8,76,0.1,758.5,4.0,494.0
2025-04-02T10:00,16.6,74,0.1,758.6,5.5,501.0
2025-04-02T11:00,17.5,72,0.0,758.6,5.6,658.0
2025-04-02T12:00,17.6,70,0.1,757.8,8.4,684.0
2025-04-02T13:00,18.7,67,0.1,757.1,8.4,843.0
2025-04-02T14:00,18.9,64,0.0,756.3,8.9,697.0
2025-04-02T15:00,18.2,68,0.0,755.6,7.2,557.0
2025-04-02T16:00,17.7,66,0.1,755.2,11.8,395.0
2025-04-02T17:00,16.5,71,0.0,754.7,9.5,208.0
2025-04-02T18:00,15.2,80,0.0,754.7,6.6,75.0
2025-04-02T19:00,14.3,84,0.0,755.6,6.7,0.0
2025-04-02T20:00,12.6,90,0.1,755.9,3.7,0.0
2025-04-02T21:00,12.5,92,0.0,756.6,2.1,0.0
2025-04-02T22:00,11.7,94,0.0,756.5,2.2,0.0
2025-04-02T23:00,11.3,96,0.0,756.4,2.5,0.0
2025-04-03T00:00,10.1,99,0.0,755.0,2.3,0.0
2025-04-03T01:00,9.5,100,0.0,754.0,3.2,0.0
2025-04-03T02:00,9.1,100,0.0,753.4,3.5,0.0
2025-04-03T03:00,9.0,100,0.0,753.3,2.7,0.0
2025-04-03T04:00,8.9,100,0.0,753.5,3.1,0.0
2025-04-03T05:00,8.6,100,0.0,753.6,3.3,0.0
2025-04-03T06:00,8.4,100,0.0,753.7,2.2,0.0
2025-04-03T07:00,9.3,98,0.0,755.3,3.6,69.0
2025-04-03T08:00,13.3,86,0.0,758.2,3.4,312.0
2025-04-03T09:00,15.8,72,0.0,759.3,2.6,552.0
2025-04-03T10:00,17.6,64,0.0,759.6,4.4,774.0
2025-04-03T11:00,19.1,56,0.0,759.3,8.4,829.0
2025-04-03T12:00,20.3,51,0.2,758.6,9.3,877.0
2025-04-03T13:00,20.1,54,0.3,757.6,9.9,795.0
2025-04-03T14:00,19.5,59,0.6,756.5,6.1,561.0
2025-04-03T15:00,19.8,60,0.0,756.0,6.9,670.0
2025-04-03T16:00,17.9,70,3.0,755.1,9.1,349.0
2025-04-03T17:00,14.8,82,10.0,755.4,5.2,185.0
2025-04-03T18:00,14.3,90,1.3,755.6,1.0,35.0
2025-04-03T19:00,14.0,96,0.3,755.9,2.7,0.0
2025-04-03T20:00,13.2,98,0.2,756.4,4.4,0.0
2025-04-03T21:00,13.0,97,0.3,757.1,4.5,0.0
2025-04-03T22:00,12.7,99,0.8,757.3,3.3,0.0
2025-04-03T23:00,12.6,98,0.7,757.5,0.4,0.0
2025-04-04T00:00,12.5,98,0.2,756.8,0.9,0.0
2025-04-04T01:00,12.2,98,0.0,756.2,1.3,0.0
2025-04-04T02:00,11.6,98,0.0,755.3,0.7,0.0
2025-04-04T03:00,11.5,99,0.0,755.1,2.4,0.0
2025-04-04T04:00,11.1,98,0.0,755.2,2.5,0.0
2025-04-04T05:00,11.7,96,0.0,756.1,3.4,0.0
2025-04-04T06:00,11.6,96,0.0,756.3,1.8,0.0
2025-04-04T07:00,12.3,93,0.0,757.3,2.9,81.0
2025-04-04T08:00,14.2,84,0.0,759.3,2.7,305.0
2025-04-04T09:00,15.6,77,0.1,760.2,3.6,444.0
2025-04-04T10:00,17.5,69,0.0,760.7,1.5,666.0
2025-04-04T11:00,19.3,63,0.1,760.8,3.8,771.0
2025-04-04T12:00,19.6,60,0.1,759.5,9.3,667.0
2025-04-04T13:00,19.5,60,0.0,758.5,6.8,742.0
2025-04-04T14:00,18.0,68,3.3,757.4,7.8,514.0
2025-04-04T15:00,17.7,69,1.1,756.6,0.0,458.0
2025-04-04T16:00,17.4,68,0.1,756.5,1.8,337.0
2025-04-04T17:00,15.3,84,2.6,755.9,4.9,178.0
2025-04-04T18:00,13.7,95,1.4,756.0,5.4,52.0
2025-04-04T19:00,13.8,95,0.5,756.9,3.4,0.0
2025-04-04T20:00,12.9,97,1.6,757.4,4.2,0.0
2025-04-04T21:00,12.5,98,1.4,757.7,2.5,0.0
2025-04-04T22:00,12.8,98,0.3,758.4,3.1,0.0
2025-04-04T23:00,12.5,99,0.1,758.4,1.3,0.0
2025-04-05T00:00,12.7,99,0.0,758.2,2.2,0.0
2025-04-05T01:00,12.5,98,0.0,757.6,0.7,0.0
2025-04-05T02:00,11.4,99,0.0,756.2,1.3,0.0
2025-04-05T03:00,11.1,100,0.0,755.5,0.7,0.0
2025-04-05T04:00,11.1,100,0.0,755.5,1.7,0.0
2025-04-05T05:00,10.7,99,0.0,755.8,2.6,0.0
2025-04-05T06:00,10.3,99,0.0,756.1,2.2,0.0
2025-04-05T07:00,11.1,95,0.0,757.4,2.5,68.0
2025-04-05T08:00,13.7,86,0.0,759.1,2.7,255.0
2025-04-05T09:00,15.9,73,0.0,760.3,4.5,453.0
2025-04-05T10:00,17.6,65,0.0,760.7,3.9,624.0
2025-04-05T11:00,19.0,59,0.0,760.5,6.2,730.0
2025-04-05T12:00,19.1,59,0.1,759.8,11.5,649.0
2025-04-05T13:00,18.7,58,0.0,758.4,5.2,445.0
2025-04-05T14:00,18.5,59,0.1,757.4,4.5,557.0
2025-04-05T15:00,19.1,57,0.1,756.9,6.4,585.0
2025-04-05T16:00,19.0,57,0.0,756.4,4.4,376.0
2025-04-05T17:00,16.2,74,0.1,755.9,8.9,193.0
2025-04-05T18:00,15.4,82,0.1,756.4,2.6,35.0
2025-04-05T19:00,14.9,86,0.1,757.1,1.0,0.0
2025-04-05T20:00,13.7,97,1.3,757.4,4.0,0.0
2025-04-05T21:00,13.4,96,4.5,757.8,4.3,0.0
2025-04-05T22:00,13.0,97,4.4,757.7,3.3,0.0
2025-04-05T23:00,12.8,97,1.1,757.9,1.1,0.0
2025-04-06T00:00,12.6,98,0.2,757.2,1.6,0.0
2025-04-06T01:00,12.4,97,0.0,756.9,0.3,0.0
2025-04-06T02:00,12.0,98,0.0,756.2,0.6,0.0
2025-04-06T03:00,11.9,98,0.0,755.8,1.3,0.0
2025-04-06T04:00,11.8,98,0.0,755.7,0.4,0.0
2025-04-06T05:00,11.5,97,0.0,755.7,1.0,0.0
2025-04-06T06:00,11.4,98,0.0,755.8,1.2,0.0
2025-04-06T07:00,12.4,93,0.0,757.1,2.7,69.0
2025-04-06T08:00,14.0,84,0.0,758.4,4.5,208.0
2025-04-06T09:00,15.9,74,0.1,759.4,5.0,418.0
2025-04-06T10:00,17.2,67,0.0,759.8,5.1,573.0
2025-04-06T11:00,18.4,61,0.0,759.6,6.6,654.0
2025-04-06T12:00,19.8,53,0.1,759.1,9.1,693.0
2025-04-06T13:00,19.3,55,0.1,757.5,12.1,591.0
2025-04-06T14:00,17.5,64,0.1,756.2,9.3,542.0
2025-04-06T15:00,17.6,67,0.1,755.8,8.7,418.0
2025-04-06T16:00,17.3,73,0.6,755.7,6.9,389.0
2025-04-06T17:00,16.7,73,0.1,755.5,4.0,185.0
2025-04-06T18:00,14.4,89,1.3,755.7,3.5,40.0
2025-04-06T19:00,14.1,93,2.7,756.3,0.9,0.0
2025-04-06T20:00,14.2,95,0.7,757.2,0.9,0.0
2025-04-06T21:00,13.8,94,1.3,757.6,1.5,0.0
2025-04-06T22:00,13.6,92,1.0,758.0,1.6,0.0
2025-04-06T23:00,13.6,93,0.9,757.8,1.7,0.0
2025-04-07T00:00,13.1,95,0.6,757.1,1.4,0.0
2025-04-07T01:00,13.0,95,0.3,756.5,0.9,0.0
2025-04-07T02:00,12.8,96,0.2,755.8,1.1,0.0
2025-04-07T03:00,12.8,96,0.2,755.3,0.8,0.0
2025-04-07T04:00,11.6,97,0.0,754.4,1.8,0.0
2025-04-07T05:00,10.8,100,0.0,754.0,2.3,0.0
2025-04-07T06:00,10.1,100,0.0,753.9,2.2,0.0
2025-04-07T07:00,11.8,98,0.0,756.0,2.4,91.0
2025-04-07T08:00,14.4,84,0.0,758.5,4.8,343.0
2025-04-07T09:00,16.5,69,0.0,759.5,6.0,556.0
2025-04-07T10:00,18.6,57,0.0,759.9,5.3,705.0
2025-04-07T11:00,19.8,53,0.0,759.5,7.4,781.0
2025-04-07T12:00,19.9,56,0.0,759.1,10.0,891.0
2025-04-07T13:00,18.5,61,0.0,757.2,11.7,518.0
2025-04-07T14:00,19.8,55,0.0,756.6,10.5,768.0
2025-04-07T15:00,19.6,56,0.0,755.6,8.3,588.0
2025-04-07T16:00,18.6,62,0.1,755.1,12.8,487.0
2025-04-07T17:00,16.3,79,0.1,754.9,11.0,245.0
2025-04-07T18:00,15.7,83,0.0,755.3,4.5,40.0
2025-04-07T19:00,14.2,92,2.1,755.4,1.7,0.0
2025-04-07T20:00,13.7,95,0.0,755.6,1.3,0.0
2025-04-07T21:00,13.3,97,0.0,755.8,2.6,0.0
2025-04-07T22:00,13.1,98,0.0,756.4,3.4,0.0
2025-04-07T23:00,13.0,96,0.0,756.5,1.6,0.0
2025-04-08T00:00,12.5,97,0.0,756.3,3.4,0.0
2025-04-08T01:00,12.1,98,0.0,755.4,2.5,0.0
2025-04-08T02:00,12.0,96,0.0,755.1,3.0,0.0
2025-04-08T03:00,12.2,94,0.0,755.0,0.6,0.0
2025-04-08T04:00,12.1,95,0.0,755.1,2.7,0.0
2025-04-08T05:00,12.0,94,0.0,755.3,2.5,0.0
2025-04-08T06:00,11.9,95,0.0,755.8,1.7,0.0
2025-04-08T07:00,12.5,94,0.0,756.6,1.4,61.0
2025-04-08T08:00,13.5,90,0.1,758.2,2.7,128.0
2025-04-08T09:00,15.1,79,0.0,759.3,1.6,324.0
2025-04-08T10:00,15.6,79,0.1,759.4,2.3,330.0
2025-04-08T11:00,16.0,80,0.2,758.9,1.3,423.0
2025-04-08T12:00,17.9,76,0.2,759.2,6.9,788.0
2025-04-08T13:00,17.5,71,0.9,757.6,1.8,310.0
2025-04-08T14:00,17.9,70,0.2,756.7,2.7,560.0
2025-04-08T15:00,17.5,71,2.0,756.1,6.3,456.0
2025-04-08T16:00,17.7,71,0.5,756.0,2.1,344.0
2025-04-08T17:00,16.0,75,0.6,755.9,4.8,175.0
2025-04-08T18:00,14.9,88,0.2,755.9,1.5,54.0
2025-04-08T19:00,13.8,91,0.0,756.0,2.5,0.0
2025-04-08T20:00,14.0,98,0.5,757.2,3.3,0.0
2025-04-08T21:00,13.9,99,0.6,757.7,2.0,0.0
2025-04-08T22:00,13.4,98,0.3,757.9,3.1,0.0
2025-04-08T23:00,13.4,93,0.1,758.3,4.0,0.0
2025-04-09T00:00,12.9,95,0.0,757.7,3.9,0.0
2025-04-09T01:00,12.7,98,0.1,756.9,2.0,0.0
2025-04-09T02:00,12.6,99,0.1,756.2,1.7,0.0
2025-04-09T03:00,12.3,99,0.0,755.7,4.2,0.0
2025-04-09T04:00,12.1,98,0.0,755.7,2.8,0.0
2025-04-09T05:00,11.3,99,0.0,755.4,2.7,0.0
2025-04-09T06:00,11.2,99,0.0,756.1,4.7,0.0
2025-04-09T07:00,12.2,96,0.0,757.8,4.9,60.0
2025-04-09T08:00,13.9,91,0.1,759.2,2.7,197.0
2025-04-09T09:00,15.8,84,0.1,760.5,2.2,475.0
2025-04-09T10:00,17.1,76,0.1,760.6,1.5,564.0
2025-04-09T11:00,18.7,65,0.1,760.7,6.2,573.0
2025-04-09T12:00,17.1,70,4.1,759.3,6.6,506.0
2025-04-09T13:00,19.9,62,0.1,759.2,6.8,822.0
2025-04-09T14:00,19.8,60,0.2,757.7,9.4,672.0
2025-04-09T15:00,18.5,65,1.5,757.2,1.5,490.0
2025-04-09T16:00,17.4,70,1.0,756.3,3.9,274.0
2025-04-09T17:00,15.3,84,4.4,756.4,4.7,183.0
2025-04-09T18:00,14.8,88,0.0,756.5,4.0,39.0
2025-04-09T19:00,13.9,92,0.0,756.7,0.4,0.0
2025-04-09T20:00,13.8,93,0.2,757.2,1.6,0.0
2025-04-09T21:00,13.0,92,2.3,758.0,0.9,0.0
2025-04-09T22:00,13.5,91,0.0,758.7,1.8,0.0
2025-04-09T23:00,13.0,93,0.0,758.4,2.0,0.0
2025-04-10T00:00,12.7,96,0.0,757.9,2.3,0.0
2025-04-10T01:00,12.4,97,0.0,757.4,2.0,0.0
2025-04-10T02:00,11.9,99,0.0,756.4,2.5,0.0
2025-04-10T03:00,11.5,99,0.0,756.0,1.7,0.0
2025-04-10T04:00,11.1,100,0.0,755.6,2.1,0.0
2025-04-10T05:00,10.9,99,0.0,755.9,2.6,0.0
2025-04-10T06:00,11.2,98,0.0,756.5,1.1,0.0
2025-04-10T07:00,11.6,96,0.0,757.3,1.6,40.0
2025-04-10T08:00,13.9,88,0.0,758.7,4.0,230.0
2025-04-10T09:00,15.6,81,0.1,760.2,4.6,486.0
2025-04-10T10:00,17.4,74,0.1,760.5,1.8,660.0
2025-04-10T11:00,19.0,64,0.1,760.4,5.8,765.0
2025-04-10T12:00,19.1,63,0.1,759.4,5.2,712.0
2025-04-10T13:00,18.7,66,0.1,758.4,4.3,680.0
2025-04-10T14:00,17.9,71,0.2,757.6,1.2,705.0
2025-04-10T15:00,19.0,64,0.0,756.9,4.1,516.0
2025-04-10T16:00,17.6,68,0.1,756.6,4.7,359.0
2025-04-10T17:00,15.9,79,6.1,756.2,3.9,171.0
2025-04-10T18:00,14.3,88,0.9,756.3,0.6,66.0
2025-04-10T19:00,13.5,93,0.1,757.0,6.6,0.0
2025-04-10T20:00,13.4,94,1.9,757.6,2.9,0.0
2025-04-10T21:00,13.0,94,0.6,758.1,1.3,0.0
2025-04-10T22:00,12.4,98,0.1,758.0,1.8,0.0
2025-04-10T23:00,12.6,96,0.1,758.1,0.2,0.0
2025-04-11T00:00,12.4,95,0.2,757.6,2.1,0.0
2025-04-11T01:00,12.0,95,0.2,756.7,1.6,0.0
2025-04-11T02:00,11.8,95,0.2,756.0,2.2,0.0
2025-04-11T03:00,11.7,97,0.3,755.6,2.5,0.0
2025-04-11T04:00,11.5,99,0.1,755.3,1.5,0.0
2025-04-11T05:00,11.2,99,0.0,755.2,1.7,0.0
2025-04-11T06:00,10.9,99,0.0,755.4,2.3,0.0
2025-04-11T07:00,12.0,96,0.0,756.7,3.7,77.0
2025-04-11T08:00,13.2,92,0.2,758.5,1.1,189.0
2025-04-11T09:00,14.7,84,0.1,759.7,3.6,339.0
2025-04-11T10:00,15.7,75,0.1,760.2,1.9,427.0
2025-04-11T11:00,17.2,66,0.1,760.3,3.8,615.0
2025-04-11T12:00,18.3,58,0.0,759.8,7.2,696.0
2025-04-11T13:00,18.8,57,0.0,758.8,6.0,815.0
2025-04-11T14:00,19.9,56,0.1,758.1,3.1,739.0
2025-04-11T15:00,17.0,70,2.1,756.7,8.1,574.0
2025-04-11T16:00,17.4,64,0.0,756.2,7.1,458.0
2025-04-11T17:00,16.4,71,0.0,755.8,10.4,235.0
2025-04-11T18:00,14.7,80,0.0,755.5,9.2,63.0
2025-04-11T19:00,13.4,89,0.0,755.5,3.4,0.0
2025-04-11T20:00,11.9,95,0.0,755.1,3.5,0.0
2025-04-11T21:00,11.3,99,0.0,755.3,1.4,0.0
2025-04-11T22:00,10.8,100,0.0,755.7,0.8,0.0
2025-04-11T23:00,10.2,100,0.0,755.3,1.0,0.0
2025-04-12T00:00,9.8,99,0.0,754.9,3.1,0.0
2025-04-12T01:00,9.4,100,0.0,754.3,0.3,0.0
2025-04-12T02:00,8.8,100,0.0,753.6,0.7,0.0
2025-04-12T03:00,8.0,100,0.0,752.7,1.7,0.0
2025-04-12T04:00,8.0,100,0.0,752.9,2.5,0.0
2025-04-12T05:00,7.7,98,0.0,753.1,1.0,0.0
2025-04-12T06:00,7.3,98,0.0,753.0,1.3,0.0
2025-04-12T07:00,10.1,94,0.0,755.9,3.4,109.0
2025-04-12T08:00,13.4,83,0.0,758.9,3.1,350.0
2025-04-12T09:00,15.8,71,0.0,759.9,2.7,599.0
2025-04-12T10:00,17.7,64,0.0,760.2,1.7,829.0
2025-04-12T11:00,19.2,56,0.0,760.0,3.3,886.0
2025-04-12T12:00,20.4,49,0.0,759.6,7.1,953.0
2025-04-12T13:00,21.0,45,0.0,758.5,8.7,902.0
2025-04-12T14:00,21.3,46,0.0,757.6,9.3,856.0
2025-04-12T15:00,21.2,49,0.1,756.5,10.3,728.0
2025-04-12T16:00,20.4,50,0.1,756.1,8.7,475.0
2025-04-12T17:00,19.1,56,0.0,755.6,8.0,300.0
2025-04-12T18:00,16.6,76,0.0,755.3,7.2,83.0
2025-04-12T19:00,14.8,88,0.0,755.6,6.5,0.0
2025-04-12T20:00,13.9,95,0.0,755.7,2.9,0.0
2025-04-12T21:00,13.5,96,0.0,756.7,1.5,0.0
2025-04-12T22:00,13.3,96,0.0,757.1,4.8,0.0
2025-04-12T23:00,12.6,96,0.0,756.9,5.0,0.0
2025-04-13T00:00,11.7,98,0.0,756.1,4.2,0.0
2025-04-13T01:00,11.0,97,0.0,755.1,3.9,0.0
2025-04-13T02:00,10.4,97,0.0,754.4,2.0,0.0
2025-04-13T03:00,10.0,97,0.0,754.1,2.3,0.0
2025-04-13T04:00,9.3,98,0.0,753.5,1.9,0.0
2025-04-13T05:00,9.2,97,0.0,753.8,3.4,0.0
2025-04-13T06:00,8.6,97,0.0,753.7,2.1,1.0
2025-04-13T07:00,10.9,91,0.0,756.3,2.0,112.0
2025-04-13T08:00,14.0,79,0.0,758.8,2.4,377.0
2025-04-13T09:00,16.5,67,0.0,760.4,2.8,631.0
2025-04-13T10:00,18.7,55,0.0,760.8,3.5,827.0
2025-04-13T11:00,20.8,45,0.0,760.8,6.5,1000.0
2025-04-13T12:00,21.2,45,0.0,760.2,10.4,985.0
2025-04-13T13:00,21.3,48,0.1,759.3,13.1,1020.0
2025-04-13T14:00,21.5,48,0.2,758.6,13.1,911.0
2025-04-13T15:00,21.2,48,0.0,757.4,11.5,737.0
2025-04-13T16:00,20.6,48,0.0,756.7,10.1,552.0
2025-04-13T17:00,19.7,53,0.0,756.4,9.7,330.0
2025-04-13T18:00,16.9,67,0.0,756.1,8.3,91.0
2025-04-13T19:00,15.1,78,0.0,756.2,3.9,0.0
2025-04-13T20:00,13.7,82,0.0,756.4,6.4,0.0
2025-04-13T21:00,12.5,90,0.0,756.4,3.5,0.0
2025-04-13T22:00,11.6,94,0.0,756.5,2.3,0.0
2025-04-13T23:00,11.0,95,0.0,756.3,4.9,0.0
2025-04-14T00:00,10.5,96,0.0,755.7,2.0,0.0
2025-04-14T01:00,10.0,96,0.0,755.3,3.1,0.0
2025-04-14T02:00,9.7,96,0.0,754.6,1.5,0.0
2025-04-14T03:00,9.6,95,0.0,754.6,2.3,0.0
2025-04-14T04:00,9.3,95,0.0,754.2,3.9,0.0
2025-04-14T05:00,8.7,96,0.0,754.3,3.4,0.0
2025-04-14T06:00,8.4,96,0.0,754.4,3.2,1.0
2025-04-14T07:00,10.9,90,0.0,756.7,2.2,103.0
2025-04-14T08:00,14.5,74,0.0,759.6,1.2,362.0
2025-04-14T09:00,16.9,65,0.0,761.0,3.8,638.0
2025-04-14T10:00,19.2,51,0.0,761.3,4.9,804.0
2025-04-14T11:00,20.8,41,0.0,760.8,7.6,847.0
2025-04-14T12:00,21.6,39,0.0,760.4,9.9,927.0
2025-04-14T13:00,22.2,39,0.0,759.6,12.3,899.0
2025-04-14T14:00,21.6,42,0.0,758.5,10.1,778.0
2025-04-14T15:00,21.8,42,0.0,757.7,7.1,730.0
2025-04-14T16:00,21.4,43,0.0,757.2,6.4,535.0
2025-04-14T17:00,20.0,50,0.0,756.8,7.4,305.0
2025-04-14T18:00,17.1,68,0.0,756.2,5.4,85.0
2025-04-14T19:00,15.2,77,0.0,756.6,6.6,0.0
2025-04-14T20:00,13.6,80,0.0,756.1,3.5,0.0
2025-04-14T21:00,12.5,88,0.0,756.4,4.7,0.0
2025-04-14T22:00,11.8,92,0.0,756.6,3.8,0.0
2025-04-14T23:00,11.8,93,0.0,756.7,3.7,0.0
2025-04-15T00:00,10.7,94,0.0,755.7,4.2,0.0
2025-04-15T01:00,10.3,94,0.0,754.8,2.1,0.0
2025-04-15T02:00,10.0,95,0.0,754.2,2.2,0.0
2025-04-15T03:00,9.2,96,0.0,753.5,2.6,0.0
2025-04-15T04:00,8.7,96,0.0,753.1,3.2,0.0
2025-04-15T05:00,8.2,96,0.0,752.9,2.6,0.0
2025-04-15T06:00,7.9,96,0.0,753.1,2.3,1.0
2025-04-15T07:00,10.7,90,0.0,755.7,2.2,121.0
2025-04-15T08:00,13.9,77,0.0,758.2,2.1,304.0
2025-04-15T09:00,16.1,68,0.0,759.4,2.7,532.0
2025-04-15T10:00,17.9,57,0.0,760.1,6.4,725.0
2025-04-15T11:00,19.3,49,0.0,760.1,8.0,851.0
2025-04-15T12:00,20.6,44,0.0,759.9,9.2,976.0
2025-04-15T13:00,21.3,43,0.0,759.1,9.6,981.0
2025-04-15T14:00,20.9,44,0.0,758.2,10.1,819.0
2025-04-15T15:00,20.3,48,0.0,757.4,10.8,698.0
2025-04-15T16:00,19.4,52,0.0,756.6,11.8,507.0
2025-04-15T17:00,17.7,58,0.0,755.7,11.9,265.0
2025-04-15T18:00,15.7,68,0.0,755.2,9.8,76.0
2025-04-15T19:00,14.4,75,0.0,755.4,7.6,0.0
2025-04-15T20:00,12.9,80,0.0,755.2,4.8,0.0
2025-04-15T21:00,11.7,87,0.0,755.3,2.3,0.0
2025-04-15T22:00,11.0,90,0.0,755.7,2.3,0.0
2025-04-15T23:00,10.5,92,0.0,755.3,2.9,0.0
2025-04-16T00:00,9.6,94,0.0,754.6,2.2,0.0
2025-04-16T01:00,8.8,96,0.0,753.8,2.7,0.0
2025-04-16T02:00,8.3,96,0.0,753.0,3.6,0.0
2025-04-16T03:00,8.0,96,0.0,752.4,3.2,0.0
2025-04-16T04:00,7.7,97,0.0,752.3,3.5,0.0
2025-04-16T05:00,7.6,97,0.0,752.2,3.6,0.0
2025-04-16T06:00,7.6,97,0.0,752.5,3.3,1.0
2025-04-16T07:00,10.2,87,0.0,755.4,3.8,102.0
2025-04-16T08:00,14.0,73,0.0,758.1,1.4,379.0
2025-04-16T09:00,16.4,63,0.0,759.3,2.4,634.0
2025-04-16T10:00,18.7,53,0.0,759.5,2.0,819.0
2025-04-16T11:00,19.9,50,0.0,759.3,4.2,940.0
2025-04-16T12:00,20.8,48,0.0,759.1,6.5,936.0
2025-04-16T13:00,21.3,47,0.0,758.3,9.3,874.0
2025-04-16T14:00,21.1,49,0.2,757.5,10.6,806.0
2025-04-16T15:00,21.3,47,0.3,756.5,8.9,651.0
2025-04-16T16:00,21.1,46,0.2,755.8,8.3,507.0
2025-04-16T17:00,19.9,53,0.0,755.2,9.5,278.0
2025-04-16T18:00,17.2,67,0.0,754.6,7.4,80.0
2025-04-16T19:00,15.5,75,0.0,755.0,4.3,0.0
2025-04-16T20:00,13.7,95,0.0,755.1,2.6,0.0
2025-04-16T21:00,12.7,97,0.0,755.3,0.6,0.0
2025-04-16T22:00,12.8,96,0.0,755.9,3.1,0.0
2025-04-16T23:00,12.4,97,0.0,756.1,3.8,0.0
2025-04-17T00:00,12.2,97,0.0,755.8,4.2,0.0
2025-04-17T01:00,11.8,97,0.0,755.3,5.0,0.0
2025-04-17T02:00,11.3,97,0.0,754.8,6.0,0.0
2025-04-17T03:00,10.9,97,0.0,754.6,4.4,0.0
2025-04-17T04:00,10.9,97,0.0,754.5,3.7,0.0
2025-04-17T05:00,10.5,97,0.0,754.4,4.7,0.0
2025-04-17T06:00,10.1,97,0.0,754.8,3.2,1.0
2025-04-17T07:00,11.6,92,0.0,756.3,2.2,94.0
2025-04-17T08:00,14.4,83,0.0,758.4,4.4,284.0
2025-04-17T09:00,16.3,73,0.1,759.3,5.0,515.0
2025-04-17T10:00,17.9,65,0.5,759.7,6.8,770.0
2025-04-17T11:00,18.6,60,0.2,759.5,7.7,741.0
2025-04-17T12:00,19.6,55,0.2,759.0,9.0,873.0
2025-04-17T13:00,20.5,52,0.2,758.2,8.4,905.0
2025-04-17T14:00,20.6,54,0.4,757.2,12.0,735.0
2025-04-17T15:00,19.9,56,0.4,756.4,14.7,691.0
2025-04-17T16:00,19.1,59,0.2,756.0,15.6,462.0
2025-04-17T17:00,17.3,68,0.0,755.6,12.8,271.0
2025-04-17T18:00,15.9,75,0.0,755.6,8.3,71.0
2025-04-17T19:00,14.8,81,0.0,755.8,7.5,0.0
2025-04-17T20:00,13.5,97,0.0,756.4,3.7,0.0
2025-04-17T21:00,13.3,97,0.3,756.9,2.5,0.0
2025-04-17T22:00,13.4,97,0.4,757.6,1.9,0.0
2025-04-17T23:00,13.0,98,0.2,757.3,1.5,0.0
2025-04-18T00:00,12.7,98,0.1,756.6,2.2,0.0
2025-04-18T01:00,12.2,99,0.0,755.6,3.1,0.0
2025-04-18T02:00,11.4,99,0.0,754.7,2.7,0.0
2025-04-18T03:00,11.0,99,0.0,754.2,2.6,0.0
2025-04-18T04:00,11.1,99,0.0,753.9,1.8,0.0
2025-04-18T05:00,10.9,99,0.0,754.3,0.8,0.0
2025-04-18T06:00,10.6,99,0.0,754.4,1.7,1.0
2025-04-18T07:00,12.2,96,0.0,756.3,2.3,99.0
2025-04-18T08:00,14.3,84,0.0,758.4,3.5,241.0
2025-04-18T09:00,16.5,71,0.1,759.4,4.6,512.0
2025-04-18T10:00,17.9,63,0.0,759.7,4.1,683.0
2025-04-18T11:00,19.4,57,0.1,759.8,7.6,898.0
2025-04-18T12:00,19.8,55,0.1,759.2,12.5,869.0
2025-04-18T13:00,20.4,56,0.1,758.7,12.4,872.0
2025-04-18T14:00,19.7,58,0.1,757.7,11.4,877.0
2025-04-18T15:00,19.6,58,0.0,757.3,7.8,691.0
2025-04-18T16:00,19.2,57,0.0,756.7,12.4,491.0
2025-04-18T17:00,18.3,60,0.0,756.3,10.7,276.0
2025-04-18T18:00,16.5,66,0.0,756.1,12.1,79.0
2025-04-18T19:00,15.1,77,0.1,756.4,6.3,0.0
2025-04-18T20:00,14.0,87,0.0,756.7,3.2,0.0
2025-04-18T21:00,13.3,91,0.0,756.8,3.5,0.0
2025-04-18T22:00,13.0,95,0.0,757.1,3.2,0.0
2025-04-18T23:00,12.7,97,0.0,757.0,4.5,0.0
2025-04-19T00:00,12.4,98,0.0,756.5,3.3,0.0
2025-04-19T01:00,12.1,98,0.0,756.1,3.7,0.0
2025-04-19T02:00,11.7,100,0.0,755.2,2.6,0.0
2025-04-19T03:00,11.2,100,0.0,754.4,1.7,0.0
2025-04-19T04:00,11.4,99,0.0,754.8,3.4,0.0
2025-04-19T05:00,10.5,99,0.0,754.8,1.7,0.0
2025-04-19T06:00,10.3,99,0.0,754.7,2.2,1.0
2025-04-19T07:00,12.2,94,0.0,756.4,3.0,117.0
2025-04-19T08:00,14.8,81,0.0,758.4,2.8,360.0
2025-04-19T09:00,16.4,73,0.1,759.4,2.9,524.0
2025-04-19T10:00,17.7,65,0.0,759.9,4.2,630.0
2025-04-19T11:00,19.1,58,0.1,760.0,7.4,864.0
2025-04-19T12:00,20.3,52,0.1,759.3,10.5,915.0
2025-04-19T13:00,20.9,48,0.1,758.4,12.5,948.0
2025-04-19T14:00,21.1,48,0.1,757.3,13.0,840.0
2025-04-19T15:00,21.3,47,0.1,756.9,12.4,715.0
2025-04-19T16:00,19.9,54,0.1,756.3,11.4,494.0
2025-04-19T17:00,18.7,57,0.0,755.9,7.7,288.0
2025-04-19T18:00,16.6,68,0.0,755.7,4.0,77.0
2025-04-19T19:00,15.6,73,0.0,756.4,4.4,0.0
2025-04-19T20:00,14.4,86,0.0,756.5,0.3,0.0
2025-04-19T21:00,13.9,88,0.0,757.1,2.7,0.0
2025-04-19T22:00,13.9,88,0.1,758.0,3.6,0.0
2025-04-19T23:00,13.4,89,0.1,757.9,3.5,0.0
2025-04-20T00:00,12.6,93,0.2,757.0,2.7,0.0
2025-04-20T01:00,12.2,93,0.5,756.4,0.0,0.0
2025-04-20T02:00,12.4,94,0.4,756.1,0.3,0.0
2025-04-20T03:00,11.9,95,0.2,755.4,1.0,0.0
2025-04-20T04:00,11.8,96,0.2,755.3,1.1,0.0
2025-04-20T05:00,11.7,96,0.1,755.4,0.5,0.0
2025-04-20T06:00,11.5,97,0.2,755.4,1.3,1.0
2025-04-20T07:00,12.1,95,0.2,756.3,2.7,64.0
2025-04-20T08:00,14.1,86,0.0,758.7,2.7,303.0
2025-04-20T09:00,16.1,72,0.1,759.7,2.2,545.0
2025-04-20T10:00,17.6,62,0.1,759.8,3.5,605.0
2025-04-20T11:00,18.8,56,0.1,759.6,7.6,737.0
2025-04-20T12:00,19.7,52,0.1,759.1,8.2,753.0
2025-04-20T13:00,20.6,49,0.1,758.2,7.2,772.0
2025-04-20T14:00,20.3,50,0.1,757.1,7.0,713.0
2025-04-20T15:00,20.2,52,0.0,756.0,6.0,620.0
2025-04-20T16:00,19.0,58,0.2,755.5,6.9,432.0
2025-04-20T17:00,16.9,77,2.5,755.2,7.2,237.0
2025-04-20T18:00,14.9,87,4.5,755.3,2.2,45.0
2025-04-20T19:00,13.9,93,0.8,755.9,6.6,0.0
2025-04-20T20:00,14.5,96,0.1,756.3,3.2,0.0
2025-04-20T21:00,14.2,98,0.1,756.5,3.0,0.0
2025-04-20T22:00,13.6,99,0.0,756.3,3.3,0.0
2025-04-20T23:00,13.4,99,0.0,756.4,2.9,0.0
2025-04-21T00:00,13.1,95,0.3,756.2,0.4,0.0
2025-04-21T01:00,13.0,96,0.1,755.8,2.5,0.0
2025-04-21T02:00,12.8,97,0.0,755.4,4.0,0.0
2025-04-21T03:00,12.3,98,0.0,754.7,3.5,0.0
2025-04-21T04:00,12.2,99,0.0,754.6,0.4,0.0
2025-04-21T05:00,12.2,98,0.0,754.9,3.1,0.0
2025-04-21T06:00,11.6,95,0.0,754.5,1.0,1.0
2025-04-21T07:00,12.6,96,0.0,756.0,1.3,99.0
2025-04-21T08:00,14.5,84,0.0,757.9,4.8,295.0
2025-04-21T09:00,16.5,76,0.0,758.9,1.8,531.0
2025-04-21T10:00,18.3,67,0.0,759.4,0.9,739.0
2025-04-21T11:00,19.8,56,0.0,759.1,6.1,749.0
2025-04-21T12:00,19.6,54,0.0,758.2,9.5,728.0
2025-04-21T13:00,17.5,69,5.1,757.0,11.2,684.0
2025-04-21T14:00,18.7,59,0.1,755.9,7.2,556.0
2025-04-21T15:00,18.6,58,0.0,755.3,9.0,548.0
2025-04-21T16:00,16.4,75,0.5,754.2,9.9,266.0
2025-04-21T17:00,16.5,75,0.0,754.5,4.4,152.0
2025-04-21T18:00,14.8,86,0.9,754.1,1.6,72.0
2025-04-21T19:00,14.3,90,0.1,754.6,0.8,0.0
2025-04-21T20:00,13.5,92,0.4,755.5,0.6,0.0
2025-04-21T21:00,13.0,94,0.0,755.7,1.8,0.0
2025-04-21T22:00,12.4,96,0.0,755.7,3.1,0.0
2025-04-21T23:00,12.4,94,0.0,755.5,0.7,0.0
2025-04-22T00:00,12.1,95,0.0,754.9,0.5,0.0
2025-04-22T01:00,10.9,99,0.0,753.6,2.8,0.0
2025-04-22T02:00,10.1,100,0.0,752.8,3.3,0.0
2025-04-22T03:00,9.9,100,0.0,752.4,0.7,0.0
2025-04-22T04:00,9.8,100,0.0,752.4,0.5,0.0
2025-04-22T05:00,9.8,99,0.0,752.8,1.2,0.0
2025-04-22T06:00,9.9,98,0.0,753.1,0.5,1.0
2025-04-22T07:00,11.7,95,0.0,754.9,1.5,106.0
2025-04-22T08:00,13.8,89,0.0,756.9,1.1,338.0
2025-04-22T09:00,16.2,74,0.0,758.1,2.4,532.0
2025-04-22T10:00,18.5,58,0.1,758.7,3.0,802.0
2025-04-22T11:00,19.7,52,0.2,758.3,6.6,830.0
2025-04-22T12:00,17.4,73,4.1,757.1,12.4,741.0
2025-04-22T13:00,19.0,68,0.9,756.9,8.4,723.0
2025-04-22T14:00,18.4,68,0.1,755.6,9.3,625.0
2025-04-22T15:00,18.0,70,0.1,755.0,8.3,604.0
2025-04-22T16:00,16.7,72,0.0,754.0,8.0,299.0
2025-04-22T17:00,16.4,75,0.2,754.1,6.9,212.0
2025-04-22T18:00,14.7,85,0.6,753.9,2.7,71.0
2025-04-22T19:00,14.1,91,0.0,754.3,0.8,0.0
2025-04-22T20:00,12.9,94,0.0,754.6,1.0,0.0
2025-04-22T21:00,11.9,96,0.0,754.6,1.8,0.0
2025-04-22T22:00,11.3,99,0.0,754.4,2.3,0.0
2025-04-22T23:00,10.8,100,0.0,754.1,0.2,0.0
2025-04-23T00:00,10.3,100,0.0,753.5,0.4,0.0
2025-04-23T01:00,9.6,100,0.0,752.5,0.4,0.0
2025-04-23T02:00,9.3,100,0.0,751.9,0.7,0.0
2025-04-23T03:00,9.2,100,0.0,752.1,2.2,0.0
2025-04-23T04:00,9.6,100,0.0,753.0,3.5,0.0
2025-04-23T05:00,9.7,100,0.0,753.3,3.0,0.0
2025-04-23T06:00,10.1,99,0.0,754.1,2.6,1.0
2025-04-23T07:00,11.4,94,0.0,755.8,3.0,69.0
2025-04-23T08:00,13.5,86,0.0,757.6,2.1,282.0
2025-04-23T09:00,16.2,73,0.0,758.8,0.6,585.0
2025-04-23T10:00,18.3,61,0.0,759.2,5.5,758.0
2025-04-23T11:00,19.7,55,0.2,759.1,8.3,902.0
2025-04-23T12:00,19.5,58,0.2,757.9,9.9,769.0
2025-04-23T13:00,20.0,58,0.0,757.2,12.6,906.0
2025-04-23T14:00,19.5,58,0.4,756.0,13.7,755.0
2025-04-23T15:00,17.3,71,1.0,755.1,8.4,435.0
2025-04-23T16:00,16.7,75,0.2,754.6,4.1,206.0
2025-04-23T17:00,15.4,84,4.6,754.6,5.6,268.0
2025-04-23T18:00,14.3,92,1.3,755.0,3.4,48.0
2025-04-23T19:00,13.9,89,1.7,755.8,5.3,0.0
2025-04-23T20:00,13.1,93,0.0,754.9,0.8,0.0
2025-04-23T21:00,12.2,99,0.0,754.9,3.6,0.0
2025-04-23T22:00,12.4,100,0.0,755.6,2.7,0.0
2025-04-23T23:00,12.2,100,0.0,755.7,1.2,0.0
2025-04-24T00:00,11.5,100,0.0,755.0,1.3,0.0
2025-04-24T01:00,11.6,99,1.2,754.8,4.9,0.0
2025-04-24T02:00,11.9,99,0.3,754.6,0.9,0.0
2025-04-24T03:00,11.6,99,0.1,754.1,1.0,0.0
2025-04-24T04:00,11.0,99,0.0,754.0,2.2,0.0
2025-04-24T05:00,11.1,99,0.0,754.2,0.4,0.0
2025-04-24T06:00,11.0,99,0.0,754.6,1.1,1.0
2025-04-24T07:00,12.5,96,0.0,756.0,1.0,86.0
2025-04-24T08:00,13.6,87,0.0,758.0,4.0,245.0
2025-04-24T09:00,15.5,80,0.0,759.3,2.8,431.0
2025-04-24T10:00,17.2,71,0.0,759.6,0.7,529.0
2025-04-24T11:00,18.4,65,0.1,759.6,3.3,617.0
2025-04-24T12:00,18.7,65,0.2,758.8,7.0,638.0
2025-04-24T13:00,17.7,69,6.4,757.4,7.0,598.0
2025-04-24T14:00,17.6,73,0.6,756.4,6.3,567.0
2025-04-24T15:00,17.9,70,0.2,755.8,5.8,432.0
2025-04-24T16:00,17.6,65,0.1,755.2,7.2,395.0
2025-04-24T17:00,17.1,66,0.0,754.9,6.1,226.0
2025-04-24T18:00,15.6,79,0.0,755.0,2.4,80.0
2025-04-24T19:00,14.5,84,0.0,755.2,3.4,0.0
2025-04-24T20:00,14.0,89,0.0,755.6,0.6,0.0
2025-04-24T21:00,13.0,93,0.0,755.8,0.6,0.0
2025-04-24T22:00,11.8,99,0.0,755.3,1.2,0.0
2025-04-24T23:00,11.2,100,0.0,754.7,0.4,0.0
2025-04-25T00:00,10.9,100,0.0,754.1,0.4,0.0
2025-04-25T01:00,11.1,100,0.0,753.7,0.4,0.0
2025-04-25T02:00,11.6,100,0.0,753.7,1.9,0.0
2025-04-25T03:00,11.7,99,0.0,753.6,2.0,0.0
2025-04-25T04:00,11.6,99,0.0,753.5,1.7,0.0
2025-04-25T05:00,11.6,98,0.0,754.1,2.2,0.0
2025-04-25T06:00,11.8,95,0.0,755.1,5.2,1.0
2025-04-25T07:00,12.4,92,0.0,756.2,3.5,71.0
2025-04-25T08:00,14.1,89,0.0,757.4,3.9,192.0
2025-04-25T09:00,15.7,85,0.1,758.5,3.8,478.0
2025-04-25T10:00,18.1,74,0.1,759.1,0.4,763.0
2025-04-25T11:00,20.1,62,0.1,758.7,3.9,787.0
2025-04-25T12:00,19.1,62,0.1,757.4,5.2,625.0
2025-04-25T13:00,19.0,62,0.1,756.6,6.6,585.0
2025-04-25T14:00,18.4,65,0.3,755.7,7.8,552.0
2025-04-25T15:00,19.6,62,0.2,755.5,4.7,619.0
2025-04-25T16:00,17.1,75,2.8,754.6,11.1,440.0
2025-04-25T17:00,15.7,83,0.8,754.9,2.2,134.0
2025-04-25T18:00,14.5,95,2.0,755.1,4.6,22.0
2025-04-25T19:00,14.0,98,0.3,755.3,5.0,0.0
2025-04-25T20:00,14.0,96,0.6,755.8,3.0,0.0
2025-04-25T21:00,13.4,98,2.4,756.3,5.6,0.0
2025-04-25T22:00,13.3,97,1.0,756.5,1.9,0.0
2025-04-25T23:00,13.2,95,0.6,756.4,0.2,0.0
2025-04-26T00:00,12.4,97,0.4,755.5,2.3,0.0
2025-04-26T01:00,11.9,99,1.3,755.0,4.3,0.0
2025-04-26T02:00,11.7,99,0.1,754.4,2.2,0.0
2025-04-26T03:00,11.7,99,0.0,754.0,1.5,0.0
2025-04-26T04:00,11.2,99,0.0,753.6,0.6,0.0
2025-04-26T05:00,10.9,99,0.9,753.9,1.9,0.0
2025-04-26T06:00,11.0,98,0.8,754.5,2.1,1.0
2025-04-26T07:00,12.2,95,0.1,755.7,1.8,62.0
2025-04-26T08:00,13.4,92,0.7,757.3,3.2,132.0
2025-04-26T09:00,14.3,86,0.2,758.2,3.4,216.0
2025-04-26T10:00,15.8,80,0.0,758.8,2.7,395.0
2025-04-26T11:00,17.2,72,1.4,758.8,5.0,500.0
2025-04-26T12:00,17.7,63,12.1,758.6,5.0,657.0
2025-04-26T13:00,18.2,63,0.7,757.3,3.2,515.0
2025-04-26T14:00,16.8,71,0.4,755.9,9.4,422.0
2025-04-26T15:00,16.7,75,0.2,755.2,5.4,401.0
2025-04-26T16:00,16.3,73,0.2,754.7,3.6,309.0
2025-04-26T17:00,16.0,77,0.2,754.7,4.4,226.0
2025-04-26T18:00,14.2,88,0.5,754.6,2.4,60.0
2025-04-26T19:00,13.2,95,2.1,755.4,0.6,0.0
2025-04-26T20:00,13.8,93,1.4,756.2,2.7,0.0
2025-04-26T21:00,13.4,94,1.7,756.5,0.2,0.0
2025-04-26T22:00,13.1,96,0.4,756.7,1.1,0.0
2025-04-26T23:00,12.9,96,0.1,756.7,1.1,0.0
2025-04-27T00:00,12.7,97,0.0,756.1,2.6,0.0
2025-04-27T01:00,12.3,98,0.0,755.6,2.9,0.0
2025-04-27T02:00,12.2,97,0.0,755.3,0.7,0.0
2025-04-27T03:00,12.0,97,0.0,754.8,3.1,0.0
2025-04-27T04:00,10.8,99,0.0,753.7,2.1,0.0
2025-04-27T05:00,10.7,98,0.0,753.9,3.1,0.0
2025-04-27T06:00,10.4,99,0.0,754.1,2.6,2.0
2025-04-27T07:00,11.8,95,0.0,755.8,2.8,101.0
2025-04-27T08:00,14.6,84,0.0,758.1,4.0,365.0
2025-04-27T09:00,16.5,72,0.1,759.0,2.9,575.0
2025-04-27T10:00,17.9,63,0.1,759.5,4.5,725.0
2025-04-27T11:00,19.0,56,0.1,759.4,7.3,808.0
2025-04-27T12:00,20.3,50,0.1,758.9,7.4,872.0
2025-04-27T13:00,20.7,49,0.1,757.8,7.4,825.0
2025-04-27T14:00,20.8,49,0.1,756.7,5.9,732.0
2025-04-27T15:00,20.1,53,0.2,755.9,5.4,647.0
2025-04-27T16:00,19.0,57,0.1,755.0,8.5,397.0
2025-04-27T17:00,17.2,72,2.2,754.9,7.1,275.0
2025-04-27T18:00,14.2,91,5.2,755.0,7.5,40.0
2025-04-27T19:00,13.7,93,0.1,755.8,3.9,0.0
2025-04-27T20:00,13.9,96,0.1,755.9,6.1,0.0
2025-04-27T21:00,13.5,97,0.0,756.3,3.8,0.0
2025-04-27T22:00,13.1,96,0.0,756.7,1.3,0.0
2025-04-27T23:00,13.0,98,0.0,757.0,2.0,0.0
2025-04-28T00:00,12.7,98,0.0,756.6,1.7,0.0
2025-04-28T01:00,12.9,96,0.2,756.3,0.6,0.0
2025-04-28T02:00,12.4,98,0.4,755.6,2.4,0.0
2025-04-28T03:00,12.3,98,0.3,755.2,1.9,0.0
2025-04-28T04:00,12.1,98,0.4,755.1,1.9,0.0
2025-04-28T05:00,11.6,99,0.3,755.0,1.7,0.0
2025-04-28T06:00,11.6,99,1.3,755.5,1.6,1.0
2025-04-28T07:00,12.1,96,1.0,756.6,1.5,67.0
2025-04-28T08:00,13.8,86,0.1,758.8,1.5,239.0
2025-04-28T09:00,15.8,74,0.1,759.9,3.3,569.0
2025-04-28T10:00,17.4,63,0.4,760.5,5.6,777.0
2025-04-28T11:00,18.7,57,0.2,760.3,9.1,859.0
2025-04-28T12:00,19.1,55,0.2,759.6,12.2,843.0
2025-04-28T13:00,19.9,51,0.2,758.5,11.8,811.0
2025-04-28T14:00,19.8,51,0.1,757.4,11.2,742.0
2025-04-28T15:00,19.6,53,0.1,756.4,10.3,660.0
2025-04-28T16:00,19.5,54,0.1,756.4,8.7,519.0
2025-04-28T17:00,18.2,59,0.2,755.9,8.3,270.0
2025-04-28T18:00,16.4,69,0.0,755.9,5.4,64.0
2025-04-28T19:00,15.4,75,0.0,756.2,5.8,0.0
2025-04-28T20:00,13.7,96,0.2,756.8,0.5,0.0
2025-04-28T21:00,12.9,97,0.0,756.7,4.5,0.0
2025-04-28T22:00,12.2,96,0.0,756.5,5.3,0.0
2025-04-28T23:00,11.4,98,0.0,755.8,3.1,0.0
2025-04-29T00:00,10.9,99,0.0,755.4,3.1,0.0
2025-04-29T01:00,10.7,99,0.0,755.0,2.0,0.0
2025-04-29T02:00,10.0,100,0.0,754.3,2.7,0.0
2025-04-29T03:00,9.5,100,0.0,753.5,2.8,0.0
2025-04-29T04:00,9.3,100,0.0,753.3,1.5,0.0
2025-04-29T05:00,9.1,100,0.0,753.5,4.2,0.0
2025-04-29T06:00,8.6,100,0.0,753.9,6.1,2.0
2025-04-29T07:00,10.6,93,0.0,755.8,4.5,117.0
2025-04-29T08:00,13.8,88,0.0,758.0,1.7,350.0
2025-04-29T09:00,15.9,77,0.0,758.9,1.9,593.0
2025-04-29T10:00,17.5,69,0.1,759.3,2.7,717.0
2025-04-29T11:00,18.7,63,0.0,758.9,4.0,770.0
2025-04-29T12:00,19.7,58,0.1,758.2,3.6,730.0
2025-04-29T13:00,20.5,56,0.1,757.2,5.1,788.0
2025-04-29T14:00,20.2,54,0.1,756.2,8.1,682.0
2025-04-29T15:00,18.4,61,0.6,755.3,6.6,442.0
2025-04-29T16:00,16.6,73,1.9,754.9,4.8,313.0
2025-04-29T17:00,16.2,77,0.7,754.9,1.6,129.0
2025-04-29T18:00,14.0,92,6.2,755.3,3.1,47.0
2025-04-29T19:00,14.0,93,0.5,755.6,5.2,0.0
2025-04-29T20:00,13.6,97,0.6,756.1,2.5,0.0
2025-04-29T21:00,13.2,95,2.4,756.3,3.2,0.0
2025-04-29T22:00,13.2,97,3.3,756.8,3.6,0.0
2025-04-29T23:00,12.9,98,1.7,756.9,2.2,0.0
2025-04-30T00:00,12.6,97,0.9,756.3,1.5,0.0
2025-04-30T01:00,12.4,98,0.4,755.6,3.4,0.0
2025-04-30T02:00,12.2,98,0.3,755.1,2.0,0.0
2025-04-30T03:00,12.1,99,0.4,754.6,2.0,0.0
2025-04-30T04:00,12.0,99,0.4,754.4,3.1,0.0
2025-04-30T05:00,11.9,98,0.3,754.7,0.9,0.0
2025-04-30T06:00,11.7,99,0.2,754.9,2.1,1.0
2025-04-30T07:00,12.4,95,0.1,755.9,1.4,60.0
2025-04-30T08:00,12.6,95,0.9,756.9,3.1,109.0
2025-04-30T09:00,13.9,89,0.8,757.9,2.5,292.0
2025-04-30T10:00,15.3,80,0.5,758.7,3.1,486.0
2025-04-30T11:00,15.0,79,0.5,757.8,3.3,293.0
2025-04-30T12:00,16.4,71,0.2,757.8,3.8,586.0
2025-04-30T13:00,18.5,62,0.1,757.3,5.6,840.0
2025-04-30T14:00,19.2,58,0.1,756.3,5.9,740.0
2025-04-30T15:00,18.9,57,0.0,755.4,4.4,523.0
2025-04-30T16:00,18.7,58,0.0,755.1,4.7,403.0
2025-04-30T17:00,17.4,64,0.0,754.7,5.8,244.0
2025-04-30T18:00,15.2,81,0.6,754.5,5.6,51.0
2025-04-30T19:00,13.7,94,1.5,754.7,0.9,0.0
2025-04-30T20:00,14.6,78,0.0,755.7,3.6,0.0
2025-04-30T21:00,13.7,82,0.0,756.1,2.6,0.0
2025-04-30T22:00,13.0,87,0.0,756.5,5.2,0.0
2025-04-30T23:00,12.6,91,0.0,756.3,2.5,0.0
2025-05-01T00:00,12.0,94,0.0,755.6,2.4,0.0
2025-05-01T01:00,11.5,95,0.0,755.1,2.9,0.0
2025-05-01T02:00,11.3,96,0.0,754.5,1.8,0.0
2025-05-01T03:00,10.6,97,0.0,754.0,0.4,0.0
2025-05-01T04:00,10.1,99,0.0,753.6,1.0,0.0
2025-05-01T05:00,9.5,100,0.0,753.5,1.1,0.0
2025-05-01T06:00,9.4,99,0.0,753.8,3.0,2.0
2025-05-01T07:00,11.1,95,0.0,755.8,2.2,115.0
2025-05-01T08:00,13.7,87,0.0,757.9,1.2,332.0
2025-05-01T09:00,15.3,77,0.1,758.7,1.5,513.0
2025-05-01T10:00,16.7,69,0.2,759.3,2.8,714.0
2025-05-01T11:00,17.6,69,0.0,759.1,6.0,730.0
2025-05-01T12:00,17.8,64,0.0,758.5,8.9,630.0
2025-05-01T13:00,18.9,57,0.1,757.5,9.3,668.0
2025-05-01T14:00,19.3,54,0.1,756.8,8.7,617.0
2025-05-01T15:00,19.0,55,0.1,755.9,7.7,466.0
2025-05-01T16:00,19.1,56,0.1,755.7,5.5,489.0
2025-05-01T17:00,18.0,60,0.0,755.2,3.3,227.0
2025-05-01T18:00,16.0,76,0.1,754.9,5.9,58.0
2025-05-01T19:00,14.7,85,0.0,755.5,4.6,0.0
2025-05-01T20:00,13.1,94,0.3,755.5,3.0,0.0
2025-05-01T21:00,11.9,98,0.1,755.5,3.1,0.0
2025-05-01T22:00,11.9,98,0.0,755.8,2.1,0.0
2025-05-01T23:00,11.7,98,0.0,756.1,3.1,0.0
2025-05-02T00:00,11.4,98,0.0,755.8,3.5,0.0
2025-05-02T01:00,11.6,95,0.0,755.7,1.8,0.0
2025-05-02T02:00,11.4,96,0.0,755.2,1.3,0.0
2025-05-02T03:00,11.2,98,0.0,754.8,1.8,0.0
2025-05-02T04:00,10.9,98,0.0,754.6,2.0,0.0
2025-05-02T05:00,10.5,99,0.0,754.6,1.7,0.0
2025-05-02T06:00,10.4,99,0.0,755.0,2.1,1.0
2025-05-02T07:00,11.1,97,0.0,756.0,2.7,88.0
2025-05-02T08:00,13.6,86,0.0,757.8,2.7,325.0
2025-05-02T09:00,15.5,77,0.0,758.8,2.3,525.0
2025-05-02T10:00,17.7,67,0.0,759.3,4.1,751.0
2025-05-02T11:00,19.8,54,0.0,759.3,6.0,800.0
2025-05-02T12:00,20.4,52,0.1,759.0,8.3,892.0
2025-05-02T13:00,20.2,53,0.2,757.7,10.3,753.0
2025-05-02T14:00,19.1,56,0.1,756.6,10.9,499.0
2025-05-02T15:00,19.0,58,0.0,755.8,4.9,449.0
2025-05-02T16:00,17.4,67,0.3,755.5,3.9,398.0
2025-05-02T17:00,14.9,85,4.4,755.3,5.1,204.0
2025-05-02T18:00,14.4,89,0.1,755.6,2.0,39.0
2025-05-02T19:00,13.6,91,0.8,756.0,2.1,0.0
2025-05-02T20:00,13.4,97,0.1,756.4,0.9,0.0
2025-05-02T21:00,13.1,96,0.1,756.8,5.0,0.0
2025-05-02T22:00,12.8,97,1.0,757.1,1.6,0.0
2025-05-02T23:00,12.6,96,0.8,757.3,0.3,0.0
2025-05-03T00:00,12.2,98,0.2,756.7,3.8,0.0
2025-05-03T01:00,12.1,98,0.1,756.5,2.1,0.0
2025-05-03T02:00,12.1,98,0.2,756.1,1.2,0.0
2025-05-03T03:00,11.7,100,0.1,755.2,1.5,0.0
2025-05-03T04:00,11.4,99,0.0,754.8,0.6,0.0
2025-05-03T05:00,11.4,99,0.0,755.1,0.5,0.0
2025-05-03T06:00,11.4,99,0.0,755.3,0.6,1.0
2025-05-03T07:00,12.3,96,0.0,756.3,2.1,53.0
2025-05-03T08:00,12.9,93,0.5,758.1,2.9,117.0
2025-05-03T09:00,13.6,90,0.3,759.0,3.1,192.0
2025-05-03T10:00,14.3,87,0.2,759.5,5.0,256.0
2025-05-03T11:00,15.9,68,0.1,759.6,9.8,485.0
2025-05-03T12:00,16.6,62,0.1,759.1,12.1,603.0
2025-05-03T13:00,17.0,60,0.1,758.4,11.1,682.0
2025-05-03T14:00,17.0,59,0.0,757.2,11.0,616.0
2025-05-03T15:00,17.1,58,0.0,756.5,9.6,522.0
2025-05-03T16:00,17.4,55,0.0,756.0,9.5,430.0
2025-05-03T17:00,16.8,57,0.0,755.5,8.3,248.0
2025-05-03T18:00,15.5,68,0.0,754.9,4.4,42.0
2025-05-03T19:00,15.1,74,0.0,755.8,1.7,0.0
2025-05-03T20:00,14.1,92,0.0,756.2,2.8,0.0
2025-05-03T21:00,13.2,95,0.4,756.1,1.6,0.0
2025-05-03T22:00,12.8,96,0.7,756.4,0.6,0.0
2025-05-03T23:00,12.1,96,0.0,756.5,2.0,0.0
2025-05-04T00:00,12.0,96,0.0,756.1,0.8,0.0
2025-05-04T01:00,11.8,98,0.2,755.8,3.2,0.0
2025-05-04T02:00,11.8,99,0.1,755.5,3.2,0.0
2025-05-04T03:00,11.2,98,0.0,754.7,2.9,0.0
2025-05-04T04:00,10.7,98,0.0,754.2,2.3,0.0
2025-05-04T05:00,10.3,97,0.0,754.1,1.8,0.0
2025-05-04T06:00,10.0,97,0.0,754.0,0.3,2.0
2025-05-04T07:00,11.9,95,0.0,756.0,1.5,135.0
2025-05-04T08:00,14.1,87,0.0,758.0,1.9,318.0
2025-05-04T09:00,15.7,74,0.1,758.7,3.5,473.0
2025-05-04T10:00,17.5,67,0.1,758.9,2.6,686.0
2025-05-04T11:00,18.5,63,0.1,758.8,2.2,625.0
2025-05-04T12:00,19.6,57,0.1,758.3,2.8,734.0
2025-05-04T13:00,19.8,57,0.2,757.4,6.8,803.0
2025-05-04T14:00,17.1,65,0.3,755.9,11.5,482.0
2025-05-04T15:00,17.6,67,0.7,755.5,0.6,466.0
2025-05-04T16:00,16.6,73,3.4,755.1,5.0,305.0
2025-05-04T17:00,15.0,85,3.2,755.0,5.2,180.0
2025-05-04T18:00,14.0,86,0.2,755.4,2.9,48.0
2025-05-04T19:00,13.3,92,1.0,755.7,2.1,0.0
2025-05-04T20:00,13.2,97,0.9,756.1,3.8,0.0
2025-05-04T21:00,13.0,98,0.7,756.6,5.0,0.0
2025-05-04T22:00,12.8,96,0.1,757.1,2.7,0.0
2025-05-04T23:00,12.5,97,0.0,757.0,1.8,0.0
2025-05-05T00:00,12.2,97,0.0,756.6,3.0,0.0
2025-05-05T01:00,11.8,97,0.0,756.2,3.0,0.0
2025-05-05T02:00,11.8,95,0.0,755.7,1.8,0.0
2025-05-05T03:00,11.7,95,0.0,755.4,0.3,0.0
2025-05-05T04:00,11.6,95,0.0,755.2,2.1,0.0
2025-05-05T05:00,11.6,94,0.0,755.8,0.0,0.0
2025-05-05T06:00,11.5,94,0.0,756.3,2.3,1.0
2025-05-05T07:00,11.9,93,0.0,756.9,2.7,69.0
2025-05-05T08:00,13.6,88,0.0,758.2,3.0,201.0
2025-05-05T09:00,14.7,82,0.3,759.0,3.6,313.0
2025-05-05T10:00,14.8,83,0.6,758.8,4.8,325.0
2025-05-05T11:00,14.9,81,0.2,758.5,6.6,328.0
2025-05-05T12:00,15.7,75,0.2,758.4,6.6,392.0
2025-05-05T13:00,16.9,68,0.4,757.7,9.0,525.0
2025-05-05T14:00,17.1,63,0.0,756.6,8.9,440.0
2025-05-05T15:00,17.4,60,0.0,756.1,6.2,478.0
2025-05-05T16:00,17.3,59,0.0,755.8,4.2,337.0
2025-05-05T17:00,16.3,69,0.0,755.4,3.9,156.0
2025-05-05T18:00,15.2,81,0.0,755.3,3.0,37.0
2025-05-05T19:00,14.2,85,0.0,755.7,2.8,0.0
2025-05-05T20:00,12.2,98,0.0,755.4,3.3,0.0
2025-05-05T21:00,12.1,96,0.0,756.3,3.1,0.0
2025-05-05T22:00,11.8,96,0.0,756.5,2.6,0.0
2025-05-05T23:00,11.4,97,0.0,756.4,2.0,0.0
2025-05-06T00:00,11.1,97,0.0,755.7,0.7,0.0
2025-05-06T01:00,10.9,98,0.0,755.0,1.1,0.0
2025-05-06T02:00,10.1,100,0.0,754.1,0.4,0.0
2025-05-06T03:00,9.6,100,0.0,753.8,0.3,0.0
2025-05-06T04:00,9.2,100,0.0,753.5,0.4,0.0
2025-05-06T05:00,9.1,100,0.0,754.0,1.6,0.0
2025-05-06T06:00,9.2,100,0.0,754.5,1.8,2.0
2025-05-06T07:00,10.4,96,0.0,756.1,3.2,96.0
2025-05-06T08:00,13.2,87,0.0,758.1,3.1,281.0
2025-05-06T09:00,15.2,80,0.0,759.3,4.4,515.0
2025-05-06T10:00,16.7,75,0.1,759.7,2.4,694.0
2025-05-06T11:00,18.2,61,0.1,759.4,6.6,624.0
2025-05-06T12:00,18.8,56,0.1,758.7,6.4,678.0
2025-05-06T13:00,19.7,53,0.1,757.8,5.2,802.0
2025-05-06T14:00,18.5,57,0.1,756.5,9.5,630.0
2025-05-06T15:00,18.2,59,0.1,755.9,1.9,478.0
2025-05-06T16:00,17.1,67,0.0,755.4,4.2,346.0
2025-05-06T17:00,15.3,78,0.2,755.2,7.2,213.0
2025-05-06T18:00,14.4,85,0.1,755.6,1.8,63.0
2025-05-06T19:00,13.2,90,0.8,756.0,2.7,0.0
2025-05-06T20:00,13.3,97,1.0,756.6,3.6,0.0
2025-05-06T21:00,13.1,98,0.9,757.0,3.4,0.0
2025-05-06T22:00,12.9,91,0.6,757.2,0.9,0.0
2025-05-06T23:00,12.6,95,0.1,757.2,1.9,0.0
2025-05-07T00:00,12.3,91,0.0,757.0,3.3,0.0
2025-05-07T01:00,11.6,95,0.0,756.2,4.6,0.0
2025-05-07T02:00,11.2,96,0.0,755.2,4.8,0.0
2025-05-07T03:00,11.2,95,0.0,755.2,4.9,0.0
2025-05-07T04:00,11.3,94,0.0,755.1,3.2,0.0
2025-05-07T05:00,11.3,94,0.0,755.5,0.5,0.0
2025-05-07T06:00,11.1,96,0.0,755.7,1.5,1.0
2025-05-07T07:00,11.8,93,0.0,756.9,3.3,85.0
2025-05-07T08:00,13.1,88,0.2,758.1,2.4,196.0
2025-05-07T09:00,15.3,78,0.1,759.4,3.5,509.0
2025-05-07T10:00,16.4,67,0.1,759.8,6.4,590.0
2025-05-07T11:00,16.9,63,0.1,759.4,9.1,546.0
2025-05-07T12:00,17.4,59,0.0,758.9,9.5,495.0
2025-05-07T13:00,17.8,58,0.0,758.1,10.5,518.0
2025-05-07T14:00,18.1,57,0.0,757.3,8.1,489.0
2025-05-07T15:00,17.6,58,0.0,756.3,6.4,314.0
2025-05-07T16:00,17.5,59,0.0,755.7,2.1,249.0
2025-05-07T17:00,17.1,61,0.0,755.7,2.2,234.0
2025-05-07T18:00,15.4,75,0.0,755.2,1.4,68.0
2025-05-07T19:00,14.2,83,0.0,755.8,3.9,0.0
2025-05-07T20:00,13.0,93,0.0,755.8,4.1,0.0
2025-05-07T21:00,12.3,98,0.0,756.2,1.8,0.0
2025-05-07T22:00,11.7,100,0.0,756.4,1.8,0.0
2025-05-07T23:00,11.4,100,0.0,756.6,3.4,0.0
2025-05-08T00:00,11.6,98,0.0,756.6,2.0,0.0
2025-05-08T01:00,11.7,98,0.0,756.1,1.3,0.0
2025-05-08T02:00,11.5,98,0.0,755.6,1.0,0.0
2025-05-08T03:00,11.1,98,0.0,755.2,1.4,0.0
2025-05-08T04:00,10.6,98,0.0,755.1,1.3,0.0
2025-05-08T05:00,10.0,100,0.0,755.2,1.2,0.0
2025-05-08T06:00,9.6,100,0.0,755.3,0.8,2.0
2025-05-08T07:00,11.1,95,0.0,756.8,2.6,124.0
2025-05-08T08:00,13.7,85,0.0,758.8,3.1,329.0
2025-05-08T09:00,15.8,76,0.0,759.9,2.3,582.0
2025-05-08T10:00,17.7,68,0.0,760.2,4.8,763.0
2025-05-08T11:00,18.8,58,0.1,759.7,7.0,724.0
2025-05-08T12:00,19.9,52,0.1,759.2,7.7,861.0
2025-05-08T13:00,20.5,51,0.2,758.2,4.5,774.0
2025-05-08T14:00,17.3,69,1.4,756.3,10.3,634.0
2025-05-08T15:00,17.7,64,0.2,755.8,4.0,452.0
2025-05-08T16:00,16.7,72,0.2,755.6,7.4,329.0
2025-05-08T17:00,15.5,77,2.0,755.4,0.9,183.0
2025-05-08T18:00,14.1,90,0.0,755.3,2.0,46.0
2025-05-08T19:00,13.7,90,0.0,755.9,0.7,0.0
2025-05-08T20:00,13.0,93,0.0,756.0,0.3,0.0
2025-05-08T21:00,11.9,98,0.4,756.6,4.9,0.0
2025-05-08T22:00,12.3,98,0.0,756.8,0.9,0.0
2025-05-08T23:00,11.0,100,0.0,755.9,0.9,0.0
2025-05-09T00:00,10.9,99,0.0,755.5,2.9,0.0
2025-05-09T01:00,10.4,99,0.0,754.8,1.2,0.0
2025-05-09T02:00,9.6,100,0.0,754.0,3.6,0.0
2025-05-09T03:00,9.3,100,0.0,753.8,5.2,0.0
2025-05-09T04:00,8.9,100,0.0,753.7,2.7,0.0
2025-05-09T05:00,8.4,100,0.0,753.6,2.7,0.0
2025-05-09T06:00,8.4,100,0.0,754.2,1.9,2.0
2025-05-09T07:00,10.5,97,0.0,756.4,1.2,97.0
2025-05-09T08:00,13.4,83,0.1,758.4,2.7,266.0
2025-05-09T09:00,15.6,74,0.2,759.7,4.2,570.0
2025-05-09T10:00,16.8,66,0.1,760.0,6.8,692.0
2025-05-09T11:00,17.9,60,0.1,759.9,10.3,791.0
2025-05-09T12:00,18.6,59,0.1,759.4,11.4,745.0
2025-05-09T13:00,17.8,61,0.0,758.2,12.3,521.0
2025-05-09T14:00,18.5,60,0.0,757.7,12.0,686.0
2025-05-09T15:00,18.5,60,0.0,756.9,12.2,658.0
2025-05-09T16:00,17.9,62,0.0,756.1,11.2,529.0
2025-05-09T17:00,16.9,66,0.0,755.8,9.4,283.0
2025-05-09T18:00,15.3,76,0.0,755.6,5.5,70.0
2025-05-09T19:00,14.6,80,0.0,756.3,5.2,0.0
2025-05-09T20:00,13.5,84,0.0,756.8,3.1,0.0
2025-05-09T21:00,12.8,88,0.0,757.2,3.1,0.0
2025-05-09T22:00,11.8,91,0.0,757.0,3.8,0.0
2025-05-09T23:00,11.0,95,0.0,756.7,4.4,0.0
2025-05-10T00:00,10.3,98,0.0,756.1,4.5,0.0
2025-05-10T01:00,9.9,98,0.0,755.4,4.9,0.0
2025-05-10T02:00,9.8,97,0.0,755.0,4.6,0.0
2025-05-10T03:00,10.1,95,0.0,754.9,3.9,0.0
2025-05-10T04:00,10.0,94,0.0,754.8,4.8,0.0
2025-05-10T05:00,10.2,92,0.0,754.9,5.1,0.0
2025-05-10T06:00,10.3,92,0.0,755.3,5.8,2.0
2025-05-10T07:00,12.2,86,0.0,757.1,7.3,97.0
2025-05-10T08:00,14.6,75,0.0,759.1,6.1,303.0
2025-05-10T09:00,16.5,65,0.0,760.2,7.4,501.0
2025-05-10T10:00,17.3,62,0.0,760.2,11.3,595.0
2025-05-10T11:00,19.2,57,0.0,760.3,15.0,808.0
2025-05-10T12:00,19.5,54,0.0,759.7,15.8,809.0
2025-05-10T13:00,19.8,54,0.0,758.9,14.9,863.0
2025-05-10T14:00,19.5,55,0.2,757.8,13.5,810.0
2025-05-10T15:00,18.9,59,0.2,756.9,11.8,681.0
2025-05-10T16:00,18.3,62,0.0,756.5,11.8,506.0
2025-05-10T17:00,17.0,67,0.0,756.4,11.4,251.0
2025-05-10T18:00,15.4,75,0.0,756.6,9.3,74.0
2025-05-10T19:00,14.4,79,0.0,757.0,7.1,0.0
2025-05-10T20:00,13.0,85,0.0,756.7,6.8,0.0
2025-05-10T21:00,12.1,91,0.0,756.9,4.9,0.0
2025-05-10T22:00,11.7,91,0.0,757.0,7.4,0.0
2025-05-10T23:00,11.4,90,0.0,756.7,5.2,0.0
2025-05-11T00:00,11.5,91,0.0,756.9,3.4,0.0
2025-05-11T01:00,11.2,92,0.0,756.6,3.0,0.0
2025-05-11T02:00,11.3,92,0.0,756.0,4.6,0.0
2025-05-11T03:00,11.6,91,0.0,755.8,2.5,0.0
2025-05-11T04:00,11.6,92,0.0,755.8,2.4,0.0
2025-05-11T05:00,11.7,94,0.0,756.0,3.1,0.0
2025-05-11T06:00,11.8,95,0.0,756.4,5.1,1.0
2025-05-11T07:00,13.0,85,0.0,757.6,3.6,88.0
2025-05-11T08:00,13.6,84,0.0,758.6,6.2,136.0
2025-05-11T09:00,15.4,75,0.1,759.9,8.1,383.0
2025-05-11T10:00,16.2,71,0.2,760.3,7.9,458.0
2025-05-11T11:00,18.0,65,0.5,760.6,7.0,874.0
2025-05-11T12:00,18.8,61,0.5,760.2,8.6,936.0
2025-05-11T13:00,19.2,59,0.4,759.4,10.4,922.0
2025-05-11T14:00,18.6,64,0.6,758.2,12.0,788.0
2025-05-11T15:00,17.7,69,0.2,757.2,12.5,652.0
2025-05-11T16:00,16.7,73,0.2,756.9,12.8,463.0
2025-05-11T17:00,15.7,75,0.0,756.8,11.6,268.0
2025-05-11T18:00,14.3,83,0.0,756.8,7.7,72.0
2025-05-11T19:00,13.6,87,0.0,757.3,5.6,0.0
2025-05-11T20:00,12.9,91,0.0,757.8,2.6,0.0
2025-05-11T21:00,12.8,92,0.0,758.5,2.3,0.0
2025-05-11T22:00,12.2,95,0.0,758.3,1.8,0.0
2025-05-11T23:00,11.6,98,0.0,757.7,1.1,0.0
2025-05-12T00:00,11.1,99,0.0,757.1,2.2,0.0
2025-05-12T01:00,10.8,98,0.0,756.1,2.4,0.0
2025-05-12T02:00,10.9,98,0.0,755.6,1.9,0.0
2025-05-12T03:00,11.1,97,0.0,755.5,1.8,0.0
2025-05-12T04:00,11.2,97,0.0,755.6,1.4,0.0
2025-05-12T05:00,11.2,96,0.0,755.7,4.1,0.0
2025-05-12T06:00,11.0,96,0.0,756.0,3.3,2.0
2025-05-12T07:00,11.9,92,0.1,757.1,2.9,41.0
2025-05-12T08:00,14.3,79,0.0,759.5,5.2,244.0
2025-05-12T09:00,16.4,70,0.0,760.6,6.6,503.0
2025-05-12T10:00,18.0,62,0.0,761.1,6.4,688.0
2025-05-12T11:00,18.7,60,0.2,760.6,7.5,865.0
2025-05-12T12:00,19.3,59,0.2,760.0,9.5,943.0
2025-05-12T13:00,18.9,64,0.1,758.7,9.8,824.0
2025-05-12T14:00,18.8,65,0.1,757.6,9.4,668.0
2025-05-12T15:00,19.1,64,0.1,757.0,10.8,672.0
2025-05-12T16:00,17.7,70,1.0,756.5,11.5,457.0
2025-05-12T17:00,16.8,73,0.1,756.2,8.9,221.0
2025-05-12T18:00,14.8,84,0.1,756.2,9.6,54.0
2025-05-12T19:00,14.0,88,0.1,756.7,7.0,0.0
2025-05-12T20:00,14.3,81,0.0,757.0,5.1,0.0
2025-05-12T21:00,13.8,85,0.0,757.6,3.1,0.0
2025-05-12T22:00,13.5,87,0.0,758.0,2.8,0.0
2025-05-12T23:00,12.9,91,0.0,757.7,1.9,0.0
2025-05-13T00:00,13.0,91,0.0,757.2,2.8,0.0
2025-05-13T01:00,11.7,95,0.0,755.7,3.0,0.0
2025-05-13T02:00,11.1,98,0.0,754.6,1.3,0.0
2025-05-13T03:00,11.4,98,0.0,754.5,1.8,0.0
2025-05-13T04:00,11.1,98,0.0,754.0,1.5,0.0
2025-05-13T05:00,11.4,97,0.0,754.7,1.3,0.0
2025-05-13T06:00,11.6,96,0.0,755.4,0.8,2.0
2025-05-13T07:00,12.4,91,0.0,756.7,2.3,60.0
2025-05-13T08:00,14.0,87,0.1,758.1,1.8,181.0
2025-05-13T09:00,15.6,79,0.3,758.9,4.0,401.0
2025-05-13T10:00,17.1,71,0.3,759.3,5.6,648.0
2025-05-13T11:00,17.2,69,0.1,759.0,9.3,632.0
2025-05-13T12:00,17.4,68,0.1,758.8,9.0,608.0
2025-05-13T13:00,17.5,66,0.0,757.9,10.9,523.0
2025-05-13T14:00,18.3,61,0.1,756.9,10.1,550.0
2025-05-13T15:00,18.8,60,0.0,756.6,8.0,508.0
2025-05-13T16:00,17.6,64,0.0,756.0,5.1,261.0
2025-05-13T17:00,16.4,73,0.2,755.8,0.7,160.0
2025-05-13T18:00,14.9,84,0.0,755.7,4.9,40.0
2025-05-13T19:00,14.4,88,0.0,756.2,6.0,0.0
2025-05-13T20:00,14.0,89,0.1,755.9,2.3,0.0
2025-05-13T21:00,12.8,94,0.1,755.6,3.1,0.0
2025-05-13T22:00,12.4,94,0.0,755.8,3.8,0.0
2025-05-13T23:00,12.2,97,0.0,756.1,4.6,0.0
2025-05-14T00:00,11.9,99,0.0,755.7,4.5,0.0
2025-05-14T01:00,11.6,99,0.0,755.1,4.2,0.0
2025-05-14T02:00,10.9,100,0.0,754.4,3.9,0.0
2025-05-14T03:00,10.6,100,0.0,754.3,3.8,0.0
2025-05-14T04:00,10.6,99,0.0,754.2,3.8,0.0
2025-05-14T05:00,10.4,99,0.0,754.5,3.8,0.0
2025-05-14T06:00,10.3,99,0.0,754.8,3.2,2.0
2025-05-14T07:00,10.9,97,0.0,755.5,3.1,96.0
2025-05-14T08:00,13.5,88,0.0,757.3,1.6,196.0
2025-05-14T09:00,14.8,83,0.2,758.4,3.2,364.0
2025-05-14T10:00,15.2,81,0.5,758.5,3.3,329.0
2025-05-14T11:00,16.7,72,0.4,759.0,3.0,544.0
2025-05-14T12:00,17.6,71,0.3,758.4,5.7,672.0
2025-05-14T13:00,19.3,61,0.0,758.1,8.6,861.0
2025-05-14T14:00,19.0,57,0.0,756.4,9.2,550.0
2025-05-14T15:00,19.9,53,0.0,756.4,8.5,586.0
2025-05-14T16:00,19.2,55,0.0,755.9,7.6,384.0
2025-05-14T17:00,17.6,62,0.0,755.5,2.9,153.0
2025-05-14T18:00,15.5,80,0.0,755.7,2.2,40.0
2025-05-14T19:00,14.9,86,0.0,756.3,2.8,0.0
2025-05-14T20:00,13.6,96,0.2,756.3,1.1,0.0
2025-05-14T21:00,13.5,96,0.3,756.8,3.4,0.0
2025-05-14T22:00,12.7,97,0.0,756.8,4.2,0.0
2025-05-14T23:00,12.4,99,0.0,756.8,3.7,0.0
2025-05-15T00:00,12.1,99,0.0,756.9,3.2,0.0
2025-05-15T01:00,11.7,99,0.0,756.2,2.5,0.0
2025-05-15T02:00,11.2,99,0.0,755.3,1.4,0.0
2025-05-15T03:00,10.5,100,0.0,754.5,1.2,0.0
2025-05-15T04:00,10.3,100,0.0,754.4,1.5,0.0
2025-05-15T05:00,9.9,100,0.0,754.6,1.8,0.0
2025-05-15T06:00,10.0,100,0.0,754.9,2.4,2.0
2025-05-15T07:00,10.6,98,0.0,755.7,3.8,82.0
2025-05-15T08:00,13.0,90,0.1,757.3,1.3,170.0
2025-05-15T09:00,14.2,84,0.1,758.2,2.5,295.0
2025-05-15T10:00,15.0,81,0.1,758.6,4.9,396.0
2025-05-15T11:00,16.5,79,0.1,759.2,4.6,716.0
2025-05-15T12:00,17.9,73,0.2,758.9,3.5,604.0
2025-05-15T13:00,17.3,72,2.7,757.7,6.6,421.0
2025-05-15T14:00,16.5,75,5.8,756.8,6.5,420.0
2025-05-15T15:00,16.6,74,0.0,755.9,3.7,285.0
2025-05-15T16:00,17.5,67,0.0,756.0,3.5,414.0
2025-05-15T17:00,16.7,70,0.0,755.8,1.7,203.0
2025-05-15T18:00,14.6,88,0.7,755.3,0.4,45.0
2025-05-15T19:00,14.2,92,0.2,756.3,4.7,0.0
2025-05-15T20:00,13.4,95,0.1,756.5,1.5,0.0
2025-05-15T21:00,13.7,94,0.0,757.3,1.1,0.0
2025-05-15T22:00,13.4,96,0.1,757.2,1.5,0.0
2025-05-15T23:00,13.1,96,0.0,757.4,0.8,0.0
2025-05-16T00:00,12.2,98,0.0,756.8,3.1,0.0
2025-05-16T01:00,11.9,98,0.0,756.3,0.9,0.0
2025-05-16T02:00,11.7,98,0.0,755.9,1.5,0.0
2025-05-16T03:00,11.2,97,0.0,755.3,3.5,0.0
2025-05-16T04:00,10.6,98,0.0,754.8,4.8,0.0
2025-05-16T05:00,10.2,97,0.0,754.7,3.2,0.0
2025-05-16T06:00,9.9,97,0.0,754.9,3.0,3.0
2025-05-16T07:00,11.4,94,0.0,756.6,3.5,78.0
2025-05-16T08:00,14.2,85,0.0,758.5,2.2,355.0
2025-05-16T09:00,15.7,74,0.1,759.3,3.9,560.0
2025-05-16T10:00,17.4,68,0.0,759.7,3.1,680.0
2025-05-16T11:00,19.3,61,0.0,759.9,3.8,731.0
2025-05-16T12:00,18.9,62,0.2,758.7,8.5,611.0
2025-05-16T13:00,19.3,62,0.4,758.2,6.4,716.0
2025-05-16T14:00,17.1,71,5.8,756.8,8.5,429.0
2025-05-16T15:00,16.5,74,1.3,755.8,5.8,354.0
2025-05-16T16:00,17.7,67,0.6,756.2,5.4,361.0
2025-05-16T17:00,16.0,78,2.8,755.4,2.9,174.0
2025-05-16T18:00,14.3,89,0.0,755.5,1.6,48.0
2025-05-16T19:00,12.9,94,3.2,756.2,1.5,0.0
2025-05-16T20:00,13.5,97,0.0,756.4,1.7,0.0
2025-05-16T21:00,13.3,89,0.1,757.2,0.2,0.0
2025-05-16T22:00,13.2,92,0.0,757.5,1.4,0.0
2025-05-16T23:00,12.0,95,0.0,756.4,1.1,0.0
2025-05-17T00:00,11.9,96,0.1,756.6,3.6,0.0
2025-05-17T01:00,11.4,99,0.1,755.9,5.8,0.0
2025-05-17T02:00,10.9,100,0.0,755.3,1.8,0.0
2025-05-17T03:00,10.0,100,0.0,754.6,2.1,0.0
2025-05-17T04:00,10.0,100,0.0,754.8,2.2,0.0
2025-05-17T05:00,10.1,100,0.0,755.2,2.1,0.0
2025-05-17T06:00,10.3,99,0.0,755.9,3.9,2.0
2025-05-17T07:00,11.3,96,0.0,757.1,3.0,72.0
2025-05-17T08:00,13.1,91,0.2,758.7,1.9,127.0
2025-05-17T09:00,14.4,84,0.2,759.8,4.3,301.0
2025-05-17T10:00,15.6,76,0.1,760.4,2.2,440.0
2025-05-17T11:00,17.3,66,0.2,760.5,2.0,629.0
2025-05-17T12:00,18.3,60,0.1,760.0,3.9,563.0
2025-05-17T13:00,17.5,61,0.1,759.2,9.9,631.0
2025-05-17T14:00,16.2,74,0.2,757.6,7.7,462.0
2025-05-17T15:00,17.0,71,0.2,757.1,5.1,454.0
2025-05-17T16:00,17.6,67,0.1,756.8,7.7,450.0
2025-05-17T17:00,16.5,71,0.0,756.4,7.7,222.0
2025-05-17T18:00,14.8,83,0.0,756.1,5.2,51.0
2025-05-17T19:00,14.1,89,0.0,756.4,2.5,0.0
2025-05-17T20:00,13.5,97,0.3,757.1,2.5,0.0
2025-05-17T21:00,13.2,96,0.0,757.3,1.4,0.0
2025-05-17T22:00,13.0,96,0.0,757.4,1.1,0.0
2025-05-17T23:00,12.9,96,0.0,757.5,2.6,0.0
2025-05-18T00:00,12.9,94,0.0,757.4,1.1,0.0
2025-05-18T01:00,12.4,94,0.0,756.6,1.8,0.0
2025-05-18T02:00,11.8,94,0.0,755.7,2.7,0.0
2025-05-18T03:00,11.1,95,0.0,754.9,2.0,0.0
2025-05-18T04:00,11.1,95,0.0,754.7,1.3,0.0
2025-05-18T05:00,10.5,97,0.0,754.5,0.5,0.0
2025-05-18T06:00,10.1,98,0.0,754.7,2.0,3.0
2025-05-18T07:00,11.9,95,0.0,756.5,2.3,114.0
2025-05-18T08:00,13.8,91,0.0,758.3,1.7,268.0
2025-05-18T09:00,15.8,76,0.0,759.4,3.5,448.0
2025-05-18T10:00,17.2,66,0.0,759.9,3.1,596.0
2025-05-18T11:00,18.5,60,0.0,759.9,5.0,605.0
2025-05-18T12:00,19.0,61,0.0,759.4,6.1,620.0
2025-05-18T13:00,19.0,61,0.0,758.3,6.0,577.0
2025-05-18T14:00,18.7,62,0.1,757.6,5.6,661.0
2025-05-18T15:00,17.7,65,0.0,756.6,6.0,453.0
2025-05-18T16:00,16.0,77,2.5,755.8,6.2,272.0
2025-05-18T17:00,15.8,80,0.6,755.8,2.9,175.0
2025-05-18T18:00,14.7,88,0.1,755.9,2.8,45.0
2025-05-18T19:00,13.7,90,4.0,756.6,1.2,0.0
2025-05-18T20:00,12.9,96,0.0,756.6,7.4,0.0
2025-05-18T21:00,12.8,94,0.0,757.2,0.4,0.0
2025-05-18T22:00,12.2,97,0.0,757.1,3.1,0.0
2025-05-18T23:00,11.9,98,0.0,757.1,4.0,0.0
2025-05-19T00:00,11.1,98,0.0,756.0,3.0,0.0
2025-05-19T01:00,11.1,98,0.0,755.5,2.0,0.0
2025-05-19T02:00,11.2,97,0.0,755.5,2.4,0.0
2025-05-19T03:00,11.3,95,0.0,755.4,2.3,0.0
2025-05-19T04:00,10.7,95,0.0,755.1,1.7,0.0
2025-05-19T05:00,10.3,95,0.0,755.4,2.8,0.0
2025-05-19T06:00,10.5,94,0.0,755.6,2.4,2.0
2025-05-19T07:00,11.3,94,0.0,757.0,1.0,92.0
2025-05-19T08:00,14.6,87,0.0,758.9,2.7,338.0
2025-05-19T09:00,16.3,76,0.1,759.8,3.3,471.0
2025-05-19T10:00,15.5,78,0.6,759.0,0.3,295.0
2025-05-19T11:00,16.9,76,0.3,759.6,2.4,563.0
2025-05-19T12:00,16.7,71,2.2,758.6,2.6,458.0
2025-05-19T13:00,18.0,69,0.3,758.2,2.3,621.0
2025-05-19T14:00,18.7,64,0.1,757.6,4.6,553.0
2025-05-19T15:00,18.9,64,0.1,756.7,4.5,562.0
2025-05-19T16:00,17.4,68,0.3,756.2,8.8,365.0
2025-05-19T17:00,15.7,80,0.0,755.7,8.5,98.0
2025-05-19T18:00,15.0,86,0.1,756.0,5.1,32.0
2025-05-19T19:00,14.0,90,0.2,756.3,5.7,0.0
2025-05-19T20:00,13.5,90,4.7,756.3,1.2,0.0
2025-05-19T21:00,13.4,94,3.1,757.0,2.6,0.0
2025-05-19T22:00,12.8,97,0.2,756.9,2.2,0.0
2025-05-19T23:00,12.2,98,0.0,756.7,3.4,0.0
2025-05-20T00:00,12.5,96,0.4,756.8,3.5,0.0
2025-05-20T01:00,12.2,97,0.2,756.1,3.9,0.0
2025-05-20T02:00,12.1,96,0.1,755.6,2.7,0.0
2025-05-20T03:00,11.9,95,0.1,755.2,0.6,0.0
2025-05-20T04:00,11.8,96,0.2,755.4,0.9,0.0
2025-05-20T05:00,11.7,97,0.2,755.5,1.2,0.0
2025-05-20T06:00,11.8,97,0.1,756.0,1.3,1.0
2025-05-20T07:00,12.4,96,0.4,756.9,1.3,50.0
2025-05-20T08:00,13.3,89,0.2,758.6,1.3,250.0
2025-05-20T09:00,14.4,83,0.4,759.5,1.4,372.0
2025-05-20T10:00,14.5,84,0.5,759.2,1.3,284.0
2025-05-20T11:00,16.7,74,0.2,759.5,2.3,601.0
2025-05-20T12:00,18.7,62,0.2,759.4,7.3,878.0
2025-05-20T13:00,19.6,55,0.1,758.5,7.9,778.0
2025-05-20T14:00,19.4,54,0.1,757.4,6.0,716.0
2025-05-20T15:00,19.1,55,0.2,756.5,5.8,507.0
2025-05-20T16:00,19.0,55,0.1,756.1,4.8,415.0
2025-05-20T17:00,17.8,60,0.0,756.0,4.3,240.0
2025-05-20T18:00,16.0,79,0.0,755.9,1.5,53.0
2025-05-20T19:00,14.8,84,0.0,756.3,3.5,0.0
2025-05-20T20:00,13.7,94,0.0,756.4,2.3,0.0
2025-05-20T21:00,13.0,97,0.0,756.8,5.4,0.0
2025-05-20T22:00,12.6,97,0.0,757.6,3.5,0.0
2025-05-20T23:00,12.4,97,0.0,757.9,3.9,0.0
2025-05-21T00:00,12.5,96,0.0,757.6,2.7,0.0
2025-05-21T01:00,12.1,96,0.0,757.3,1.1,0.0
2025-05-21T02:00,12.2,95,0.0,756.7,2.0,0.0
2025-05-21T03:00,11.8,95,0.0,756.4,3.1,0.0
2025-05-21T04:00,11.8,94,0.0,756.2,2.3,0.0
2025-05-21T05:00,11.5,96,0.0,755.7,1.5,0.0
2025-05-21T06:00,10.8,100,0.0,755.6,2.8,2.0
2025-05-21T07:00,11.6,95,0.0,756.9,3.1,106.0
2025-05-21T08:00,13.7,85,0.1,758.6,2.3,206.0
2025-05-21T09:00,15.2,78,0.2,759.6,1.8,396.0
2025-05-21T10:00,16.1,73,0.1,759.9,4.4,464.0
2025-05-21T11:00,17.2,68,0.1,759.7,7.0,619.0
2025-05-21T12:00,18.5,61,0.0,759.4,8.4,733.0
2025-05-21T13:00,18.5,63,0.1,758.2,10.8,758.0
2025-05-21T14:00,18.6,65,0.1,757.0,8.1,614.0
2025-05-21T15:00,18.2,64,0.3,756.3,12.2,615.0
2025-05-21T16:00,17.7,66,0.4,756.1,8.0,397.0
2025-05-21T17:00,17.2,66,0.0,756.1,7.4,237.0
2025-05-21T18:00,15.1,80,0.0,756.3,3.8,70.0
2025-05-21T19:00,14.1,88,0.0,756.9,7.6,0.0
2025-05-21T20:00,14.0,87,0.0,756.6,0.6,0.0
2025-05-21T21:00,12.7,93,0.0,756.3,3.4,0.0
2025-05-21T22:00,12.6,94,0.0,756.5,3.2,0.0
2025-05-21T23:00,12.3,96,0.1,757.1,4.5,0.0
2025-05-22T00:00,11.8,98,0.2,756.6,2.7,0.0
2025-05-22T01:00,11.8,97,0.2,756.6,2.8,0.0
2025-05-22T02:00,11.9,96,0.1,756.1,2.7,0.0
2025-05-22T03:00,11.8,96,0.0,755.8,1.7,0.0
2025-05-22T04:00,11.3,100,0.0,755.5,0.6,0.0
2025-05-22T05:00,10.6,100,0.0,755.4,2.3,0.0
2025-05-22T06:00,10.4,99,0.0,755.8,2.7,3.0
2025-05-22T07:00,11.7,94,0.1,757.2,4.5,89.0
2025-05-22T08:00,12.7,95,0.8,758.2,3.2,131.0
2025-05-22T09:00,13.3,95,1.2,758.7,2.2,124.0
2025-05-22T10:00,13.4,94,1.6,758.7,3.5,126.0
2025-05-22T11:00,13.9,93,1.5,758.6,3.5,233.0
2025-05-22T12:00,14.4,92,1.1,758.2,3.1,312.0
2025-05-22T13:00,15.2,85,1.4,758.0,3.3,413.0
2025-05-22T14:00,15.2,83,0.8,757.2,3.2,368.0
2025-05-22T15:00,14.9,85,0.3,756.4,3.1,252.0
2025-05-22T16:00,14.6,88,0.1,756.3,3.6,245.0
2025-05-22T17:00,14.1,92,0.0,756.1,2.2,115.0
2025-05-22T18:00,13.3,94,0.0,756.0,2.2,43.0
2025-05-22T19:00,12.4,96,0.0,756.0,2.4,0.0
2025-05-22T20:00,12.6,95,0.0,756.5,4.3,0.0
2025-05-22T21:00,12.3,92,0.0,757.2,4.8,0.0
2025-05-22T22:00,11.9,94,0.0,757.3,2.6,0.0
2025-05-22T23:00,12.1,95,0.0,757.5,2.4,0.0
2025-05-23T00:00,12.0,97,0.0,757.2,2.1,0.0
2025-05-23T01:00,11.2,100,0.0,756.2,2.0,0.0
2025-05-23T02:00,10.5,100,0.0,755.4,1.3,0.0
2025-05-23T03:00,10.3,100,0.0,755.1,1.0,0.0
2025-05-23T04:00,10.0,100,0.0,754.6,1.8,0.0
2025-05-23T05:00,9.7,100,0.0,754.8,2.1,0.0
2025-05-23T06:00,9.9,99,0.0,755.3,3.9,2.0
2025-05-23T07:00,11.2,97,0.0,757.1,5.7,97.0
2025-05-23T08:00,14.1,81,0.0,759.1,4.0,340.0
2025-05-23T09:00,16.2,68,0.0,760.1,6.5,501.0
2025-05-23T10:00,17.3,63,0.0,760.4,8.0,622.0
2025-05-23T11:00,18.3,60,0.1,760.5,9.7,783.0
2025-05-23T12:00,19.2,57,0.1,760.0,10.7,890.0
2025-05-23T13:00,19.3,61,0.1,758.9,9.9,852.0
2025-05-23T14:00,19.6,60,0.0,757.9,10.4,817.0
2025-05-23T15:00,19.4,59,0.0,757.1,8.9,654.0
2025-05-23T16:00,19.1,58,0.1,756.9,10.2,502.0
2025-05-23T17:00,17.7,65,0.0,756.7,11.2,267.0
2025-05-23T18:00,15.8,77,0.2,756.5,10.1,68.0
2025-05-23T19:00,14.6,84,0.2,757.0,7.8,0.0
2025-05-23T20:00,13.5,85,0.0,757.3,4.3,0.0
2025-05-23T21:00,13.0,88,0.0,757.7,6.0,0.0
2025-05-23T22:00,12.3,91,0.0,757.8,4.9,0.0
2025-05-23T23:00,11.5,94,0.0,757.3,4.0,0.0
2025-05-24T00:00,11.5,96,0.0,757.0,2.4,0.0
2025-05-24T01:00,10.8,97,0.0,756.3,3.4,0.0
2025-05-24T02:00,11.2,96,0.0,756.1,2.7,0.0
2025-05-24T03:00,10.9,97,0.0,755.3,4.4,0.0
2025-05-24T04:00,11.0,95,0.0,755.1,3.6,0.0
2025-05-24T05:00,10.8,95,0.0,755.2,0.9,0.0
2025-05-24T06:00,10.8,96,0.0,755.6,1.7,2.0
2025-05-24T07:00,12.7,89,0.0,757.7,2.7,80.0
2025-05-24T08:00,14.8,79,0.0,759.3,5.1,255.0
2025-05-24T09:00,16.7,70,0.0,760.2,7.0,468.0
2025-05-24T10:00,18.0,63,0.1,760.5,7.4,677.0
2025-05-24T11:00,18.2,62,0.2,760.1,8.5,727.0
2025-05-24T12:00,18.7,62,0.3,759.5,7.7,841.0
2025-05-24T13:00,19.1,59,0.4,758.6,9.4,813.0
2025-05-24T14:00,19.2,59,0.3,758.0,12.5,813.0
2025-05-24T15:00,18.8,60,0.2,757.0,11.9,633.0
2025-05-24T16:00,18.1,62,0.2,757.0,11.7,452.0
2025-05-24T17:00,17.0,67,0.1,756.7,11.0,257.0
2025-05-24T18:00,15.2,78,0.0,756.5,7.6,73.0
2025-05-24T19:00,13.9,86,0.0,757.2,5.5,0.0
2025-05-24T20:00,12.6,89,0.0,757.7,2.8,0.0
2025-05-24T21:00,11.9,90,0.0,757.5,3.5,0.0
2025-05-24T22:00,11.1,92,0.0,757.2,3.8,0.0
2025-05-24T23:00,10.4,95,0.0,756.7,4.2,0.0
2025-05-25T00:00,9.4,96,0.0,756.0,2.6,0.0
2025-05-25T01:00,8.7,98,0.0,755.2,2.7,0.0
2025-05-25T02:00,8.3,97,0.0,754.3,3.8,0.0
2025-05-25T03:00,7.8,97,0.0,753.7,4.3,0.0
2025-05-25T04:00,7.5,98,0.0,753.5,3.0,0.0
2025-05-25T05:00,7.5,97,0.0,753.9,3.9,0.0
2025-05-25T06:00,7.3,97,0.0,754.3,2.8,3.0
2025-05-25T07:00,10.1,90,0.0,756.8,3.2,126.0
2025-05-25T08:00,13.9,72,0.0,759.3,1.8,336.0
2025-05-25T09:00,16.3,62,0.0,760.3,4.0,487.0
2025-05-25T10:00,16.8,59,0.0,760.4,7.8,402.0
2025-05-25T11:00,18.4,58,0.0,760.7,10.1,740.0
2025-05-25T12:00,18.6,59,0.0,760.0,10.1,823.0
2025-05-25T13:00,18.3,60,0.2,759.1,9.4,704.0
2025-05-25T14:00,19.1,57,0.2,758.5,9.7,724.0
2025-05-25T15:00,19.0,59,0.1,757.5,10.3,583.0
2025-05-25T16:00,18.4,61,0.0,757.1,11.3,425.0
2025-05-25T17:00,17.0,68,0.0,756.9,11.9,193.0
2025-05-25T18:00,15.6,76,0.0,757.2,8.6,38.0
2025-05-25T19:00,14.7,82,0.0,757.9,5.7,0.0
2025-05-25T20:00,14.0,78,0.0,758.1,5.6,0.0
2025-05-25T21:00,13.5,80,0.0,758.5,4.1,0.0
2025-05-25T22:00,12.8,84,0.0,758.4,2.8,0.0
2025-05-25T23:00,12.7,84,0.0,758.4,2.3,0.0
2025-05-26T00:00,12.5,85,0.0,758.1,3.8,0.0
2025-05-26T01:00,12.2,87,0.0,757.3,3.2,0.0
2025-05-26T02:00,12.2,88,0.0,757.0,2.5,0.0
2025-05-26T03:00,12.0,91,0.1,756.6,1.1,0.0
2025-05-26T04:00,12.1,91,0.1,756.7,0.5,0.0
2025-05-26T05:00,11.7,93,0.0,756.4,0.5,0.0
2025-05-26T06:00,11.6,93,0.0,756.8,0.3,2.0
2025-05-26T07:00,12.3,90,0.0,758.0,0.6,78.0
2025-05-26T08:00,13.7,87,0.7,759.5,2.0,254.0
2025-05-26T09:00,15.3,80,0.3,760.3,2.3,508.0
2025-05-26T10:00,16.1,75,0.6,760.6,5.9,648.0
2025-05-26T11:00,17.1,67,0.5,760.8,8.1,787.0
2025-05-26T12:00,18.1,62,0.4,760.4,8.6,827.0
2025-05-26T13:00,18.7,59,0.3,759.5,10.3,854.0
2025-05-26T14:00,19.1,57,0.1,758.7,11.6,782.0
2025-05-26T15:00,18.9,57,0.1,757.7,12.4,600.0
2025-05-26T16:00,18.7,58,0.0,757.2,10.2,416.0
2025-05-26T17:00,17.3,66,0.3,757.1,7.9,234.0
2025-05-26T18:00,16.0,73,0.0,757.2,5.2,42.0
2025-05-26T19:00,14.8,81,0.0,757.5,3.6,0.0
2025-05-26T20:00,13.5,88,0.0,757.7,6.7,0.0
2025-05-26T21:00,12.7,92,0.0,757.8,4.6,0.0
2025-05-26T22:00,11.9,94,0.0,757.7,2.6,0.0
2025-05-26T23:00,11.0,95,0.0,757.3,3.4,0.0
2025-05-27T00:00,11.0,94,0.0,757.2,2.7,0.0
2025-05-27T01:00,10.3,95,0.0,756.0,3.3,0.0
2025-05-27T02:00,9.7,96,0.0,755.5,5.1,0.0
2025-05-27T03:00,9.3,97,0.0,755.1,3.5,0.0
2025-05-27T04:00,9.4,97,0.0,755.2,2.9,0.0
2025-05-27T05:00,8.9,98,0.0,754.9,1.7,0.0
2025-05-27T06:00,9.0,98,0.0,755.5,3.0,2.0
2025-05-27T07:00,10.8,89,0.0,757.6,4.0,94.0
2025-05-27T08:00,13.5,84,0.0,759.0,1.1,144.0
2025-05-27T09:00,15.1,78,0.0,760.1,2.3,360.0
2025-05-27T10:00,16.9,68,0.2,761.0,4.3,614.0
2025-05-27T11:00,18.2,62,0.0,760.8,7.1,725.0
2025-05-27T12:00,18.9,59,0.0,760.4,5.9,711.0
2025-05-27T13:00,19.4,56,0.1,759.5,8.0,630.0
2025-05-27T14:00,18.5,65,1.2,758.8,12.4,697.0
2025-05-27T15:00,18.0,65,0.1,757.6,8.6,321.0
2025-05-27T16:00,17.4,67,0.9,757.3,9.2,318.0
2025-05-27T17:00,16.6,71,0.0,756.8,8.0,192.0
2025-05-27T18:00,15.2,80,0.0,756.8,8.1,43.0
2025-05-27T19:00,14.2,85,0.0,757.5,6.7,0.0
2025-05-27T20:00,13.6,92,0.0,758.3,5.7,0.0
2025-05-27T21:00,13.1,91,0.0,758.9,5.2,0.0
2025-05-27T22:00,12.3,94,0.0,758.6,2.6,0.0
2025-05-27T23:00,11.8,95,0.0,758.4,1.1,0.0
2025-05-28T00:00,11.3,96,0.0,757.8,1.0,0.0
2025-05-28T01:00,10.6,97,0.0,756.5,1.7,0.0
2025-05-28T02:00,10.0,98,0.0,755.8,2.1,0.0
2025-05-28T03:00,9.5,99,0.0,755.2,2.1,0.0
2025-05-28T04:00,8.7,100,0.0,754.7,2.3,0.0
2025-05-28T05:00,8.4,99,0.0,754.6,2.3,0.0
2025-05-28T06:00,9.1,98,0.0,755.3,2.2,3.0
2025-05-28T07:00,11.8,90,0.0,757.8,3.1,86.0
2025-05-28T08:00,14.8,74,0.0,759.8,8.1,269.0
2025-05-28T09:00,16.9,62,0.0,761.0,8.8,541.0
2025-05-28T10:00,18.1,59,0.0,761.5,11.0,703.0
2025-05-28T11:00,18.9,57,0.1,761.4,11.8,848.0
2025-05-28T12:00,18.9,57,0.3,760.5,12.4,879.0
2025-05-28T13:00,19.2,55,0.5,760.0,11.4,885.0
2025-05-28T14:00,19.4,56,0.5,758.7,8.9,815.0
2025-05-28T15:00,19.1,58,0.6,757.9,8.6,696.0
2025-05-28T16:00,18.2,61,0.4,757.9,11.1,528.0
2025-05-28T17:00,16.6,69,0.1,757.7,10.7,267.0
2025-05-28T18:00,15.0,78,0.1,757.5,9.4,80.0
2025-05-28T19:00,14.1,83,0.0,758.0,7.4,0.0
2025-05-28T20:00,13.2,87,0.0,757.8,6.1,0.0
2025-05-28T21:00,12.3,92,0.0,758.1,4.6,0.0
2025-05-28T22:00,11.5,95,0.0,758.0,3.4,0.0
2025-05-28T23:00,10.9,96,0.0,757.8,3.8,0.0
2025-05-29T00:00,10.5,95,0.0,757.3,3.6,0.0
2025-05-29T01:00,10.3,95,0.0,756.8,3.3,0.0
2025-05-29T02:00,10.1,95,0.0,756.1,3.6,0.0
2025-05-29T03:00,9.7,95,0.0,755.4,4.0,0.0
2025-05-29T04:00,9.6,94,0.0,755.2,4.9,0.0
2025-05-29T05:00,9.4,94,0.0,754.9,5.1,0.0
2025-05-29T06:00,9.5,93,0.0,755.4,4.9,3.0
2025-05-29T07:00,11.7,88,0.0,757.6,4.9,87.0
2025-05-29T08:00,14.0,82,0.0,759.4,6.6,173.0
2025-05-29T09:00,14.3,80,0.0,760.1,6.8,243.0
2025-05-29T10:00,17.2,68,0.0,761.3,6.0,634.0
2025-05-29T11:00,18.2,63,0.0,761.2,7.3,649.0
2025-05-29T12:00,18.8,62,0.5,761.0,9.8,830.0
2025-05-29T13:00,19.2,61,0.5,760.0,8.9,870.0
2025-05-29T14:00,19.5,59,0.5,759.3,7.0,858.0
2025-05-29T15:00,19.6,56,0.4,758.6,7.9,722.0
2025-05-29T16:00,19.1,58,0.2,758.4,10.2,490.0
2025-05-29T17:00,17.5,67,0.0,758.2,12.1,278.0
2025-05-29T18:00,15.6,77,0.0,758.3,11.2,78.0
2025-05-29T19:00,14.1,84,0.0,758.3,9.2,0.0
2025-05-29T20:00,13.6,84,0.0,758.1,6.5,0.0
2025-05-29T21:00,12.9,89,0.0,758.6,5.3,0.0
2025-05-29T22:00,12.0,93,0.0,758.2,2.2,0.0
2025-05-29T23:00,11.6,94,0.0,758.3,1.4,0.0
2025-05-30T00:00,11.1,95,0.0,757.6,1.3,0.0
2025-05-30T01:00,10.7,97,0.0,756.7,1.5,0.0
2025-05-30T02:00,10.5,96,0.0,756.1,3.1,0.0
2025-05-30T03:00,10.1,96,0.0,755.6,3.9,0.0
2025-05-30T04:00,9.8,96,0.0,755.6,1.8,0.0
2025-05-30T05:00,9.9,95,0.0,755.6,3.0,0.0
2025-05-30T06:00,10.0,95,0.0,755.6,2.0,2.0
2025-05-30T07:00,12.2,89,0.0,757.7,1.5,95.0
2025-05-30T08:00,14.0,85,0.3,759.2,3.6,167.0
2025-05-30T09:00,14.7,83,0.6,759.5,5.6,265.0
2025-05-30T10:00,15.2,82,0.6,759.9,5.5,348.0
2025-05-30T11:00,15.4,79,0.2,759.9,6.0,420.0
2025-05-30T12:00,17.5,69,0.1,760.1,7.0,735.0
2025-05-30T13:00,18.0,68,0.1,759.3,8.2,805.0
2025-05-30T14:00,17.2,70,0.1,758.3,9.0,564.0
2025-05-30T15:00,17.5,69,0.0,757.9,7.2,510.0
2025-05-30T16:00,16.8,72,0.0,757.5,4.9,321.0
2025-05-30T17:00,16.0,76,0.0,757.2,5.9,209.0
2025-05-30T18:00,14.5,86,0.0,757.2,4.9,60.0
2025-05-30T19:00,13.7,93,0.8,757.7,1.3,0.0
2025-05-30T20:00,12.8,97,0.5,758.3,3.5,0.0
2025-05-30T21:00,12.7,94,0.4,758.4,2.0,0.0
2025-05-30T22:00,12.3,95,0.4,758.3,2.8,0.0
2025-05-30T23:00,11.6,97,0.0,757.9,3.2,0.0
2025-05-31T00:00,11.5,97,0.0,757.0,2.8,0.0
2025-05-31T01:00,11.3,97,0.0,756.7,2.7,0.0
2025-05-31T02:00,11.1,96,0.0,756.3,3.1,0.0
2025-05-31T03:00,11.1,95,0.0,756.4,2.3,0.0
2025-05-31T04:00,11.6,92,0.0,756.7,1.2,0.0
2025-05-31T05:00,11.3,95,0.1,756.4,0.6,0.0
2025-05-31T06:00,11.3,90,0.0,756.6,4.0,2.0
2025-05-31T07:00,11.9,91,0.1,757.7,4.5,76.0
2025-05-31T08:00,12.2,91,0.2,758.5,1.9,132.0
2025-05-31T09:00,14.0,85,0.1,759.2,2.3,383.0
2025-05-31T10:00,16.0,74,0.4,760.0,4.8,636.0
2025-05-31T11:00,17.2,68,0.3,759.9,7.8,728.0
2025-05-31T12:00,18.0,63,0.4,759.7,9.5,827.0
2025-05-31T13:00,18.2,66,0.3,758.8,9.6,795.0
2025-05-31T14:00,17.5,70,0.2,758.0,8.6,712.0
2025-05-31T15:00,17.8,67,0.1,757.1,7.3,566.0
2025-05-31T16:00,17.2,68,0.1,756.9,9.8,466.0
2025-05-31T17:00,15.6,76,0.1,756.5,9.8,158.0
2025-05-31T18:00,13.7,85,1.4,756.6,10.8,56.0
2025-05-31T19:00,12.5,91,0.9,756.5,6.1,0.0
2025-05-31T20:00,12.9,90,0.1,757.8,2.3,0.0
2025-05-31T21:00,12.8,91,0.0,758.1,3.3,0.0
2025-05-31T22:00,12.3,91,0.0,757.8,3.6,0.0
2025-05-31T23:00,11.6,92,0.0,757.3,3.9,0.0
2025-06-01T00:00,11.3,92,0.0,757.2,2.8,0.0
2025-06-01T01:00,10.8,93,0.0,756.7,2.8,0.0
2025-06-01T02:00,10.7,94,0.0,756.1,2.7,0.0
2025-06-01T03:00,10.4,94,0.0,755.9,2.3,0.0
2025-06-01T04:00,10.1,94,0.0,755.9,2.3,0.0
2025-06-01T05:00,9.8,94,0.0,755.9,1.3,0.0
2025-06-01T06:00,10.5,93,0.0,756.6,1.5,2.0
2025-06-01T07:00,11.6,89,0.0,757.9,4.2,84.0
2025-06-01T08:00,13.4,88,0.0,759.0,3.5,208.0
2025-06-01T09:00,14.7,81,0.4,759.8,4.3,363.0
2025-06-01T10:00,15.7,76,0.3,760.1,4.1,520.0
2025-06-01T11:00,16.7,71,0.6,760.2,6.4,666.0
2025-06-01T12:00,17.9,65,0.5,760.2,8.0,826.0
2025-06-01T13:00,18.3,64,0.2,759.6,8.7,823.0
2025-06-01T14:00,17.5,70,0.2,758.7,8.7,743.0
2025-06-01T15:00,17.2,70,0.2,758.1,8.4,510.0
2025-06-01T16:00,16.9,70,0.2,757.5,7.3,372.0
2025-06-01T17:00,15.4,77,0.2,757.1,8.0,182.0
2025-06-01T18:00,14.0,85,0.0,757.3,6.9,54.0
2025-06-01T19:00,13.5,90,0.0,757.9,3.4,0.0
2025-06-01T20:00,12.3,95,0.0,757.9,3.1,0.0
2025-06-01T21:00,11.8,95,0.0,758.1,3.1,0.0
2025-06-01T22:00,11.5,95,0.0,758.2,2.3,0.0
2025-06-01T23:00,11.3,95,0.0,758.4,1.5,0.0
2025-06-02T00:00,10.8,96,0.0,757.9,2.4,0.0
2025-06-02T01:00,10.6,97,0.0,757.2,1.7,0.0
2025-06-02T02:00,10.2,97,0.0,756.5,1.3,0.0
2025-06-02T03:00,10.3,96,0.0,756.3,1.9,0.0
2025-06-02T04:00,10.0,96,0.0,756.0,2.2,0.0
2025-06-02T05:00,9.8,95,0.0,755.9,4.1,0.0
2025-06-02T06:00,9.7,94,0.0,756.0,4.0,2.0
2025-06-02T07:00,11.9,88,0.0,758.2,4.3,90.0
2025-06-02T08:00,12.9,87,0.0,759.3,1.4,165.0
2025-06-02T09:00,15.2,76,0.1,760.4,3.1,428.0
2025-06-02T10:00,16.4,69,0.0,760.8,4.2,477.0
2025-06-02T11:00,17.4,64,0.1,760.7,4.4,575.0
2025-06-02T12:00,18.4,59,0.1,760.5,6.6,788.0
2025-06-02T13:00,18.6,58,0.1,759.7,8.7,816.0
2025-06-02T14:00,18.4,58,0.2,758.7,9.0,735.0
2025-06-02T15:00,17.9,62,0.1,758.0,8.9,567.0
2025-06-02T16:00,17.3,62,0.0,757.4,9.3,397.0
2025-06-02T17:00,16.2,68,0.0,757.2,9.3,245.0
2025-06-02T18:00,14.6,79,0.0,757.1,7.2,52.0
2025-06-02T19:00,13.5,87,0.0,757.4,4.8,0.0
2025-06-02T20:00,13.0,94,0.0,758.0,1.6,0.0
2025-06-02T21:00,12.6,92,0.0,758.1,5.1,0.0
2025-06-02T22:00,11.9,92,0.0,757.8,6.2,0.0
2025-06-02T23:00,11.7,91,0.0,757.5,5.0,0.0
2025-06-03T00:00,11.6,92,0.0,757.1,3.5,0.0
2025-06-03T01:00,11.6,90,0.1,756.7,3.0,0.0
2025-06-03T02:00,11.8,89,0.2,756.4,2.1,0.0
2025-06-03T03:00,11.8,90,0.2,756.1,1.2,0.0
2025-06-03T04:00,11.7,93,0.2,756.2,0.4,0.0
2025-06-03T05:00,11.8,93,0.1,756.2,0.2,0.0
2025-06-03T06:00,11.6,93,0.0,756.3,0.3,2.0
2025-06-03T07:00,12.1,92,0.0,757.2,1.5,65.0
2025-06-03T08:00,13.5,87,0.0,758.6,5.4,183.0
2025-06-03T09:00,14.9,77,0.0,759.3,5.6,350.0
2025-06-03T10:00,16.9,69,0.0,760.0,5.6,595.0
2025-06-03T11:00,18.0,64,0.3,759.9,6.9,860.0
2025-06-03T12:00,18.6,63,0.2,759.1,9.6,878.0
2025-06-03T13:00,18.6,64,0.1,758.3,11.2,818.0
2025-06-03T14:00,18.6,64,0.2,757.4,10.3,790.0
2025-06-03T15:00,18.1,65,0.5,756.7,9.4,615.0
2025-06-03T16:00,17.1,70,0.9,756.1,10.1,496.0
2025-06-03T17:00,15.7,80,2.2,755.8,9.0,259.0
2025-06-03T18:00,13.1,90,5.7,755.5,5.0,72.0
2025-06-03T19:00,12.5,93,2.9,755.6,3.1,0.0
2025-06-03T20:00,12.9,91,0.0,756.2,1.8,0.0
2025-06-03T21:00,12.5,92,0.0,756.6,2.0,0.0
2025-06-03T22:00,12.4,94,0.0,756.8,2.9,0.0
2025-06-03T23:00,12.1,94,0.0,756.6,2.4,0.0
2025-06-04T00:00,12.6,91,0.0,756.7,2.9,0.0
2025-06-04T01:00,12.2,94,0.0,755.9,3.7,0.0
2025-06-04T02:00,11.0,97,0.0,754.6,3.1,0.0
2025-06-04T03:00,10.6,97,0.0,754.3,2.7,0.0
2025-06-04T04:00,11.4,96,0.0,754.7,3.9,0.0
2025-06-04T05:00,10.5,97,0.0,754.4,3.3,0.0
2025-06-04T06:00,10.7,97,0.0,754.9,2.3,2.0
2025-06-04T07:00,12.0,93,0.0,756.4,2.8,72.0
2025-06-04T08:00,13.4,88,0.0,757.5,3.1,200.0
2025-06-04T09:00,14.7,81,0.1,758.3,2.9,334.0
2025-06-04T10:00,16.3,73,0.5,758.9,5.0,594.0
2025-06-04T11:00,17.5,67,0.4,758.8,7.1,768.0
2025-06-04T12:00,17.9,66,0.2,758.2,9.3,752.0
2025-06-04T13:00,18.6,64,0.2,757.6,9.2,680.0
2025-06-04T14:00,18.1,67,4.2,756.6,9.6,632.0
2025-06-04T15:00,17.7,67,1.9,755.8,8.3,521.0
2025-06-04T16:00,16.7,73,3.4,755.5,8.8,342.0
2025-06-04T17:00,16.0,74,0.0,755.4,7.5,169.0
2025-06-04T18:00,14.7,83,0.0,755.4,4.8,56.0
2025-06-04T19:00,14.2,88,0.0,756.0,4.5,0.0
2025-06-04T20:00,11.9,95,0.0,755.6,3.3,0.0
2025-06-04T21:00,11.7,94,0.1,756.2,3.2,0.0
2025-06-04T22:00,12.1,93,0.0,756.7,3.3,0.0
2025-06-04T23:00,12.2,92,0.0,756.7,4.5,0.0
2025-06-05T00:00,11.9,93,0.0,756.3,3.9,0.0
2025-06-05T01:00,11.8,94,0.0,755.7,2.9,0.0
2025-06-05T02:00,11.3,96,0.0,754.9,2.3,0.0
2025-06-05T03:00,11.2,96,0.0,754.8,1.9,0.0
2025-06-05T04:00,10.6,97,0.0,754.3,2.4,0.0
2025-06-05T05:00,10.5,97,0.0,754.5,2.5,0.0
2025-06-05T06:00,10.4,98,0.0,754.8,0.7,2.0
2025-06-05T07:00,12.1,94,0.0,756.4,3.0,102.0
2025-06-05T08:00,13.2,92,0.3,757.4,4.0,192.0
2025-06-05T09:00,15.2,84,0.1,758.8,3.1,512.0
2025-06-05T10:00,16.7,76,0.3,758.9,4.5,640.0
2025-06-05T11:00,16.2,77,0.3,758.3,5.0,492.0
2025-06-05T12:00,17.8,72,0.3,758.3,5.4,701.0
2025-06-05T13:00,17.4,70,0.3,757.2,9.0,751.0
2025-06-05T14:00,16.9,73,0.2,756.3,7.8,616.0
2025-06-05T15:00,16.9,70,0.1,755.8,8.6,519.0
2025-06-05T16:00,16.1,74,0.1,755.6,6.8,217.0
2025-06-05T17:00,15.0,81,0.4,755.5,5.8,121.0
2025-06-05T18:00,14.1,90,0.0,755.6,4.7,40.0
2025-06-05T19:00,13.7,92,0.0,756.1,5.5,0.0
2025-06-05T20:00,11.5,95,0.0,755.8,3.4,0.0
2025-06-05T21:00,11.3,95,0.0,756.2,3.8,0.0
2025-06-05T22:00,11.2,95,0.0,756.7,3.9,0.0
2025-06-05T23:00,10.6,96,0.0,756.4,2.8,0.0
2025-06-06T00:00,10.4,96,0.0,756.0,3.1,0.0
2025-06-06T01:00,9.9,96,0.0,755.5,2.6,0.0
2025-06-06T02:00,9.3,97,0.0,754.7,1.5,0.0
2025-06-06T03:00,9.1,98,0.0,754.6,1.9,0.0
2025-06-06T04:00,8.5,99,0.0,754.2,2.1,0.0
2025-06-06T05:00,8.5,98,0.0,754.5,3.2,0.0
2025-06-06T06:00,8.3,98,0.0,754.6,2.2,2.0
2025-06-06T07:00,11.0,91,0.0,757.1,2.2,108.0
2025-06-06T08:00,13.7,87,0.1,758.7,1.7,293.0
2025-06-06T09:00,15.6,76,0.1,759.5,3.8,498.0
2025-06-06T10:00,17.2,68,0.2,760.1,4.7,677.0
2025-06-06T11:00,18.1,59,0.1,760.0,8.4,690.0
2025-06-06T12:00,17.6,62,0.1,759.2,9.2,550.0
2025-06-06T13:00,17.4,62,0.2,758.7,9.5,515.0
2025-06-06T14:00,16.3,69,0.1,757.8,7.5,373.0
2025-06-06T15:00,15.5,74,0.2,757.1,5.2,270.0
2025-06-06T16:00,14.6,80,0.4,756.5,3.4,216.0
2025-06-06T17:00,13.8,86,0.2,755.9,3.3,123.0
2025-06-06T18:00,12.9,91,0.0,755.7,1.8,40.0
2025-06-06T19:00,12.6,94,0.0,756.4,2.5,0.0
2025-06-06T20:00,11.9,97,0.0,756.8,4.0,0.0
2025-06-06T21:00,11.4,98,0.0,757.2,3.8,0.0
2025-06-06T22:00,11.2,97,0.0,757.4,3.4,0.0
2025-06-06T23:00,10.9,97,0.0,757.5,3.0,0.0
2025-06-07T00:00,10.7,96,0.0,756.9,3.0,0.0
2025-06-07T01:00,10.3,96,0.0,755.9,1.8,0.0
2025-06-07T02:00,10.5,94,0.0,755.6,1.5,0.0
2025-06-07T03:00,10.1,95,0.0,755.2,1.4,0.0
2025-06-07T04:00,10.0,95,0.0,755.0,2.0,0.0
2025-06-07T05:00,9.6,96,0.0,754.7,1.9,0.0
2025-06-07T06:00,9.8,96,0.0,755.2,1.8,2.0
2025-06-07T07:00,11.3,93,0.0,756.8,1.4,77.0
2025-06-07T08:00,13.1,81,0.0,758.6,2.8,217.0
2025-06-07T09:00,13.7,78,0.1,759.1,5.7,250.0
2025-06-07T10:00,14.6,74,0.0,759.6,7.7,447.0
2025-06-07T11:00,15.4,70,0.0,759.6,8.9,451.0
2025-06-07T12:00,15.5,72,0.1,759.3,9.3,521.0
2025-06-07T13:00,16.1,72,0.0,759.0,6.6,496.0
2025-06-07T14:00,16.8,69,0.1,758.2,7.3,553.0
2025-06-07T15:00,17.4,67,0.4,757.5,6.7,680.0
2025-06-07T16:00,16.9,68,0.3,756.9,8.5,480.0
2025-06-07T17:00,15.9,72,0.1,756.5,8.3,270.0
2025-06-07T18:00,14.4,81,0.0,756.0,6.4,83.0
2025-06-07T19:00,13.4,86,0.0,756.3,3.8,0.0
2025-06-07T20:00,12.6,91,0.0,757.0,2.8,0.0
2025-06-07T21:00,12.3,90,0.0,757.4,6.0,0.0
2025-06-07T22:00,11.9,91,0.0,757.3,8.3,0.0
2025-06-07T23:00,11.6,92,0.0,757.0,7.8,0.0
2025-06-08T00:00,11.8,92,0.0,756.8,6.7,0.0
2025-06-08T01:00,11.7,91,0.0,756.3,5.0,0.0
2025-06-08T02:00,10.9,93,0.0,755.1,3.6,0.0
2025-06-08T03:00,10.2,94,0.0,754.5,3.1,0.0
2025-06-08T04:00,10.0,95,0.0,754.5,2.0,0.0
2025-06-08T05:00,9.5,96,0.0,754.4,1.0,0.0
2025-06-08T06:00,9.8,96,0.0,754.9,1.5,1.0
2025-06-08T07:00,11.7,92,0.0,756.8,1.9,111.0
2025-06-08T08:00,14.4,79,0.0,758.4,2.9,292.0
2025-06-08T09:00,15.4,74,0.0,759.1,4.7,349.0
2025-06-08T10:00,16.8,67,0.0,759.6,7.2,512.0
2025-06-08T11:00,17.5,65,0.0,759.7,7.4,656.0
2025-06-08T12:00,17.8,65,0.2,759.3,7.7,758.0
2025-06-08T13:00,18.7,60,0.2,758.7,9.5,838.0
2025-06-08T14:00,19.1,57,0.2,757.6,9.5,736.0
2025-06-08T15:00,19.4,55,0.2,756.7,9.9,685.0
2025-06-08T16:00,18.8,58,0.2,756.1,10.9,524.0
2025-06-08T17:00,17.2,65,0.0,755.8,11.2,304.0
2025-06-08T18:00,15.2,77,0.0,755.6,7.2,91.0
2025-06-08T19:00,14.4,82,0.0,756.2,5.4,0.0
2025-06-08T20:00,13.0,85,0.0,755.9,5.4,0.0
2025-06-08T21:00,12.1,90,0.0,755.9,4.6,0.0
2025-06-08T22:00,11.4,93,0.0,755.6,2.3,0.0
2025-06-08T23:00,10.7,94,0.0,755.6,1.4,0.0
2025-06-09T00:00,10.2,95,0.0,755.3,1.5,0.0
2025-06-09T01:00,9.9,96,0.0,754.6,1.3,0.0
2025-06-09T02:00,9.3,95,0.0,753.7,3.9,0.0
2025-06-09T03:00,9.2,95,0.1,753.5,4.4,0.0
2025-06-09T04:00,8.9,95,0.1,753.2,3.2,0.0
2025-06-09T05:00,8.7,96,0.1,753.4,4.0,0.0
2025-06-09T06:00,8.8,96,0.1,753.8,1.8,2.0
2025-06-09T07:00,10.8,93,0.1,756.0,1.3,76.0
2025-06-09T08:00,12.8,90,0.1,757.6,1.9,134.0
2025-06-09T09:00,14.3,84,0.1,758.6,4.2,313.0
2025-06-09T10:00,16.9,70,0.1,759.4,5.9,594.0
2025-06-09T11:00,17.4,67,0.3,759.0,7.6,586.0
2025-06-09T12:00,18.2,63,0.2,758.7,7.9,751.0
2025-06-09T13:00,18.3,61,0.1,757.5,8.1,564.0
2025-06-09T14:00,18.3,63,0.7,757.0,9.2,708.0
2025-06-09T15:00,18.0,68,4.0,756.5,6.7,592.0
2025-06-09T16:00,16.8,72,4.9,755.9,7.3,354.0
2025-06-09T17:00,16.0,76,0.9,756.1,6.6,194.0
2025-06-09T18:00,14.5,88,0.2,755.8,4.2,58.0
2025-06-09T19:00,13.4,95,0.1,756.2,2.9,0.0
2025-06-09T20:00,13.2,87,0.5,757.2,3.2,0.0
2025-06-09T21:00,12.7,92,0.6,757.2,4.4,0.0
2025-06-09T22:00,12.5,93,0.4,757.6,3.0,0.0
2025-06-09T23:00,12.1,95,0.3,757.5,4.3,0.0
2025-06-10T00:00,11.6,95,0.2,757.1,2.9,0.0
2025-06-10T01:00,11.5,97,0.2,756.7,3.6,0.0
2025-06-10T02:00,11.3,97,0.1,756.2,2.4,0.0
2025-06-10T03:00,11.1,98,0.1,756.0,2.5,0.0
2025-06-10T04:00,11.0,97,0.1,755.7,2.3,0.0
2025-06-10T05:00,10.7,96,0.0,755.7,1.9,0.0
2025-06-10T06:00,11.0,96,0.1,756.2,1.9,1.0
2025-06-10T07:00,11.8,94,0.1,757.4,2.8,61.0
2025-06-10T08:00,13.4,92,0.2,758.7,2.9,217.0
2025-06-10T09:00,14.2,87,0.1,759.6,2.0,315.0
2025-06-10T10:00,15.6,82,0.3,760.3,3.6,550.0
2025-06-10T11:00,17.4,69,0.2,760.4,7.5,751.0
2025-06-10T12:00,17.4,69,0.2,759.6,11.3,812.0
2025-06-10T13:00,16.9,68,0.1,758.4,10.4,510.0
2025-06-10T14:00,15.9,75,0.7,757.6,9.0,378.0
2025-06-10T15:00,15.7,75,0.1,757.2,6.9,357.0
2025-06-10T16:00,15.1,78,0.1,756.8,8.3,321.0
2025-06-10T17:00,14.3,79,0.0,756.5,8.1,198.0
2025-06-10T18:00,13.6,82,0.0,756.4,8.3,66.0
2025-06-10T19:00,12.6,86,0.0,756.8,4.0,0.0
2025-06-10T20:00,12.1,95,0.0,757.1,1.9,0.0
2025-06-10T21:00,12.1,95,0.0,757.7,3.5,0.0
2025-06-10T22:00,12.1,93,0.2,757.9,1.8,0.0
2025-06-10T23:00,12.1,95,0.8,758.0,1.9,0.0
2025-06-11T00:00,11.8,98,1.8,757.9,3.4,0.0
2025-06-11T01:00,11.7,97,0.7,757.4,3.9,0.0
2025-06-11T02:00,11.6,97,0.2,756.8,2.9,0.0
2025-06-11T03:00,11.1,99,0.0,756.2,2.9,0.0
2025-06-11T04:00,10.2,100,0.0,755.7,1.7,0.0
2025-06-11T05:00,10.0,100,0.0,755.8,1.5,0.0
2025-06-11T06:00,9.5,100,0.0,755.8,1.7,2.0
2025-06-11T07:00,11.5,94,0.0,758.0,1.2,100.0
2025-06-11T08:00,13.5,85,0.0,759.3,3.4,306.0
2025-06-11T09:00,15.3,74,0.0,760.5,5.4,468.0
2025-06-11T10:00,17.2,62,0.0,761.1,6.8,651.0
2025-06-11T11:00,17.2,62,0.1,760.4,8.3,519.0
2025-06-11T12:00,18.3,61,0.1,760.2,7.8,718.0
2025-06-11T13:00,18.4,59,0.1,759.3,8.0,588.0
2025-06-11T14:00,17.9,61,0.1,758.2,4.5,579.0
2025-06-11T15:00,18.8,57,0.1,757.9,6.0,579.0
2025-06-11T16:00,18.4,57,0.1,757.5,6.2,376.0
2025-06-11T17:00,16.1,73,1.1,757.1,2.5,165.0
2025-06-11T18:00,14.0,95,1.2,756.8,6.5,39.0
2025-06-11T19:00,13.9,96,1.3,757.7,2.9,0.0
2025-06-11T20:00,13.5,93,0.0,757.7,6.7,0.0
2025-06-11T21:00,12.8,94,0.2,757.8,5.2,0.0
2025-06-11T22:00,11.9,95,0.0,757.6,3.6,0.0
2025-06-11T23:00,10.7,97,0.0,756.8,3.4,0.0
2025-06-12T00:00,10.7,98,0.0,756.7,1.9,0.0
2025-06-12T01:00,9.9,99,0.0,755.8,0.5,0.0
2025-06-12T02:00,9.8,100,0.0,755.4,0.3,0.0
2025-06-12T03:00,9.5,99,0.0,755.1,3.0,0.0
2025-06-12T04:00,9.5,98,0.0,755.1,2.3,0.0
2025-06-12T05:00,9.4,98,0.0,755.1,3.8,0.0
2025-06-12T06:00,8.5,99,0.0,754.6,3.0,2.0
2025-06-12T07:00,10.4,96,0.0,756.7,3.5,98.0
2025-06-12T08:00,13.1,87,0.0,758.7,2.1,240.0
2025-06-12T09:00,15.0,78,0.1,759.5,2.8,469.0
2025-06-12T10:00,16.6,70,0.1,759.9,5.4,664.0
2025-06-12T11:00,16.3,70,0.0,759.1,6.6,488.0
2025-06-12T12:00,17.9,65,0.0,758.8,7.9,724.0
2025-06-12T13:00,18.4,62,0.1,758.0,8.8,635.0
2025-06-12T14:00,18.6,58,0.0,757.0,9.3,512.0
2025-06-12T15:00,18.7,58,0.1,756.9,3.8,474.0
2025-06-12T16:00,18.2,59,0.0,756.4,5.0,331.0
2025-06-12T17:00,17.1,63,0.0,756.2,2.7,179.0
2025-06-12T18:00,15.2,82,0.0,756.1,2.4,45.0
2025-06-12T19:00,14.4,87,0.0,756.7,2.0,0.0
2025-06-12T20:00,12.8,91,2.7,756.4,1.1,0.0
2025-06-12T21:00,13.0,95,0.0,757.1,3.4,0.0
2025-06-12T22:00,12.9,94,0.2,757.7,3.2,0.0
2025-06-12T23:00,12.5,98,0.3,757.6,3.8,0.0
2025-06-13T00:00,12.2,96,0.2,757.4,1.2,0.0
2025-06-13T01:00,11.9,98,0.2,756.7,1.9,0.0
2025-06-13T02:00,11.6,98,0.2,756.0,1.9,0.0
2025-06-13T03:00,11.7,95,0.0,755.9,1.8,0.0
2025-06-13T04:00,11.4,97,0.0,755.9,3.5,0.0
2025-06-13T05:00,11.5,96,0.0,756.2,1.6,0.0
2025-06-13T06:00,11.4,97,0.0,756.2,0.8,1.0
2025-06-13T07:00,11.8,95,0.0,757.1,2.7,45.0
2025-06-13T08:00,13.0,92,0.0,758.2,3.2,122.0
2025-06-13T09:00,14.8,81,0.0,759.3,3.2,330.0
2025-06-13T10:00,17.0,76,0.0,760.2,2.9,650.0
2025-06-13T11:00,18.2,67,0.1,760.0,5.4,663.0
2025-06-13T12:00,18.0,67,1.9,759.2,2.5,595.0
2025-06-13T13:00,18.5,64,0.0,758.7,5.8,559.0
2025-06-13T14:00,17.0,70,1.2,757.5,9.4,546.0
2025-06-13T15:00,17.3,66,0.1,756.9,10.1,450.0
2025-06-13T16:00,17.1,68,0.1,756.8,7.5,346.0
2025-06-13T17:00,15.1,77,0.9,756.5,9.8,192.0
2025-06-13T18:00,13.9,93,2.0,756.4,5.4,22.0
2025-06-13T19:00,13.7,94,0.8,757.0,1.6,0.0
2025-06-13T20:00,12.9,91,0.2,756.8,0.8,0.0
2025-06-13T21:00,12.8,95,1.9,757.5,0.4,0.0
2025-06-13T22:00,12.5,96,4.2,757.7,1.8,0.0
2025-06-13T23:00,12.3,97,0.6,757.8,0.7,0.0
2025-06-14T00:00,12.1,98,0.3,757.6,1.7,0.0
2025-06-14T01:00,11.9,98,0.1,757.1,1.0,0.0
2025-06-14T02:00,11.5,99,0.0,756.6,0.9,0.0
2025-06-14T03:00,10.9,100,0.0,755.9,0.9,0.0
2025-06-14T04:00,10.4,100,0.0,755.7,0.6,0.0
2025-06-14T05:00,10.6,99,0.0,756.0,0.3,0.0
2025-06-14T06:00,10.8,98,0.0,756.7,1.2,1.0
2025-06-14T07:00,11.9,94,0.0,758.3,3.6,69.0
2025-06-14T08:00,13.2,88,0.1,759.0,0.9,204.0
2025-06-14T09:00,14.9,79,0.1,760.1,1.6,416.0
2025-06-14T10:00,16.1,76,0.0,760.5,5.2,484.0
2025-06-14T11:00,18.1,66,0.0,760.7,7.4,701.0
2025-06-14T12:00,18.6,63,0.1,760.2,8.1,635.0
2025-06-14T13:00,19.2,58,0.0,759.5,0.9,632.0
2025-06-14T14:00,16.0,75,6.4,758.1,12.1,571.0
2025-06-14T15:00,15.7,80,2.3,757.8,4.8,359.0
2025-06-14T16:00,16.1,72,0.4,757.8,5.2,275.0
2025-06-14T17:00,16.1,69,0.2,758.0,5.8,240.0
2025-06-14T18:00,14.3,84,0.0,757.5,2.7,56.0
2025-06-14T19:00,14.1,85,0.0,758.2,5.0,0.0
2025-06-14T20:00,13.3,93,0.1,758.7,0.7,0.0
2025-06-14T21:00,12.9,95,0.2,758.8,3.1,0.0
2025-06-14T22:00,12.8,93,0.2,759.1,1.9,0.0
2025-06-14T23:00,12.6,95,0.3,759.1,1.9,0.0
2025-06-15T00:00,12.3,95,0.4,758.7,3.1,0.0
2025-06-15T01:00,12.0,96,0.5,757.9,2.5,0.0
2025-06-15T02:00,11.8,96,0.2,757.3,2.5,0.0
2025-06-15T03:00,11.7,95,0.0,757.0,1.3,0.0
2025-06-15T04:00,11.5,97,0.1,756.7,1.8,0.0
2025-06-15T05:00,11.0,97,0.0,756.4,0.6,0.0
2025-06-15T06:00,10.4,99,0.0,756.4,1.1,2.0
2025-06-15T07:00,11.9,96,0.0,757.9,1.5,95.0
2025-06-15T08:00,13.9,86,0.0,759.6,3.5,319.0
2025-06-15T09:00,15.8,73,0.1,760.7,3.7,511.0
2025-06-15T10:00,17.1,66,0.2,761.1,3.4,690.0
2025-06-15T11:00,18.3,62,0.2,761.0,5.6,817.0
2025-06-15T12:00,19.7,59,0.1,760.8,6.9,800.0
2025-06-15T13:00,19.8,59,0.0,759.9,6.5,786.0
2025-06-15T14:00,19.9,58,0.1,758.8,8.7,657.0
2025-06-15T15:00,18.7,60,1.2,758.1,5.1,527.0
2025-06-15T16:00,17.0,69,8.1,757.7,3.3,301.0
2025-06-15T17:00,16.6,70,0.5,757.5,2.2,153.0
2025-06-15T18:00,14.9,85,0.0,756.8,3.9,81.0
2025-06-15T19:00,13.8,89,0.0,757.0,1.3,0.0
2025-06-15T20:00,12.8,96,0.0,757.7,5.6,0.0
2025-06-15T21:00,12.0,97,0.0,758.2,3.2,0.0
2025-06-15T22:00,11.3,97,0.0,758.0,3.6,0.0
2025-06-15T23:00,10.6,98,0.0,757.4,3.0,0.0
2025-06-16T00:00,10.1,99,0.0,756.6,3.2,0.0
2025-06-16T01:00,9.4,99,0.0,756.0,2.8,0.0
2025-06-16T02:00,8.8,100,0.0,755.5,1.3,0.0
2025-06-16T03:00,8.6,99,0.0,755.1,1.9,0.0
2025-06-16T04:00,8.1,99,0.0,754.2,2.6,0.0
2025-06-16T05:00,7.9,98,0.0,754.1,2.9,0.0
2025-06-16T06:00,8.1,98,0.0,754.3,4.3,2.0
2025-06-16T07:00,10.6,95,0.0,756.5,3.5,106.0
2025-06-16T08:00,13.4,83,0.0,758.9,2.6,309.0
2025-06-16T09:00,15.9,69,0.0,760.3,7.2,507.0
2025-06-16T10:00,17.8,58,0.0,760.7,9.7,630.0
2025-06-16T11:00,18.1,59,0.0,760.6,11.5,776.0
2025-06-16T12:00,18.7,58,0.4,760.0,9.3,891.0
2025-06-16T13:00,18.9,58,0.1,759.0,8.5,831.0
2025-06-16T14:00,19.1,59,0.1,758.1,9.2,803.0
2025-06-16T15:00,18.3,64,1.8,757.4,11.1,644.0
2025-06-16T16:00,17.7,64,0.1,756.7,11.9,409.0
2025-06-16T17:00,16.9,68,0.0,756.4,10.1,219.0
2025-06-16T18:00,15.4,77,0.0,756.3,6.1,66.0
2025-06-16T19:00,14.3,83,0.1,756.6,4.9,0.0
2025-06-16T20:00,13.1,87,0.0,757.3,6.9,0.0
2025-06-16T21:00,12.2,92,0.0,757.2,5.1,0.0
2025-06-16T22:00,11.8,93,0.0,757.6,2.8,0.0
2025-06-16T23:00,11.8,93,0.0,757.7,4.6,0.0
2025-06-17T00:00,11.3,93,0.0,757.2,3.5,0.0
2025-06-17T01:00,10.9,91,0.0,757.1,2.2,0.0
2025-06-17T02:00,10.7,92,0.0,756.6,3.9,0.0
2025-06-17T03:00,10.0,97,0.0,755.5,2.1,0.0
2025-06-17T04:00,9.5,98,0.0,755.0,1.9,0.0
2025-06-17T05:00,9.1,98,0.0,754.6,4.4,0.0
2025-06-17T06:00,8.5,99,0.0,754.4,3.1,2.0
2025-06-17T07:00,10.7,94,0.0,756.4,2.6,96.0
2025-06-17T08:00,13.5,84,0.0,758.7,3.2,252.0
2025-06-17T09:00,15.5,73,0.0,759.8,6.0,472.0
2025-06-17T10:00,16.0,69,0.0,760.0,8.0,539.0
2025-06-17T11:00,17.7,62,0.3,760.2,10.8,819.0
2025-06-17T12:00,18.5,59,0.2,759.8,11.2,908.0
2025-06-17T13:00,18.5,58,0.1,758.7,11.7,841.0
2025-06-17T14:00,19.0,55,0.1,758.1,13.1,851.0
2025-06-17T15:00,18.5,58,0.1,757.5,14.8,678.0
2025-06-17T16:00,17.8,61,0.0,757.2,13.5,489.0
2025-06-17T17:00,16.0,70,0.0,756.9,12.0,277.0
2025-06-17T18:00,14.2,80,0.0,756.6,9.3,75.0
2025-06-17T19:00,13.4,86,0.1,757.0,6.7,0.0
2025-06-17T20:00,12.7,95,0.5,757.9,2.5,0.0
2025-06-17T21:00,12.4,96,0.6,758.0,1.7,0.0
2025-06-17T22:00,12.0,98,0.3,758.2,3.0,0.0
2025-06-17T23:00,11.3,97,0.1,757.7,2.8,0.0
2025-06-18T00:00,11.3,96,0.2,757.7,1.2,0.0
2025-06-18T01:00,11.1,97,0.1,757.2,1.5,0.0
2025-06-18T02:00,10.8,97,0.1,756.6,1.1,0.0
2025-06-18T03:00,10.6,98,0.0,756.2,2.7,0.0
2025-06-18T04:00,10.1,98,0.0,755.8,3.5,0.0
2025-06-18T05:00,9.4,99,0.0,755.2,2.9,0.0
2025-06-18T06:00,9.3,99,0.0,755.3,5.2,1.0
2025-06-18T07:00,10.8,96,0.0,756.9,4.5,104.0
2025-06-18T08:00,13.1,81,0.0,759.2,7.3,317.0
2025-06-18T09:00,14.5,69,0.0,759.9,8.0,481.0
2025-06-18T10:00,15.7,65,0.0,760.5,10.9,594.0
2025-06-18T11:00,15.6,66,0.0,760.2,12.8,548.0
2025-06-18T12:00,16.5,62,0.0,760.0,11.8,609.0
2025-06-18T13:00,17.0,60,0.0,759.4,11.7,622.0
2025-06-18T14:00,16.5,62,0.0,758.4,12.9,557.0
2025-06-18T15:00,16.9,60,0.0,757.9,12.0,569.0
2025-06-18T16:00,16.5,61,0.0,757.3,11.7,431.0
2025-06-18T17:00,15.9,64,0.0,757.2,11.8,298.0
2025-06-18T18:00,14.0,72,0.0,756.7,9.3,99.0
2025-06-18T19:00,12.9,76,0.0,756.5,7.2,0.0
2025-06-18T20:00,12.0,85,0.0,756.6,4.3,0.0
2025-06-18T21:00,11.2,90,0.0,756.5,5.8,0.0
2025-06-18T22:00,10.2,93,0.0,756.2,3.1,0.0
2025-06-18T23:00,9.3,96,0.0,756.1,2.7,0.0
2025-06-19T00:00,8.6,99,0.0,755.6,1.2,0.0
2025-06-19T01:00,8.4,98,0.0,754.9,2.8,0.0
2025-06-19T02:00,7.8,98,0.0,754.1,4.6,0.0
2025-06-19T03:00,7.7,97,0.0,753.8,5.2,0.0
2025-06-19T04:00,7.5,97,0.0,753.4,3.2,0.0
2025-06-19T05:00,7.2,97,0.0,753.4,2.8,0.0
2025-06-19T06:00,7.3,95,0.0,753.9,2.4,1.0
2025-06-19T07:00,9.8,89,0.0,756.5,2.7,117.0
2025-06-19T08:00,13.7,73,0.0,758.8,2.9,348.0
2025-06-19T09:00,15.8,61,0.0,760.0,9.3,572.0
2025-06-19T10:00,16.9,57,0.0,760.3,11.7,654.0
2025-06-19T11:00,17.1,58,0.0,760.1,13.9,725.0
2025-06-19T12:00,17.4,57,0.0,759.6,13.3,647.0
2025-06-19T13:00,18.1,55,0.0,759.1,10.8,630.0
2025-06-19T14:00,17.4,60,0.0,758.0,10.3,514.0
2025-06-19T15:00,16.9,64,0.0,757.1,9.5,436.0
2025-06-19T16:00,17.1,65,0.1,757.1,9.0,526.0
2025-06-19T17:00,15.4,75,0.3,756.8,7.7,188.0
2025-06-19T18:00,14.0,83,0.0,756.6,8.8,43.0
2025-06-19T19:00,13.0,87,0.0,756.7,7.2,0.0
2025-06-19T20:00,13.1,91,0.1,757.7,5.4,0.0
2025-06-19T21:00,13.0,95,0.0,757.8,3.8,0.0
2025-06-19T22:00,12.1,96,0.0,757.5,3.6,0.0
2025-06-19T23:00,12.0,97,0.0,757.6,3.3,0.0
2025-06-20T00:00,11.2,97,0.0,757.2,4.2,0.0
2025-06-20T01:00,10.4,98,0.0,756.0,4.2,0.0
2025-06-20T02:00,9.9,97,0.0,755.1,4.1,0.0
2025-06-20T03:00,9.4,96,0.0,754.5,5.5,0.0
2025-06-20T04:00,9.3,95,0.0,754.5,5.6,0.0
2025-06-20T05:00,8.8,95,0.0,754.1,5.8,0.0
2025-06-20T06:00,9.2,94,0.0,754.8,5.7,1.0
2025-06-20T07:00,11.3,89,0.0,756.8,5.6,89.0
2025-06-20T08:00,13.8,79,0.0,758.8,5.6,233.0
2025-06-20T09:00,16.0,69,0.1,759.9,9.4,451.0
2025-06-20T10:00,16.6,65,0.0,760.1,10.5,529.0
2025-06-20T11:00,17.8,61,0.0,760.6,12.1,787.0
2025-06-20T12:00,17.5,59,0.0,759.8,11.4,563.0
2025-06-20T13:00,17.9,58,0.0,759.1,10.3,626.0
2025-06-20T14:00,18.1,56,0.0,758.4,9.9,576.0
2025-06-20T15:00,18.5,52,0.0,757.7,8.7,582.0
2025-06-20T16:00,18.6,51,0.0,757.2,8.6,500.0
2025-06-20T17:00,17.4,56,0.0,756.7,8.3,248.0
2025-06-20T18:00,15.0,73,0.0,756.3,7.6,65.0
2025-06-20T19:00,13.6,82,0.0,756.8,4.9,0.0
2025-06-20T20:00,13.2,86,0.0,757.2,6.3,0.0
2025-06-20T21:00,12.7,90,0.0,757.4,3.3,0.0
2025-06-20T22:00,12.3,92,0.0,757.5,3.5,0.0
2025-06-20T23:00,11.6,95,0.0,757.1,2.8,0.0
2025-06-21T00:00,11.7,95,0.0,757.0,1.0,0.0
2025-06-21T01:00,11.7,95,0.0,756.5,0.6,0.0
2025-06-21T02:00,11.7,93,0.0,756.1,0.6,0.0
2025-06-21T03:00,11.6,93,0.0,755.8,2.2,0.0
2025-06-21T04:00,11.5,94,0.0,755.6,3.5,0.0
2025-06-21T05:00,10.9,96,0.0,755.2,3.8,0.0
2025-06-21T06:00,10.9,95,0.0,755.8,2.6,1.0
2025-06-21T07:00,12.0,92,0.0,757.2,0.3,66.0
2025-06-21T08:00,13.4,86,0.0,758.1,4.4,156.0
2025-06-21T09:00,14.8,77,0.0,759.0,7.2,344.0
2025-06-21T10:00,16.1,71,0.1,759.4,6.8,532.0
2025-06-21T11:00,16.9,67,0.3,759.5,11.8,649.0
2025-06-21T12:00,17.2,65,0.3,758.9,14.8,685.0
2025-06-21T13:00,17.7,63,0.3,758.0,13.5,741.0
2025-06-21T14:00,18.0,62,0.2,757.0,13.0,647.0
2025-06-21T15:00,18.5,59,0.1,756.5,11.9,594.0
2025-06-21T16:00,17.1,67,0.1,756.0,9.6,379.0
2025-06-21T17:00,16.0,72,0.1,756.2,6.1,194.0
2025-06-21T18:00,14.5,84,0.3,756.3,5.1,51.0
2025-06-21T19:00,13.4,93,0.0,756.6,6.7,0.0
2025-06-21T20:00,12.9,94,0.0,757.0,2.2,0.0
2025-06-21T21:00,12.4,95,0.0,757.2,4.6,0.0
2025-06-21T22:00,12.1,96,0.0,757.3,4.9,0.0
2025-06-21T23:00,12.0,95,0.0,757.3,3.4,0.0
2025-06-22T00:00,12.0,92,0.0,757.0,1.8,0.0
2025-06-22T01:00,12.0,91,0.0,756.5,1.3,0.0
2025-06-22T02:00,11.4,95,0.0,755.7,1.4,0.0
2025-06-22T03:00,11.5,94,0.0,755.7,1.9,0.0
2025-06-22T04:00,11.4,94,0.0,755.7,0.8,0.0
2025-06-22T05:00,11.4,94,0.0,756.0,1.3,0.0
2025-06-22T06:00,11.2,96,0.0,756.1,2.3,1.0
2025-06-22T07:00,11.8,93,0.0,757.0,0.3,51.0
2025-06-22T08:00,12.9,94,0.5,757.8,1.9,185.0
2025-06-22T09:00,14.6,83,0.0,758.9,1.5,393.0
2025-06-22T10:00,16.9,73,0.2,759.7,1.5,621.0
2025-06-22T11:00,17.1,69,5.0,759.3,3.7,496.0
2025-06-22T12:00,17.6,68,7.9,759.0,2.2,659.0
2025-06-22T13:00,16.9,69,5.0,758.0,4.8,583.0
2025-06-22T14:00,18.3,65,0.2,757.4,1.7,585.0
2025-06-22T15:00,16.7,74,3.5,756.2,2.3,406.0
2025-06-22T16:00,15.9,75,2.7,756.0,6.5,357.0
2025-06-22T17:00,14.8,82,0.1,755.8,7.7,186.0
2025-06-22T18:00,13.3,91,2.2,755.9,3.2,42.0
2025-06-22T19:00,12.8,95,0.1,756.3,0.2,0.0
2025-06-22T20:00,12.5,96,0.0,756.4,2.6,0.0
2025-06-22T21:00,12.8,96,0.1,757.2,0.4,0.0
2025-06-22T22:00,12.8,97,0.1,757.5,0.3,0.0
2025-06-22T23:00,12.4,98,0.1,757.5,2.7,0.0
2025-06-23T00:00,12.2,99,0.2,756.9,3.2,0.0
2025-06-23T01:00,12.2,99,0.3,756.3,0.6,0.0
2025-06-23T02:00,11.6,97,1.3,755.5,1.0,0.0
2025-06-23T03:00,11.5,97,1.0,755.2,2.3,0.0
2025-06-23T04:00,11.3,99,0.0,755.2,0.3,0.0
2025-06-23T05:00,11.3,98,0.0,755.3,0.6,0.0
2025-06-23T06:00,11.6,98,0.0,755.8,1.5,1.0
2025-06-23T07:00,12.2,95,0.0,756.9,1.5,82.0
2025-06-23T08:00,13.8,91,0.0,758.0,3.9,170.0
2025-06-23T09:00,16.1,75,0.0,759.5,4.0,516.0
2025-06-23T10:00,17.3,70,0.0,759.9,4.6,624.0
2025-06-23T11:00,17.9,66,0.0,759.5,4.1,554.0
2025-06-23T12:00,19.4,62,0.1,759.4,5.6,710.0
2025-06-23T13:00,20.8,56,0.1,759.0,3.3,865.0
2025-06-23T14:00,20.1,57,0.0,757.5,4.2,738.0
2025-06-23T15:00,18.2,67,5.2,756.4,10.0,568.0
2025-06-23T16:00,17.0,72,0.1,755.9,10.3,381.0
2025-06-23T17:00,16.3,77,0.0,755.9,5.2,213.0
2025-06-23T18:00,15.5,80,0.2,756.1,3.9,85.0
2025-06-23T19:00,14.1,88,0.1,756.3,1.5,1.0
2025-06-23T20:00,13.4,97,2.8,757.2,0.7,0.0
2025-06-23T21:00,12.9,99,0.6,757.3,0.4,0.0
2025-06-23T22:00,12.7,98,0.1,757.4,2.0,0.0
2025-06-23T23:00,12.7,98,0.7,757.4,4.6,0.0
2025-06-24T00:00,12.4,98,0.1,756.9,2.4,0.0
2025-06-24T01:00,11.9,98,0.0,755.9,1.9,0.0
2025-06-24T02:00,10.7,100,0.0,754.9,3.5,0.0
2025-06-24T03:00,10.2,99,0.0,754.4,2.6,0.0
2025-06-24T04:00,9.9,98,0.0,754.5,1.2,0.0
2025-06-24T05:00,10.3,99,0.0,755.1,2.8,0.0
2025-06-24T06:00,9.9,99,0.0,755.3,1.9,1.0
2025-06-24T07:00,11.3,95,0.0,757.0,0.9,77.0
2025-06-24T08:00,13.2,91,0.1,758.1,1.5,194.0
2025-06-24T09:00,15.2,78,0.0,759.2,1.9,497.0
2025-06-24T10:00,16.7,71,0.0,759.5,4.3,605.0
2025-06-24T11:00,17.6,69,0.0,759.4,6.3,601.0
2025-06-24T12:00,16.8,67,2.5,759.1,12.4,400.0
2025-06-24T13:00,15.1,75,0.7,758.2,8.7,232.0
2025-06-24T14:00,13.9,83,0.4,757.3,9.3,187.0
2025-06-24T15:00,14.0,83,0.4,756.9,10.5,259.0
2025-06-24T16:00,14.5,80,0.1,756.4,6.8,322.0
2025-06-24T17:00,14.2,80,0.1,756.4,5.9,166.0
2025-06-24T18:00,13.1,88,0.0,756.0,2.5,56.0
2025-06-24T19:00,12.2,92,0.0,756.0,2.3,0.0
2025-06-24T20:00,11.4,92,0.4,756.2,9.6,0.0
2025-06-24T21:00,11.0,91,0.1,756.2,6.7,0.0
2025-06-24T22:00,10.3,93,0.0,756.0,4.7,0.0
2025-06-24T23:00,10.2,94,0.0,756.1,4.3,0.0
2025-06-25T00:00,9.5,96,0.0,755.3,3.9,0.0
2025-06-25T01:00,9.5,97,0.0,754.8,2.8,0.0
2025-06-25T02:00,8.5,100,0.0,753.7,0.4,0.0
2025-06-25T03:00,8.4,100,0.0,753.6,0.4,0.0
2025-06-25T04:00,8.3,99,0.0,753.8,1.7,0.0
2025-06-25T05:00,7.0,100,0.0,753.1,1.3,0.0
2025-06-25T06:00,6.3,100,0.0,752.8,2.1,1.0
2025-06-25T07:00,9.3,98,0.0,755.7,2.6,116.0
2025-06-25T08:00,13.0,85,0.0,758.7,3.5,340.0
2025-06-25T09:00,15.1,67,0.0,759.8,7.9,563.0
2025-06-25T10:00,16.7,56,0.0,760.2,9.8,704.0
2025-06-25T11:00,17.1,56,0.0,760.0,13.2,791.0
2025-06-25T12:00,17.2,57,0.0,759.6,13.6,837.0
2025-06-25T13:00,17.1,56,0.0,758.9,14.7,732.0
2025-06-25T14:00,17.7,54,0.0,758.1,14.5,705.0
2025-06-25T15:00,17.6,53,0.0,756.8,13.1,536.0
2025-06-25T16:00,17.0,57,0.0,756.3,10.4,402.0
2025-06-25T17:00,16.2,61,0.0,755.9,7.5,250.0
2025-06-25T18:00,14.6,72,0.0,755.4,6.1,101.0
2025-06-25T19:00,13.6,76,0.0,755.6,7.2,1.0
2025-06-25T20:00,12.3,82,0.0,755.5,3.5,0.0
2025-06-25T21:00,11.1,87,0.0,755.3,3.3,0.0
2025-06-25T22:00,10.2,91,0.0,755.1,2.4,0.0
2025-06-25T23:00,9.7,93,0.0,755.3,3.1,0.0
2025-06-26T00:00,8.9,94,0.0,754.5,2.5,0.0
2025-06-26T01:00,8.2,95,0.0,753.9,1.9,0.0
2025-06-26T02:00,7.7,96,0.0,753.2,1.9,0.0
2025-06-26T03:00,7.2,96,0.0,752.5,2.3,0.0
2025-06-26T04:00,6.6,96,0.0,752.0,3.3,0.0
2025-06-26T05:00,6.4,95,0.0,751.9,2.7,0.0
2025-06-26T06:00,6.3,95,0.0,752.1,2.1,1.0
2025-06-26T07:00,9.1,91,0.0,754.8,2.4,104.0
2025-06-26T08:00,13.1,75,0.0,757.7,2.0,326.0
2025-06-26T09:00,15.8,65,0.0,759.1,3.6,581.0
2025-06-26T10:00,18.1,54,0.0,759.7,6.7,722.0
2025-06-26T11:00,18.6,52,0.0,759.9,10.8,790.0
2025-06-26T12:00,19.0,51,0.0,759.5,11.2,816.0
2025-06-26T13:00,19.6,50,0.0,758.8,8.3,891.0
2025-06-26T14:00,20.3,44,0.0,758.0,8.8,875.0
2025-06-26T15:00,19.7,46,0.0,757.1,11.0,673.0
2025-06-26T16:00,18.8,51,0.0,756.8,11.9,504.0
2025-06-26T17:00,17.2,60,0.0,756.5,10.2,306.0
2025-06-26T18:00,14.7,74,0.0,756.1,8.1,108.0
2025-06-26T19:00,13.1,82,0.0,756.5,7.1,1.0
2025-06-26T20:00,12.6,82,0.0,756.6,5.3,0.0
2025-06-26T21:00,12.1,87,0.0,756.9,4.1,0.0
2025-06-26T22:00,11.3,91,0.0,756.9,4.8,0.0
2025-06-26T23:00,10.9,94,0.1,756.5,2.0,0.0
2025-06-27T00:00,10.7,94,0.0,756.4,2.3,0.0
2025-06-27T01:00,10.4,95,0.1,756.0,2.8,0.0
2025-06-27T02:00,9.3,99,0.0,754.7,2.2,0.0
2025-06-27T03:00,9.1,100,0.0,754.1,1.3,0.0
2025-06-27T04:00,8.3,100,0.0,753.6,2.2,0.0
2025-06-27T05:00,8.3,100,0.0,753.6,1.6,0.0
2025-06-27T06:00,9.0,97,0.0,754.5,2.7,1.0
2025-06-27T07:00,11.6,93,0.0,756.9,2.0,80.0
2025-06-27T08:00,13.7,86,0.1,757.9,5.9,250.0
2025-06-27T09:00,14.2,82,0.1,758.2,7.2,297.0
2025-06-27T10:00,16.0,72,0.1,759.1,7.4,599.0
2025-06-27T11:00,16.6,69,0.3,759.2,8.9,741.0
2025-06-27T12:00,17.2,66,0.4,759.1,10.2,732.0
2025-06-27T13:00,17.9,64,0.4,758.6,11.0,838.0
2025-06-27T14:00,18.4,60,0.3,757.5,10.7,787.0
2025-06-27T15:00,18.7,57,0.1,757.3,12.9,746.0
2025-06-27T16:00,17.9,60,0.1,756.6,13.2,530.0
2025-06-27T17:00,16.9,64,0.1,756.6,12.9,302.0
2025-06-27T18:00,15.3,74,0.0,756.5,8.4,97.0
2025-06-27T19:00,13.8,82,0.0,756.6,5.9,1.0
2025-06-27T20:00,12.4,88,0.0,757.2,6.3,0.0
2025-06-27T21:00,11.9,91,0.0,757.2,3.7,0.0
2025-06-27T22:00,11.2,90,0.1,757.5,3.0,0.0
2025-06-27T23:00,10.7,93,0.0,757.4,2.4,0.0
2025-06-28T00:00,10.6,94,0.0,757.2,1.5,0.0
2025-06-28T01:00,10.3,94,0.0,756.6,2.7,0.0
2025-06-28T02:00,10.1,95,0.0,756.1,3.0,0.0
2025-06-28T03:00,9.5,95,0.0,755.6,2.4,0.0
2025-06-28T04:00,9.4,94,0.0,755.6,3.6,0.0
2025-06-28T05:00,8.0,97,0.0,754.6,3.7,0.0
2025-06-28T06:00,7.9,97,0.0,754.6,2.8,1.0
2025-06-28T07:00,10.5,91,0.0,757.4,4.4,99.0
2025-06-28T08:00,12.7,89,0.0,759.0,3.6,255.0
2025-06-28T09:00,14.2,78,0.1,759.6,5.0,408.0
2025-06-28T10:00,16.3,62,0.0,760.3,7.6,668.0
2025-06-28T11:00,17.4,57,0.0,760.6,8.7,757.0
2025-06-28T12:00,18.2,52,0.0,760.3,12.1,811.0
2025-06-28T13:00,18.3,51,0.0,759.5,15.9,867.0
2025-06-28T14:00,18.0,53,0.0,758.5,15.8,750.0
2025-06-28T15:00,17.3,55,0.0,757.5,14.9,541.0
2025-06-28T16:00,17.2,56,0.0,757.2,14.5,418.0
2025-06-28T17:00,16.5,59,0.0,757.0,13.2,266.0
2025-06-28T18:00,15.0,66,0.0,756.6,8.9,83.0
2025-06-28T19:00,13.8,74,0.0,756.5,5.1,1.0
2025-06-28T20:00,12.3,78,0.0,756.4,4.4,0.0
2025-06-28T21:00,11.5,85,0.0,756.4,3.8,0.0
2025-06-28T22:00,10.8,90,0.0,756.3,2.9,0.0
2025-06-28T23:00,10.0,94,0.0,756.1,2.4,0.0
2025-06-29T00:00,9.4,95,0.0,755.5,2.8,0.0
2025-06-29T01:00,8.8,96,0.0,754.7,1.9,0.0
2025-06-29T02:00,8.1,97,0.0,753.9,1.2,0.0
2025-06-29T03:00,7.7,97,0.0,753.7,0.7,0.0
2025-06-29T04:00,7.6,96,0.0,753.6,1.3,0.0
2025-06-29T05:00,7.1,96,0.0,753.3,1.0,0.0
2025-06-29T06:00,7.2,95,0.0,753.6,1.3,1.0
2025-06-29T07:00,9.6,90,0.0,755.9,1.7,106.0
2025-06-29T08:00,13.3,76,0.0,758.2,1.2,310.0
2025-06-29T09:00,16.0,68,0.0,759.7,4.9,545.0
2025-06-29T10:00,17.9,56,0.0,760.1,8.6,657.0
2025-06-29T11:00,18.1,56,0.0,760.0,10.3,793.0
2025-06-29T12:00,18.0,58,0.1,759.4,10.3,804.0
2025-06-29T13:00,18.4,58,0.1,758.5,8.8,812.0
2025-06-29T14:00,18.3,59,0.3,757.6,10.7,763.0
2025-06-29T15:00,18.4,59,0.1,757.0,10.2,665.0
2025-06-29T16:00,17.2,68,0.6,756.5,12.2,486.0
2025-06-29T17:00,15.7,73,0.0,756.2,11.7,279.0
2025-06-29T18:00,14.2,81,0.0,756.3,8.7,88.0
2025-06-29T19:00,13.7,86,0.0,756.6,6.7,1.0
2025-06-29T20:00,13.4,96,0.9,756.8,7.2,0.0
2025-06-29T21:00,12.9,98,0.5,757.1,3.7,0.0
2025-06-29T22:00,12.3,99,0.0,757.2,4.1,0.0
2025-06-29T23:00,11.2,98,0.0,756.4,2.9,0.0
2025-06-30T00:00,11.4,99,0.0,756.8,2.5,0.0
2025-06-30T01:00,11.4,99,1.1,756.5,4.9,0.0
2025-06-30T02:00,11.4,99,0.1,755.9,4.8,0.0
2025-06-30T03:00,11.0,100,0.0,755.6,3.1,0.0
2025-06-30T04:00,10.9,100,0.0,755.2,2.7,0.0
2025-06-30T05:00,10.2,100,0.0,754.7,3.1,0.0
2025-06-30T06:00,10.2,99,0.0,755.0,3.8,1.0
2025-06-30T07:00,11.5,97,0.0,756.2,5.2,61.0
2025-06-30T08:00,13.6,87,0.1,757.8,6.4,239.0
2025-06-30T09:00,14.0,84,0.1,758.2,6.4,248.0
2025-06-30T10:00,15.1,78,0.1,758.8,7.4,405.0
2025-06-30T11:00,16.7,69,0.3,759.0,6.6,650.0
2025-06-30T12:00,17.1,67,0.5,758.9,8.3,743.0
2025-06-30T13:00,17.6,65,0.6,758.3,8.4,795.0
2025-06-30T14:00,18.0,65,0.2,757.5,9.8,792.0
2025-06-30T15:00,17.7,65,0.3,756.9,12.3,681.0
2025-06-30T16:00,16.7,69,0.1,756.5,12.4,488.0
2025-06-30T17:00,15.9,72,0.0,756.3,10.9,287.0
2025-06-30T18:00,14.1,81,0.0,755.8,7.6,93.0
2025-06-30T19:00,13.1,86,0.0,756.3,5.7,1.0
2025-06-30T20:00,13.0,90,0.0,756.3,3.7,0.0
2025-06-30T21:00,12.4,92,0.0,756.6,3.4,0.0
2025-06-30T22:00,11.9,95,0.0,756.6,2.8,0.0
2025-06-30T23:00,11.9,95,0.0,756.6,2.0,0.0
2025-07-01T00:00,11.4,94,0.0,756.3,3.3,0.0
2025-07-01T01:00,11.7,94,0.0,756.4,1.8,0.0
2025-07-01T02:00,11.1,96,0.1,755.7,1.0,0.0
2025-07-01T03:00,10.6,97,0.2,755.0,1.9,0.0
2025-07-01T04:00,10.1,98,0.1,754.6,2.7,0.0
2025-07-01T05:00,10.5,96,0.1,755.0,1.1,0.0
2025-07-01T06:00,10.6,96,0.1,755.6,0.7,1.0
2025-07-01T07:00,11.9,92,0.0,756.9,2.3,82.0
2025-07-01T08:00,12.3,88,1.1,757.3,1.5,167.0
2025-07-01T09:00,14.2,82,0.1,758.5,2.4,406.0
2025-07-01T10:00,15.5,72,0.1,759.0,6.0,531.0
2025-07-01T11:00,16.6,65,0.2,759.3,7.7,704.0
2025-07-01T12:00,16.9,65,0.4,758.9,7.9,669.0
2025-07-01T13:00,16.6,67,0.4,758.1,7.1,756.0
2025-07-01T14:00,16.5,67,0.5,757.4,6.4,658.0
2025-07-01T15:00,16.4,69,0.4,757.1,5.7,638.0
2025-07-01T16:00,16.0,71,0.2,756.9,8.5,499.0
2025-07-01T17:00,14.3,77,0.1,756.3,11.7,293.0
2025-07-01T18:00,12.9,85,0.0,756.0,9.8,94.0
2025-07-01T19:00,12.3,87,0.0,756.5,7.4,1.0
2025-07-01T20:00,11.8,88,0.0,756.8,4.3,0.0
2025-07-01T21:00,11.3,91,0.0,756.9,3.3,0.0
2025-07-01T22:00,10.7,94,0.1,756.6,4.4,0.0
2025-07-01T23:00,9.4,96,0.0,755.8,3.5,0.0
2025-07-02T00:00,8.9,97,0.0,755.5,1.8,0.0
2025-07-02T01:00,8.8,98,0.0,755.3,2.3,0.0
2025-07-02T02:00,9.0,98,0.0,755.0,2.4,0.0
2025-07-02T03:00,8.8,98,0.0,754.6,2.0,0.0
2025-07-02T04:00,8.7,99,0.0,754.4,2.7,0.0
2025-07-02T05:00,8.6,99,0.0,754.3,2.2,0.0
2025-07-02T06:00,8.4,99,0.0,754.4,1.5,1.0
2025-07-02T07:00,10.8,95,0.0,756.5,3.7,69.0
2025-07-02T08:00,13.2,83,0.0,758.7,4.9,253.0
2025-07-02T09:00,14.5,75,0.0,759.3,6.0,458.0
2025-07-02T10:00,16.0,66,0.0,759.9,8.5,645.0
2025-07-02T11:00,17.0,60,0.1,760.0,9.5,749.0
2025-07-02T12:00,17.5,58,0.1,759.5,10.0,748.0
2025-07-02T13:00,17.4,60,0.1,758.7,11.2,768.0
2025-07-02T14:00,17.4,60,0.1,758.1,11.5,760.0
2025-07-02T15:00,17.3,62,0.1,757.5,11.1,600.0
2025-07-02T16:00,17.1,62,0.1,757.2,10.0,501.0
2025-07-02T17:00,15.7,68,0.0,757.2,10.5,293.0
2025-07-02T18:00,13.7,80,0.0,756.6,7.9,87.0
2025-07-02T19:00,12.8,85,0.0,757.0,6.5,1.0
2025-07-02T20:00,12.1,95,0.0,757.6,4.8,0.0
2025-07-02T21:00,11.9,97,0.0,758.3,2.7,0.0
2025-07-02T22:00,11.6,96,0.0,758.6,2.6,0.0
2025-07-02T23:00,11.1,96,0.0,758.2,1.4,0.0
2025-07-03T00:00,10.7,97,0.0,757.5,1.9,0.0
2025-07-03T01:00,9.7,100,0.0,756.6,2.0,0.0
2025-07-03T02:00,10.3,99,0.0,756.5,3.4,0.0
2025-07-03T03:00,9.9,98,0.0,755.6,3.4,0.0
2025-07-03T04:00,9.4,97,0.0,755.3,4.2,0.0
2025-07-03T05:00,9.4,96,0.0,755.5,4.3,0.0
2025-07-03T06:00,8.9,97,0.0,755.5,4.3,1.0
2025-07-03T07:00,10.7,93,0.1,757.2,3.7,80.0
2025-07-03T08:00,12.8,88,0.1,758.5,3.8,277.0
2025-07-03T09:00,15.0,75,0.2,759.4,6.4,521.0
2025-07-03T10:00,16.2,65,0.1,759.8,9.2,612.0
2025-07-03T11:00,16.2,66,0.2,759.6,16.2,557.0
2025-07-03T12:00,16.2,64,0.1,759.4,17.0,602.0
2025-07-03T13:00,16.3,64,0.2,758.8,17.1,549.0
2025-07-03T14:00,15.5,68,0.2,757.6,16.4,468.0
2025-07-03T15:00,16.4,63,0.0,757.4,14.0,575.0
2025-07-03T16:00,16.0,65,0.0,757.1,13.3,481.0
2025-07-03T17:00,14.5,72,0.0,756.5,13.3,255.0
2025-07-03T18:00,13.1,80,0.0,756.6,11.9,99.0
2025-07-03T19:00,12.3,84,0.0,757.2,11.0,1.0
2025-07-03T20:00,11.3,88,0.0,758.1,8.4,0.0
2025-07-03T21:00,11.2,90,0.0,758.2,5.3,0.0
2025-07-03T22:00,11.4,90,0.0,758.7,3.8,0.0
2025-07-03T23:00,11.4,90,0.0,758.9,2.9,0.0
2025-07-04T00:00,11.3,88,0.0,758.8,2.5,0.0
2025-07-04T01:00,11.0,89,0.0,758.2,1.6,0.0
2025-07-04T02:00,10.5,91,0.0,757.3,3.6,0.0
2025-07-04T03:00,10.1,92,0.0,756.7,2.6,0.0
2025-07-04T04:00,9.9,93,0.0,756.4,2.2,0.0
2025-07-04T05:00,8.8,95,0.0,755.9,4.1,0.0
2025-07-04T06:00,8.9,94,0.0,756.2,2.9,1.0
2025-07-04T07:00,10.4,89,0.0,757.9,2.2,64.0
2025-07-04T08:00,12.2,84,0.0,759.5,1.8,154.0
2025-07-04T09:00,13.3,79,0.0,760.1,3.3,326.0
2025-07-04T10:00,14.4,71,0.0,760.4,10.0,462.0
2025-07-04T11:00,16.0,65,0.1,760.6,10.7,623.0
2025-07-04T12:00,16.5,64,0.3,760.2,13.1,713.0
2025-07-04T13:00,15.7,68,0.2,759.1,15.3,526.0
2025-07-04T14:00,15.6,68,0.3,758.2,14.3,549.0
2025-07-04T15:00,15.1,70,0.3,757.5,15.4,492.0
2025-07-04T16:00,14.6,70,0.1,757.3,15.8,347.0
2025-07-04T17:00,13.7,74,0.0,757.4,14.3,221.0
2025-07-04T18:00,12.8,79,0.0,757.7,9.5,52.0
2025-07-04T19:00,12.2,83,0.0,758.2,6.4,0.0
2025-07-04T20:00,11.8,84,0.0,758.5,5.1,0.0
2025-07-04T21:00,11.7,85,0.0,758.7,5.6,0.0
2025-07-04T22:00,11.8,84,0.0,758.7,3.1,0.0
2025-07-04T23:00,11.7,84,0.0,759.0,4.7,0.0
2025-07-05T00:00,11.5,85,0.0,758.6,5.6,0.0
2025-07-05T01:00,11.1,87,0.0,757.7,6.1,0.0
2025-07-05T02:00,10.7,88,0.0,757.1,5.0,0.0
2025-07-05T03:00,10.6,90,0.0,756.6,4.1,0.0
2025-07-05T04:00,10.3,93,0.0,756.3,3.0,0.0
2025-07-05T05:00,10.3,94,0.0,756.5,2.5,0.0
2025-07-05T06:00,10.5,92,0.0,757.0,2.2,0.0
2025-07-05T07:00,10.7,90,0.0,757.6,2.3,39.0
2025-07-05T08:00,12.2,84,0.0,759.1,4.9,170.0
2025-07-05T09:00,13.9,72,0.0,760.0,8.7,390.0
2025-07-05T10:00,15.1,66,0.1,760.8,10.1,557.0
2025-07-05T11:00,15.5,65,0.3,760.6,15.4,673.0
2025-07-05T12:00,16.9,60,0.2,760.4,16.1,852.0
2025-07-05T13:00,17.0,59,0.1,759.5,12.9,790.0
2025-07-05T14:00,16.6,58,0.3,758.8,14.2,645.0
2025-07-05T15:00,15.6,63,0.1,757.8,15.6,451.0
2025-07-05T16:00,15.4,65,0.0,757.8,13.0,455.0
2025-07-05T17:00,14.8,66,0.0,757.9,10.7,312.0
2025-07-05T18:00,13.2,74,0.0,757.6,6.6,105.0
2025-07-05T19:00,12.3,79,0.0,758.0,4.8,1.0
2025-07-05T20:00,11.6,87,0.0,758.3,3.3,0.0
2025-07-05T21:00,11.4,90,0.0,758.5,1.9,0.0
2025-07-05T22:00,11.2,91,0.0,758.6,1.8,0.0
2025-07-05T23:00,11.1,94,0.0,758.6,2.5,0.0
2025-07-06T00:00,10.7,96,0.0,757.8,2.4,0.0
2025-07-06T01:00,10.3,98,0.0,757.2,2.7,0.0
2025-07-06T02:00,10.3,97,0.0,757.2,1.6,0.0
2025-07-06T03:00,10.3,97,0.0,756.8,3.3,0.0
2025-07-06T04:00,10.0,99,0.0,756.2,0.7,0.0
2025-07-06T05:00,9.5,100,0.0,755.8,0.0,0.0
2025-07-06T06:00,9.1,100,0.0,755.9,1.4,1.0
2025-07-06T07:00,10.0,97,0.0,757.3,2.7,80.0
2025-07-06T08:00,12.6,82,0.0,759.2,4.5,263.0
2025-07-06T09:00,14.2,72,0.0,760.0,4.9,402.0
2025-07-06T10:00,15.2,66,0.0,760.4,5.6,500.0
2025-07-06T11:00,16.3,62,0.0,760.5,8.0,722.0
2025-07-06T12:00,17.1,60,0.1,760.1,11.2,821.0
2025-07-06T13:00,17.9,56,0.2,759.7,12.2,804.0
2025-07-06T14:00,17.6,56,0.2,758.5,13.2,770.0
2025-07-06T15:00,17.1,59,0.0,757.8,13.0,571.0
2025-07-06T16:00,16.3,63,0.0,757.2,12.5,359.0
2025-07-06T17:00,15.1,68,0.0,757.0,11.9,228.0
2025-07-06T18:00,13.7,75,0.0,756.9,10.5,81.0
2025-07-06T19:00,12.6,81,0.0,757.1,8.8,1.0
2025-07-06T20:00,12.2,86,0.0,757.6,7.4,0.0
2025-07-06T21:00,11.6,90,0.0,757.9,5.0,0.0
2025-07-06T22:00,11.2,92,0.0,758.2,5.4,0.0
2025-07-06T23:00,11.0,93,0.0,758.2,4.6,0.0
2025-07-07T00:00,10.8,93,0.0,757.8,5.1,0.0
2025-07-07T01:00,10.7,93,0.0,757.3,4.4,0.0
2025-07-07T02:00,10.1,94,0.0,756.5,4.2,0.0
2025-07-07T03:00,10.0,94,0.0,756.3,3.7,0.0
2025-07-07T04:00,9.7,94,0.0,756.1,4.2,0.0
2025-07-07T05:00,9.2,94,0.0,755.8,4.2,0.0
2025-07-07T06:00,8.6,94,0.0,755.4,3.4,1.0
2025-07-07T07:00,10.8,89,0.0,757.3,4.3,106.0
2025-07-07T08:00,13.5,79,0.0,759.2,4.1,322.0
2025-07-07T09:00,15.9,65,0.0,760.0,8.3,534.0
2025-07-07T10:00,17.6,54,0.0,760.7,11.7,723.0
2025-07-07T11:00,18.1,55,0.0,760.5,12.1,824.0
2025-07-07T12:00,18.2,56,0.1,760.0,10.8,873.0
2025-07-07T13:00,18.4,57,0.3,759.3,10.4,878.0
2025-07-07T14:00,18.5,57,0.3,758.6,10.7,827.0
2025-07-07T15:00,18.5,57,0.2,757.7,10.9,641.0
2025-07-07T16:00,17.6,61,0.0,756.9,12.5,494.0
2025-07-07T17:00,16.0,68,0.0,756.7,13.5,287.0
2025-07-07T18:00,14.5,76,0.0,756.5,10.8,104.0
2025-07-07T19:00,13.5,79,0.0,756.7,9.6,1.0
2025-07-07T20:00,12.6,85,0.0,757.4,4.3,0.0
2025-07-07T21:00,12.0,90,0.0,757.6,3.2,0.0
2025-07-07T22:00,11.2,93,0.0,757.7,3.4,0.0
2025-07-07T23:00,10.5,94,0.0,757.3,2.7,0.0
2025-07-08T00:00,9.8,96,0.0,756.6,3.0,0.0
2025-07-08T01:00,9.2,97,0.0,755.9,3.4,0.0
2025-07-08T02:00,8.7,97,0.0,754.9,2.4,0.0
2025-07-08T03:00,8.7,96,0.0,754.5,2.2,0.0
2025-07-08T04:00,9.0,96,0.0,754.8,2.6,0.0
2025-07-08T05:00,8.8,96,0.0,755.1,1.8,0.0
2025-07-08T06:00,8.8,97,0.0,755.3,1.7,0.0
2025-07-08T07:00,10.8,94,0.0,757.1,3.0,92.0
2025-07-08T08:00,13.2,81,0.0,758.8,1.9,262.0
2025-07-08T09:00,15.0,73,0.1,760.0,7.1,472.0
2025-07-08T10:00,16.4,66,0.2,760.6,9.0,618.0
2025-07-08T11:00,16.7,64,0.3,760.6,11.1,761.0
2025-07-08T12:00,17.5,61,0.3,760.2,7.7,810.0
2025-07-08T13:00,17.7,58,0.4,759.3,10.3,791.0
2025-07-08T14:00,16.4,65,0.2,758.2,9.4,541.0
2025-07-08T15:00,16.7,65,0.0,757.5,5.5,494.0
2025-07-08T16:00,16.3,66,0.0,757.5,9.3,472.0
2025-07-08T17:00,14.6,73,0.0,757.0,6.7,243.0
2025-07-08T18:00,13.0,84,0.0,756.8,6.3,80.0
2025-07-08T19:00,12.9,87,0.0,757.1,6.0,1.0
2025-07-08T20:00,11.8,92,0.0,757.7,3.4,0.0
2025-07-08T21:00,11.8,95,0.0,758.0,4.7,0.0
2025-07-08T22:00,11.3,95,0.0,758.1,4.9,0.0
2025-07-08T23:00,11.0,95,0.0,758.1,5.6,0.0
2025-07-09T00:00,10.6,96,0.0,757.3,2.9,0.0
2025-07-09T01:00,10.3,97,0.0,756.7,2.4,0.0
2025-07-09T02:00,10.6,95,0.0,756.6,6.6,0.0
2025-07-09T03:00,10.3,93,0.0,756.5,6.8,0.0
2025-07-09T04:00,10.6,91,0.0,756.3,4.2,0.0
2025-07-09T05:00,10.4,92,0.0,756.5,4.1,0.0
2025-07-09T06:00,10.0,93,0.0,756.9,5.5,0.0
2025-07-09T07:00,10.9,91,0.0,758.0,4.3,69.0
2025-07-09T08:00,12.4,90,0.1,759.1,1.3,171.0
2025-07-09T09:00,14.0,80,0.1,760.0,3.7,397.0
2025-07-09T10:00,15.7,70,0.1,760.7,5.9,586.0
2025-07-09T11:00,16.9,63,0.1,760.6,9.4,625.0
2025-07-09T12:00,16.7,65,0.1,760.0,11.8,721.0
2025-07-09T13:00,16.7,66,0.2,759.4,10.6,735.0
2025-07-09T14:00,17.0,64,0.1,758.5,8.9,612.0
2025-07-09T15:00,17.3,62,0.1,757.4,12.1,573.0
2025-07-09T16:00,16.0,68,0.1,756.6,12.6,381.0
2025-07-09T17:00,14.9,73,0.0,756.6,10.8,230.0
2025-07-09T18:00,13.2,84,0.3,757.1,2.3,71.0
2025-07-09T19:00,12.2,91,0.0,757.2,1.5,1.0
2025-07-09T20:00,12.1,94,0.7,758.0,1.9,0.0
2025-07-09T21:00,12.2,94,0.3,758.2,2.0,0.0
2025-07-09T22:00,11.7,97,0.3,758.3,1.3,0.0
2025-07-09T23:00,11.7,98,0.5,758.3,1.3,0.0
2025-07-10T00:00,11.4,99,0.0,757.8,2.8,0.0
2025-07-10T01:00,11.2,98,0.0,757.4,2.2,0.0
2025-07-10T02:00,10.7,97,0.0,756.6,2.3,0.0
2025-07-10T03:00,10.7,97,0.0,756.3,1.5,0.0
2025-07-10T04:00,10.9,95,0.0,756.3,1.7,0.0
2025-07-10T05:00,10.6,98,0.0,756.3,1.2,0.0
2025-07-10T06:00,9.9,100,0.0,756.1,0.8,0.0
2025-07-10T07:00,10.8,96,0.0,757.3,3.3,66.0
2025-07-10T08:00,13.0,88,0.0,758.6,4.7,207.0
2025-07-10T09:00,14.7,77,0.1,759.5,4.7,421.0
2025-07-10T10:00,16.4,68,0.0,760.3,5.6,611.0
2025-07-10T11:00,17.6,62,0.2,760.2,9.6,688.0
2025-07-10T12:00,17.5,62,0.2,759.7,12.5,677.0
2025-07-10T13:00,17.4,62,0.3,758.8,11.8,743.0
2025-07-10T14:00,18.2,58,0.2,758.2,10.2,763.0
2025-07-10T15:00,18.2,58,0.2,757.6,12.1,683.0
2025-07-10T16:00,17.5,63,0.1,757.1,13.3,497.0
2025-07-10T17:00,16.4,68,0.0,756.8,10.1,269.0
2025-07-10T18:00,14.9,76,0.0,756.9,8.6,79.0
2025-07-10T19:00,13.7,83,0.0,757.2,8.3,1.0
2025-07-10T20:00,13.2,87,0.0,757.5,3.2,0.0
2025-07-10T21:00,12.9,90,0.0,758.0,4.8,0.0
2025-07-10T22:00,12.6,92,0.4,758.3,3.5,0.0
2025-07-10T23:00,12.3,97,0.8,758.4,4.9,0.0
2025-07-11T00:00,11.8,98,0.5,757.7,3.3,0.0
2025-07-11T01:00,11.2,98,0.1,756.8,1.0,0.0
2025-07-11T02:00,11.0,99,0.0,756.5,1.1,0.0
2025-07-11T03:00,11.0,98,0.1,756.3,2.8,0.0
2025-07-11T04:00,11.1,95,0.0,756.5,2.8,0.0
2025-07-11T05:00,10.8,96,0.1,756.5,2.3,0.0
2025-07-11T06:00,10.6,94,0.2,756.8,1.6,0.0
2025-07-11T07:00,11.1,93,0.2,757.6,1.5,47.0
2025-07-11T08:00,12.5,89,0.1,758.8,4.0,168.0
2025-07-11T09:00,14.5,79,0.1,759.9,5.2,401.0
2025-07-11T10:00,14.8,76,0.1,759.7,4.7,324.0
2025-07-11T11:00,16.7,67,0.2,760.2,7.5,703.0
2025-07-11T12:00,17.4,64,0.3,759.8,8.2,771.0
2025-07-11T13:00,18.1,60,0.3,759.2,9.3,781.0
2025-07-11T14:00,18.5,60,0.2,758.5,10.0,783.0
2025-07-11T15:00,18.0,60,0.2,757.7,11.1,656.0
2025-07-11T16:00,17.0,68,0.5,757.2,10.6,486.0
2025-07-11T17:00,15.2,77,0.2,756.9,9.4,186.0
2025-07-11T18:00,13.9,82,0.0,757.1,8.0,66.0
2025-07-11T19:00,12.9,90,0.2,757.7,5.6,1.0
2025-07-11T20:00,12.4,89,0.0,758.2,3.3,0.0
2025-07-11T21:00,12.5,89,0.5,758.9,2.8,0.0
2025-07-11T22:00,12.1,94,0.9,759.0,2.5,0.0
2025-07-11T23:00,11.8,95,0.7,758.8,3.1,0.0
2025-07-12T00:00,11.7,95,0.4,758.4,2.4,0.0
2025-07-12T01:00,11.5,97,0.2,757.8,1.8,0.0
2025-07-12T02:00,11.2,98,0.1,757.2,2.1,0.0
2025-07-12T03:00,11.3,97,0.1,756.9,1.5,0.0
2025-07-12T04:00,11.3,96,0.1,756.9,2.3,0.0
2025-07-12T05:00,10.9,99,0.0,756.7,2.7,0.0
2025-07-12T06:00,11.0,99,0.0,756.9,3.7,0.0
2025-07-12T07:00,11.6,95,0.0,757.8,5.2,52.0
2025-07-12T08:00,12.6,86,0.0,759.2,4.8,194.0
2025-07-12T09:00,13.7,80,0.0,759.9,7.1,268.0
2025-07-12T10:00,14.2,76,0.0,760.2,7.6,280.0
2025-07-12T11:00,14.8,73,0.0,760.1,7.3,329.0
2025-07-12T12:00,15.6,70,0.0,759.7,9.3,420.0
2025-07-12T13:00,16.1,68,0.0,759.3,12.0,595.0
2025-07-12T14:00,15.1,72,0.0,758.1,13.0,441.0
2025-07-12T15:00,16.0,66,0.0,757.7,13.4,632.0
2025-07-12T16:00,15.3,68,0.0,757.0,12.1,372.0
2025-07-12T17:00,14.1,75,0.0,756.6,12.1,232.0
2025-07-12T18:00,12.6,82,0.0,756.7,9.4,70.0
2025-07-12T19:00,12.1,85,0.0,757.3,8.1,1.0
2025-07-12T20:00,12.3,88,0.0,758.1,4.2,0.0
2025-07-12T21:00,12.2,91,0.0,758.5,4.7,0.0
2025-07-12T22:00,12.1,91,0.0,759.0,4.3,0.0
2025-07-12T23:00,11.2,94,0.0,758.6,4.1,0.0
2025-07-13T00:00,10.9,94,0.0,758.1,4.1,0.0
2025-07-13T01:00,10.8,94,0.1,757.7,4.1,0.0
2025-07-13T02:00,10.8,93,0.0,757.1,3.7,0.0
2025-07-13T03:00,10.5,96,0.0,756.8,3.2,0.0
2025-07-13T04:00,10.3,95,0.0,756.6,1.9,0.0
2025-07-13T05:00,10.2,95,0.0,756.7,2.7,0.0
2025-07-13T06:00,10.1,94,0.0,757.0,2.3,0.0
2025-07-13T07:00,10.7,93,0.0,758.0,3.6,53.0
2025-07-13T08:00,12.0,89,0.0,759.0,4.2,163.0
2025-07-13T09:00,13.5,80,0.0,759.8,4.7,335.0
2025-07-13T10:00,15.6,69,0.0,760.6,6.0,607.0
2025-07-13T11:00,16.4,64,0.0,760.6,8.2,702.0
2025-07-13T12:00,17.6,60,0.2,760.7,9.6,853.0
2025-07-13T13:00,17.4,61,0.2,759.7,11.1,801.0
2025-07-13T14:00,17.2,62,0.2,758.7,13.0,737.0
2025-07-13T15:00,17.0,63,0.1,758.0,13.3,661.0
2025-07-13T16:00,16.4,65,0.1,757.7,14.0,510.0
2025-07-13T17:00,15.4,69,0.0,757.7,14.4,269.0
2025-07-13T18:00,13.8,78,0.0,757.4,10.9,91.0
2025-07-13T19:00,12.9,82,0.0,757.6,7.6,1.0
2025-07-13T20:00,12.3,88,0.0,758.1,5.1,0.0
2025-07-13T21:00,11.9,90,0.0,758.4,3.2,0.0
2025-07-13T22:00,11.4,92,0.0,758.4,4.7,0.0
2025-07-13T23:00,11.3,92,0.0,758.6,4.4,0.0
2025-07-14T00:00,10.6,94,0.0,758.0,4.8,0.0
2025-07-14T01:00,10.1,94,0.0,757.1,6.1,0.0
2025-07-14T02:00,9.8,94,0.0,756.4,4.5,0.0
2025-07-14T03:00,9.7,94,0.0,756.3,2.5,0.0
2025-07-14T04:00,9.6,95,0.0,756.3,2.2,0.0
2025-07-14T05:00,9.5,95,0.0,756.4,1.9,0.0
2025-07-14T06:00,9.5,94,0.0,757.0,3.2,0.0
2025-07-14T07:00,11.2,89,0.0,758.7,3.4,78.0
2025-07-14T08:00,13.2,84,0.0,759.7,3.5,268.0
2025-07-14T09:00,14.1,79,0.1,760.5,4.5,381.0
2025-07-14T10:00,15.3,73,0.2,760.9,6.4,605.0
2025-07-14T11:00,16.7,66,0.3,761.0,8.2,769.0
2025-07-14T12:00,17.8,60,0.2,760.8,10.9,880.0
2025-07-14T13:00,17.3,64,0.1,759.9,11.9,791.0
2025-07-14T14:00,18.1,61,0.1,759.4,13.4,882.0
2025-07-14T15:00,17.4,61,0.0,758.6,13.0,588.0
2025-07-14T16:00,16.8,65,0.0,758.2,12.3,513.0
2025-07-14T17:00,16.2,68,0.0,758.0,11.1,323.0
2025-07-14T18:00,14.4,77,0.0,757.5,11.2,104.0
2025-07-14T19:00,13.0,85,0.0,757.6,7.9,1.0
2025-07-14T20:00,11.6,90,0.0,758.2,7.5,0.0
2025-07-14T21:00,11.7,89,0.0,758.6,5.2,0.0
2025-07-14T22:00,11.7,91,0.0,758.6,7.3,0.0
2025-07-14T23:00,11.5,92,0.0,758.5,6.6,0.0
2025-07-15T00:00,11.5,92,0.0,758.4,4.6,0.0
2025-07-15T01:00,11.2,93,0.0,757.5,4.7,0.0
2025-07-15T02:00,10.9,94,0.0,756.7,4.6,0.0
2025-07-15T03:00,10.7,95,0.0,756.3,4.1,0.0
2025-07-15T04:00,10.5,95,0.0,756.1,3.4,0.0
2025-07-15T05:00,10.2,96,0.0,755.9,3.3,0.0
2025-07-15T06:00,10.3,95,0.0,756.3,4.2,0.0
2025-07-15T07:00,11.5,90,0.0,757.5,3.1,45.0
2025-07-15T08:00,12.6,83,0.0,758.8,5.4,121.0
2025-07-15T09:00,13.2,78,0.1,759.2,8.0,262.0
2025-07-15T10:00,15.1,71,0.0,760.0,8.5,530.0
2025-07-15T11:00,16.6,65,0.0,760.1,10.2,734.0
2025-07-15T12:00,17.6,61,0.1,759.9,11.2,789.0
2025-07-15T13:00,17.9,59,0.2,759.3,14.2,790.0
2025-07-15T14:00,18.1,60,0.2,758.5,14.2,775.0
2025-07-15T15:00,17.8,61,0.1,757.8,14.3,688.0
2025-07-15T16:00,16.7,66,0.0,757.0,14.6,471.0
2025-07-15T17:00,15.9,69,0.0,756.5,13.5,335.0
2025-07-15T18:00,14.3,76,0.0,756.1,11.8,115.0
2025-07-15T19:00,13.1,81,0.0,756.4,9.1,1.0
2025-07-15T20:00,12.3,87,0.0,757.1,5.2,0.0
2025-07-15T21:00,11.6,91,0.0,757.4,4.0,0.0
2025-07-15T22:00,11.3,93,0.0,757.5,3.4,0.0
2025-07-15T23:00,11.0,95,0.0,757.4,3.8,0.0
2025-07-16T00:00,10.0,98,0.0,756.3,3.9,0.0
2025-07-16T01:00,9.4,99,0.0,755.3,4.7,0.0
2025-07-16T02:00,8.9,98,0.0,754.2,5.1,0.0
2025-07-16T03:00,8.2,99,0.0,753.5,5.0,0.0
2025-07-16T04:00,8.2,98,0.0,753.5,3.6,0.0
2025-07-16T05:00,7.9,98,0.0,753.4,2.7,0.0
2025-07-16T06:00,7.9,98,0.0,753.8,1.0,0.0
2025-07-16T07:00,10.0,93,0.0,755.9,1.8,81.0
2025-07-16T08:00,12.6,83,0.0,757.8,1.0,163.0
2025-07-16T09:00,13.5,79,0.1,758.4,1.9,231.0
2025-07-16T10:00,13.7,80,0.3,758.5,0.3,229.0
2025-07-16T11:00,14.5,78,0.1,758.7,2.7,329.0
2025-07-16T12:00,16.3,69,0.0,758.9,5.2,583.0
2025-07-16T13:00,17.3,65,0.4,758.6,6.6,808.0
2025-07-16T14:00,17.6,63,0.2,757.4,9.8,679.0
2025-07-16T15:00,17.9,62,0.3,756.7,10.4,679.0
2025-07-16T16:00,17.1,66,0.1,755.9,11.8,508.0
2025-07-16T17:00,16.4,68,0.0,755.7,11.0,295.0
2025-07-16T18:00,15.0,76,0.0,755.5,9.7,102.0
2025-07-16T19:00,13.7,82,0.0,755.8,8.8,1.0
2025-07-16T20:00,12.8,89,0.0,756.5,4.0,0.0
2025-07-16T21:00,12.5,93,0.0,756.8,3.1,0.0
2025-07-16T22:00,12.0,95,0.0,757.1,3.6,0.0
2025-07-16T23:00,11.5,96,0.0,756.9,5.5,0.0
2025-07-17T00:00,11.2,97,0.0,756.2,5.5,0.0
2025-07-17T01:00,10.8,97,0.0,755.4,4.1,0.0
2025-07-17T02:00,10.4,97,0.0,754.4,2.3,0.0
2025-07-17T03:00,10.6,96,0.0,754.4,4.7,0.0
2025-07-17T04:00,10.7,94,0.0,754.6,4.7,0.0
2025-07-17T05:00,11.0,93,0.0,754.9,3.9,0.0
2025-07-17T06:00,11.0,93,0.0,755.1,3.7,0.0
2025-07-17T07:00,12.0,90,0.0,756.2,4.9,58.0
2025-07-17T08:00,13.0,81,0.0,757.5,6.4,138.0
2025-07-17T09:00,14.2,74,0.0,758.3,6.5,310.0
2025-07-17T10:00,15.2,69,0.0,758.9,6.4,370.0
2025-07-17T11:00,16.8,63,0.0,759.2,8.2,595.0
2025-07-17T12:00,17.9,61,0.3,759.2,10.1,844.0
2025-07-17T13:00,17.9,63,0.5,758.4,11.0,907.0
2025-07-17T14:00,18.2,63,0.2,757.6,11.3,771.0
2025-07-17T15:00,17.3,65,0.1,756.1,8.9,512.0
2025-07-17T16:00,17.0,67,0.3,755.9,10.9,519.0
2025-07-17T17:00,16.2,70,0.1,756.1,9.4,300.0
2025-07-17T18:00,14.6,79,0.1,756.0,6.1,101.0
2025-07-17T19:00,13.5,86,0.0,756.3,6.8,1.0
2025-07-17T20:00,12.5,94,0.0,756.3,6.0,0.0
2025-07-17T21:00,12.1,96,0.0,756.7,2.8,0.0
2025-07-17T22:00,11.8,98,0.1,756.8,3.2,0.0
2025-07-17T23:00,11.6,99,0.1,756.6,2.6,0.0
2025-07-18T00:00,11.8,99,0.1,756.6,2.6,0.0
2025-07-18T01:00,11.7,99,0.0,755.9,2.9,0.0
2025-07-18T02:00,11.6,99,0.0,755.4,3.8,0.0
2025-07-18T03:00,11.5,99,0.1,755.1,3.2,0.0
2025-07-18T04:00,11.4,98,0.3,755.1,3.3,0.0
2025-07-18T05:00,11.6,99,0.5,755.1,3.7,0.0
2025-07-18T06:00,11.6,99,0.5,755.5,2.8,0.0
2025-07-18T07:00,12.1,100,0.3,756.3,4.2,45.0
2025-07-18T08:00,13.6,77,0.0,758.0,9.5,200.0
2025-07-18T09:00,15.0,71,0.0,759.0,7.2,407.0
2025-07-18T10:00,16.2,63,0.0,759.4,7.8,502.0
2025-07-18T11:00,16.6,60,0.0,759.3,10.3,481.0
2025-07-18T12:00,17.8,57,0.0,759.4,11.0,737.0
2025-07-18T13:00,18.3,55,0.1,758.8,10.8,787.0
2025-07-18T14:00,19.0,51,0.1,758.2,11.8,834.0
2025-07-18T15:00,18.3,55,0.0,757.5,12.0,690.0
2025-07-18T16:00,16.9,63,0.1,756.8,9.7,453.0
2025-07-18T17:00,15.8,66,0.1,756.7,8.8,303.0
2025-07-18T18:00,14.2,75,0.0,756.8,5.4,86.0
2025-07-18T19:00,13.1,83,0.0,756.8,5.1,1.0
2025-07-18T20:00,12.5,86,0.0,756.6,6.0,0.0
2025-07-18T21:00,12.2,84,0.0,757.4,5.7,0.0
2025-07-18T22:00,11.8,88,0.1,757.6,2.1,0.0
2025-07-18T23:00,11.2,92,0.1,757.0,0.8,0.0
2025-07-19T00:00,11.3,92,0.0,756.8,3.7,0.0
2025-07-19T01:00,11.2,93,0.0,756.1,2.5,0.0
2025-07-19T02:00,11.1,94,0.0,755.3,1.5,0.0
2025-07-19T03:00,11.1,95,0.9,755.3,4.0,0.0
2025-07-19T04:00,11.0,96,2.0,755.2,3.5,0.0
2025-07-19T05:00,11.3,96,0.7,755.7,1.3,0.0
2025-07-19T06:00,11.3,97,0.1,755.8,2.1,0.0
2025-07-19T07:00,11.9,96,0.0,756.7,1.9,58.0
2025-07-19T08:00,13.2,89,0.1,758.4,1.6,194.0
2025-07-19T09:00,14.0,86,0.2,759.0,3.5,295.0
2025-07-19T10:00,15.2,79,0.4,759.4,5.2,493.0
2025-07-19T11:00,16.0,73,0.2,759.3,9.0,621.0
2025-07-19T12:00,16.6,70,0.1,758.9,10.0,716.0
2025-07-19T13:00,16.7,69,0.3,758.1,13.5,822.0
2025-07-19T14:00,15.4,73,0.2,757.2,12.0,468.0
2025-07-19T15:00,16.2,69,0.1,757.1,11.9,518.0
2025-07-19T16:00,14.8,74,0.1,756.2,11.2,323.0
2025-07-19T17:00,14.7,74,0.0,756.7,6.9,256.0
2025-07-19T18:00,13.6,80,0.0,756.8,6.2,97.0
2025-07-19T19:00,12.6,85,0.0,757.1,7.3,1.0
2025-07-19T20:00,12.6,87,0.0,757.5,5.4,0.0
2025-07-19T21:00,12.2,91,0.0,758.1,4.1,0.0
2025-07-19T22:00,12.2,92,0.0,758.2,4.2,0.0
2025-07-19T23:00,12.0,95,0.0,757.7,2.4,0.0
2025-07-20T00:00,12.0,98,0.1,757.7,0.4,0.0
2025-07-20T01:00,11.9,97,0.7,757.1,0.4,0.0
2025-07-20T02:00,11.7,99,0.4,756.3,1.2,0.0
2025-07-20T03:00,11.5,97,0.2,756.0,2.2,0.0
2025-07-20T04:00,11.4,97,0.3,756.1,2.2,0.0
2025-07-20T05:00,11.3,97,0.7,756.3,2.0,0.0
2025-07-20T06:00,11.2,97,0.4,756.5,2.4,0.0
2025-07-20T07:00,11.4,97,0.2,757.1,1.5,33.0
2025-07-20T08:00,12.9,89,0.1,758.4,3.2,167.0
2025-07-20T09:00,14.4,78,0.1,759.5,3.8,388.0
2025-07-20T10:00,16.1,70,0.1,760.1,5.1,589.0
2025-07-20T11:00,16.4,68,0.3,759.9,8.7,636.0
2025-07-20T12:00,17.6,63,0.4,759.6,8.5,789.0
2025-07-20T13:00,17.7,64,0.4,758.8,9.3,820.0
2025-07-20T14:00,18.5,60,0.3,758.4,9.4,837.0
2025-07-20T15:00,18.3,59,0.1,757.6,12.1,651.0
2025-07-20T16:00,17.1,65,0.0,756.9,12.1,416.0
2025-07-20T17:00,16.6,67,0.0,756.8,11.3,261.0
2025-07-20T18:00,15.0,75,0.0,756.8,9.9,79.0
2025-07-20T19:00,14.0,80,0.0,757.0,8.6,1.0
2025-07-20T20:00,13.1,84,0.0,757.1,6.5,0.0
2025-07-20T21:00,12.7,87,0.0,757.5,4.7,0.0
2025-07-20T22:00,12.0,91,0.0,757.3,3.5,0.0
2025-07-20T23:00,11.4,93,0.0,757.0,3.3,0.0
2025-07-21T00:00,10.8,95,0.0,756.3,4.8,0.0
2025-07-21T01:00,11.2,92,0.0,756.3,3.1,0.0
2025-07-21T02:00,10.5,97,0.0,755.3,3.1,0.0
2025-07-21T03:00,10.0,98,0.0,754.5,3.3,0.0
2025-07-21T04:00,9.6,97,0.0,754.4,2.9,0.0
2025-07-21T05:00,9.1,96,0.0,754.3,2.3,0.0
2025-07-21T06:00,8.9,97,0.0,754.4,1.7,0.0
2025-07-21T07:00,10.8,92,0.0,756.2,3.1,95.0
2025-07-21T08:00,13.4,86,0.0,757.8,2.1,230.0
2025-07-21T09:00,16.2,71,0.0,759.0,7.9,492.0
2025-07-21T10:00,17.6,59,0.0,759.4,9.9,554.0
2025-07-21T11:00,18.2,61,0.1,759.5,10.3,778.0
2025-07-21T12:00,18.7,58,0.2,759.3,9.5,835.0
2025-07-21T13:00,18.8,59,0.2,758.4,10.7,739.0
2025-07-21T14:00,18.9,59,0.3,757.7,12.3,827.0
2025-07-21T15:00,18.3,61,0.2,756.9,12.0,621.0
2025-07-21T16:00,17.7,64,0.1,756.5,12.3,428.0
2025-07-21T17:00,17.0,66,0.0,756.4,9.9,253.0
2025-07-21T18:00,15.2,76,0.1,756.6,9.2,69.0
2025-07-21T19:00,13.9,83,0.0,756.7,9.4,1.0
2025-07-21T20:00,13.3,90,0.0,757.1,5.5,0.0
2025-07-21T21:00,12.6,92,0.0,757.0,6.3,0.0
2025-07-21T22:00,12.0,94,0.0,756.9,6.7,0.0
2025-07-21T23:00,11.2,95,0.0,756.2,4.4,0.0
2025-07-22T00:00,10.6,96,0.0,755.9,3.4,0.0
2025-07-22T01:00,10.1,96,0.0,755.1,2.4,0.0
2025-07-22T02:00,9.8,96,0.0,754.5,4.6,0.0
2025-07-22T03:00,10.1,95,0.0,754.2,3.5,0.0
2025-07-22T04:00,9.0,96,0.0,753.5,2.2,0.0
2025-07-22T05:00,9.2,95,0.0,754.1,1.7,0.0
2025-07-22T06:00,9.1,94,0.0,754.3,3.3,0.0
2025-07-22T07:00,10.9,90,0.0,756.1,2.4,83.0
2025-07-22T08:00,13.6,83,0.0,757.7,3.2,255.0
2025-07-22T09:00,15.8,74,0.0,758.7,6.0,477.0
2025-07-22T10:00,17.4,63,0.0,759.3,6.6,573.0
2025-07-22T11:00,17.7,62,0.0,759.1,7.8,726.0
2025-07-22T12:00,18.5,58,0.1,759.0,7.8,790.0
2025-07-22T13:00,18.5,58,0.3,758.1,8.6,816.0
2025-07-22T14:00,18.5,59,0.2,757.5,9.3,699.0
2025-07-22T15:00,17.9,63,0.0,756.5,10.7,510.0
2025-07-22T16:00,17.8,63,0.0,756.3,10.4,450.0
2025-07-22T17:00,16.8,68,0.1,756.2,12.0,219.0
2025-07-22T18:00,15.2,79,0.2,756.4,8.2,91.0
2025-07-22T19:00,14.0,88,0.3,756.6,5.4,1.0
2025-07-22T20:00,12.9,95,1.5,756.7,1.1,0.0
2025-07-22T21:00,13.2,96,3.2,757.7,4.3,0.0
2025-07-22T22:00,13.0,94,0.7,758.3,3.0,0.0
2025-07-22T23:00,12.7,95,0.0,758.0,3.3,0.0
2025-07-23T00:00,12.0,98,0.0,757.5,3.5,0.0
2025-07-23T01:00,11.6,99,0.0,756.8,2.2,0.0
2025-07-23T02:00,10.9,100,0.0,755.6,2.4,0.0
2025-07-23T03:00,11.5,99,0.0,755.9,4.8,0.0
2025-07-23T04:00,11.2,98,0.0,755.7,2.8,0.0
2025-07-23T05:00,10.3,99,0.0,755.3,2.0,0.0
2025-07-23T06:00,10.4,99,0.0,755.7,2.7,0.0
2025-07-23T07:00,11.9,95,0.0,757.3,4.4,76.0
2025-07-23T08:00,13.3,87,0.0,758.5,4.0,223.0
2025-07-23T09:00,14.2,82,0.1,759.4,0.4,375.0
2025-07-23T10:00,15.7,73,0.2,760.2,2.5,574.0
2025-07-23T11:00,17.4,63,0.1,760.4,7.3,757.0
2025-07-23T12:00,18.7,58,0.4,760.0,10.1,823.0
2025-07-23T13:00,18.8,59,0.2,759.1,10.7,907.0
2025-07-23T14:00,18.2,60,0.1,758.1,11.0,749.0
2025-07-23T15:00,17.9,61,0.1,757.7,12.0,590.0
2025-07-23T16:00,16.7,67,0.0,757.4,10.6,406.0
2025-07-23T17:00,15.2,75,0.0,757.1,8.5,205.0
2025-07-23T18:00,13.9,82,0.0,757.2,8.5,84.0
2025-07-23T19:00,12.9,88,0.0,757.5,6.1,1.0
2025-07-23T20:00,12.7,91,0.0,758.2,4.1,0.0
2025-07-23T21:00,12.2,95,0.0,758.7,4.2,0.0
2025-07-23T22:00,11.7,97,0.0,758.7,4.9,0.0
2025-07-23T23:00,11.6,97,0.0,758.7,5.2,0.0
2025-07-24T00:00,11.1,98,0.0,758.2,4.8,0.0
2025-07-24T01:00,11.0,97,0.0,757.6,5.8,0.0
2025-07-24T02:00,10.7,97,0.0,756.7,4.4,0.0
2025-07-24T03:00,10.7,98,0.0,756.4,3.1,0.0
2025-07-24T04:00,10.6,99,0.0,756.1,0.9,0.0
2025-07-24T05:00,10.5,100,0.0,755.9,0.4,0.0
2025-07-24T06:00,10.2,99,0.0,756.2,2.5,0.0
2025-07-24T07:00,11.2,92,0.0,757.5,3.2,55.0
2025-07-24T08:00,13.4,87,0.0,759.0,4.0,178.0
2025-07-24T09:00,15.4,72,0.0,760.2,6.4,427.0
2025-07-24T10:00,17.0,64,0.0,760.8,8.7,631.0
2025-07-24T11:00,17.9,61,0.2,760.9,10.1,778.0
2025-07-24T12:00,18.5,58,0.1,760.3,12.2,881.0
2025-07-24T13:00,18.8,60,0.1,759.4,11.6,870.0
2025-07-24T14:00,18.6,60,0.0,758.5,10.6,762.0
2025-07-24T15:00,18.5,59,0.0,757.8,11.1,577.0
2025-07-24T16:00,17.9,63,0.4,757.3,9.2,444.0
2025-07-24T17:00,17.0,64,0.0,756.7,12.2,256.0
2025-07-24T18:00,15.4,76,0.4,756.5,10.3,98.0
2025-07-24T19:00,13.8,83,0.1,756.8,5.5,1.0
2025-07-24T20:00,13.8,86,0.0,757.6,3.1,0.0
2025-07-24T21:00,13.0,91,0.0,757.7,4.8,0.0
2025-07-24T22:00,12.6,94,0.0,758.0,4.8,0.0
2025-07-24T23:00,12.1,95,0.0,758.1,5.9,0.0
2025-07-25T00:00,11.5,95,0.0,757.1,2.7,0.0
2025-07-25T01:00,11.3,96,0.0,756.5,1.9,0.0
2025-07-25T02:00,11.1,95,0.0,755.6,3.6,0.0
2025-07-25T03:00,11.2,94,0.0,755.3,3.7,0.0
2025-07-25T04:00,11.1,95,0.0,755.1,4.4,0.0
2025-07-25T05:00,10.7,96,0.0,755.1,2.2,0.0
2025-07-25T06:00,10.8,94,0.0,755.8,1.5,0.0
2025-07-25T07:00,11.5,90,0.0,756.6,2.5,52.0
2025-07-25T08:00,13.2,85,0.0,758.0,2.0,199.0
2025-07-25T09:00,14.5,78,0.2,758.7,4.5,344.0
2025-07-25T10:00,16.5,68,0.2,759.5,8.1,629.0
2025-07-25T11:00,18.0,60,0.2,759.6,10.6,787.0
2025-07-25T12:00,18.5,58,0.1,759.1,10.4,829.0
2025-07-25T13:00,19.0,56,0.2,758.5,11.1,880.0
2025-07-25T14:00,18.6,58,0.5,757.2,11.7,747.0
2025-07-25T15:00,18.3,60,0.1,756.3,11.9,649.0
2025-07-25T16:00,18.0,60,0.0,755.9,11.9,474.0
2025-07-25T17:00,17.5,61,0.0,755.5,11.4,284.0
2025-07-25T18:00,15.9,72,0.0,755.2,10.1,103.0
2025-07-25T19:00,14.9,79,0.1,755.6,7.3,1.0
2025-07-25T20:00,13.5,78,0.0,756.1,7.7,0.0
2025-07-25T21:00,12.8,86,0.0,756.2,3.5,0.0
2025-07-25T22:00,12.2,88,0.0,756.4,2.3,0.0
2025-07-25T23:00,11.5,92,0.0,756.2,2.4,0.0
2025-07-26T00:00,11.2,95,0.0,756.1,1.9,0.0
2025-07-26T01:00,11.0,96,0.0,755.5,3.3,0.0
2025-07-26T02:00,11.1,96,0.0,754.9,1.6,0.0
2025-07-26T03:00,10.4,99,0.0,754.4,3.1,0.0
2025-07-26T04:00,10.3,99,0.0,754.5,4.2,0.0
2025-07-26T05:00,9.7,99,0.0,754.1,4.4,0.0
2025-07-26T06:00,9.4,99,0.0,754.4,4.8,0.0
2025-07-26T07:00,10.7,90,0.0,755.7,3.5,78.0
2025-07-26T08:00,13.4,82,0.0,757.9,2.2,283.0
2025-07-26T09:00,15.5,73,0.2,758.8,2.0,483.0
2025-07-26T10:00,16.5,69,0.1,759.3,5.2,613.0
2025-07-26T11:00,17.3,65,0.1,759.3,9.1,790.0
2025-07-26T12:00,17.1,65,0.0,758.6,9.8,706.0
2025-07-26T13:00,17.0,63,0.1,758.1,8.2,460.0
2025-07-26T14:00,17.0,62,0.1,757.1,11.5,551.0
2025-07-26T15:00,17.6,59,0.0,756.5,8.0,561.0
2025-07-26T16:00,17.5,59,0.0,755.9,6.9,421.0
2025-07-26T17:00,16.6,63,0.0,755.6,7.5,279.0
2025-07-26T18:00,14.7,74,0.0,755.2,8.5,92.0
2025-07-26T19:00,14.2,80,0.1,755.9,5.5,1.0
2025-07-26T20:00,13.2,88,0.0,756.7,5.8,0.0
2025-07-26T21:00,12.3,94,0.0,756.5,3.2,0.0
2025-07-26T22:00,12.1,95,0.0,757.0,3.2,0.0
2025-07-26T23:00,12.0,95,0.0,757.1,4.9,0.0
2025-07-27T00:00,11.8,95,0.0,757.0,4.3,0.0
2025-07-27T01:00,11.4,97,0.0,756.6,2.4,0.0
2025-07-27T02:00,11.3,98,0.6,756.1,1.8,0.0
2025-07-27T03:00,11.2,100,0.5,755.7,3.2,0.0
2025-07-27T04:00,10.6,100,0.0,755.3,2.8,0.0
2025-07-27T05:00,9.9,100,0.0,755.1,1.8,0.0
2025-07-27T06:00,9.6,100,0.0,755.3,1.3,0.0
2025-07-27T07:00,11.1,95,0.0,757.0,2.6,81.0
2025-07-27T08:00,13.6,83,0.0,758.4,3.3,315.0
2025-07-27T09:00,15.9,69,0.0,759.4,5.4,502.0
2025-07-27T10:00,17.7,57,0.0,760.2,9.2,694.0
2025-07-27T11:00,18.1,57,0.1,760.2,13.2,784.0
2025-07-27T12:00,18.6,55,0.1,759.9,12.0,845.0
2025-07-27T13:00,19.6,52,0.0,759.5,11.6,908.0
2025-07-27T14:00,19.5,52,0.0,758.6,11.3,834.0
2025-07-27T15:00,19.2,52,0.1,757.5,11.1,736.0
2025-07-27T16:00,18.5,54,0.0,757.3,10.3,531.0
2025-07-27T17:00,17.3,61,0.0,757.1,7.9,272.0
2025-07-27T18:00,15.8,69,0.0,756.9,7.9,117.0
2025-07-27T19:00,14.6,79,0.0,756.9,6.3,1.0
2025-07-27T20:00,14.0,84,0.0,757.9,4.0,0.0
2025-07-27T21:00,13.8,86,0.1,758.2,3.6,0.0
2025-07-27T22:00,13.7,87,0.0,758.7,4.5,0.0
2025-07-27T23:00,12.9,90,0.0,758.4,6.6,0.0
2025-07-28T00:00,12.2,92,0.0,758.2,4.7,0.0
2025-07-28T01:00,11.3,97,0.0,757.0,2.2,0.0
2025-07-28T02:00,10.6,99,0.0,756.1,2.8,0.0
2025-07-28T03:00,9.8,100,0.0,755.6,3.4,0.0
2025-07-28T04:00,9.5,99,0.0,755.5,3.5,0.0
2025-07-28T05:00,8.8,99,0.0,755.2,1.1,0.0
2025-07-28T06:00,8.2,100,0.0,755.2,0.6,0.0
2025-07-28T07:00,10.3,93,0.0,757.3,1.1,98.0
2025-07-28T08:00,13.5,77,0.0,759.2,2.2,328.0
2025-07-28T09:00,15.8,62,0.0,760.5,6.0,531.0
2025-07-28T10:00,16.8,58,0.0,760.8,8.6,582.0
2025-07-28T11:00,17.8,55,0.0,760.9,11.0,705.0
2025-07-28T12:00,18.6,52,0.0,760.7,12.5,777.0
2025-07-28T13:00,18.4,54,0.2,760.0,11.1,775.0
2025-07-28T14:00,18.9,52,0.2,759.5,10.3,820.0
2025-07-28T15:00,19.2,49,0.1,758.6,8.8,724.0
2025-07-28T16:00,19.4,49,0.1,758.2,9.1,532.0
2025-07-28T17:00,18.4,53,0.0,757.8,10.2,320.0
2025-07-28T18:00,16.2,65,0.0,757.5,10.7,108.0
2025-07-28T19:00,14.7,74,0.0,757.7,8.8,1.0
2025-07-28T20:00,13.2,84,0.0,758.1,4.0,0.0
2025-07-28T21:00,12.4,90,0.0,758.1,3.8,0.0
2025-07-28T22:00,11.6,94,0.0,757.9,4.2,0.0
2025-07-28T23:00,10.9,94,0.0,757.5,4.1,0.0
2025-07-29T00:00,10.0,95,0.0,756.6,3.8,0.0
2025-07-29T01:00,9.4,96,0.0,756.0,2.3,0.0
2025-07-29T02:00,8.9,96,0.0,755.1,3.5,0.0
2025-07-29T03:00,8.5,95,0.0,754.8,4.0,0.0
2025-07-29T04:00,8.0,96,0.0,754.6,3.2,0.0
2025-07-29T05:00,7.6,96,0.0,754.6,2.4,0.0
2025-07-29T06:00,7.2,97,0.0,754.9,2.3,0.0
2025-07-29T07:00,9.4,90,0.0,757.1,1.0,99.0
2025-07-29T08:00,13.5,76,0.0,759.7,3.2,303.0
2025-07-29T09:00,15.5,69,0.1,760.6,2.4,521.0
2025-07-29T10:00,15.3,68,0.1,760.5,3.5,348.0
2025-07-29T11:00,15.5,68,0.4,760.4,5.9,377.0
2025-07-29T12:00,15.3,69,0.2,759.7,6.4,352.0
2025-07-29T13:00,18.3,54,0.2,760.2,7.2,911.0
2025-07-29T14:00,18.4,53,0.1,759.3,10.1,716.0
2025-07-29T15:00,18.1,57,0.4,758.5,11.8,652.0
2025-07-29T16:00,17.3,61,0.3,757.8,13.3,530.0
2025-07-29T17:00,16.0,66,0.0,757.5,12.2,307.0
2025-07-29T18:00,14.3,74,0.0,757.6,10.5,98.0
2025-07-29T19:00,13.5,80,0.1,757.7,9.4,1.0
2025-07-29T20:00,12.8,85,0.0,758.6,7.2,0.0
2025-07-29T21:00,12.2,90,0.2,758.9,6.2,0.0
2025-07-29T22:00,12.1,92,0.1,759.3,6.3,0.0
2025-07-29T23:00,12.1,89,0.0,759.4,3.8,0.0
2025-07-30T00:00,11.7,91,0.0,758.7,1.6,0.0
2025-07-30T01:00,11.1,94,0.0,757.7,1.5,0.0
2025-07-30T02:00,11.1,93,0.0,757.2,4.0,0.0
2025-07-30T03:00,10.8,94,0.0,756.9,5.3,0.0
2025-07-30T04:00,10.0,97,0.0,756.2,4.2,0.0
2025-07-30T05:00,9.5,97,0.0,755.8,1.7,0.0
2025-07-30T06:00,9.0,99,0.0,755.7,2.5,0.0
2025-07-30T07:00,10.5,92,0.0,757.3,2.0,89.0
2025-07-30T08:00,13.0,83,0.0,759.1,3.6,274.0
2025-07-30T09:00,15.4,68,0.0,760.2,4.1,548.0
2025-07-30T10:00,16.9,59,0.0,760.9,5.6,619.0
2025-07-30T11:00,18.3,54,0.0,761.3,7.5,729.0
2025-07-30T12:00,18.3,54,0.2,760.7,11.9,764.0
2025-07-30T13:00,18.8,52,0.3,760.4,10.7,860.0
2025-07-30T14:00,18.5,53,0.3,759.4,12.3,794.0
2025-07-30T15:00,17.9,55,0.1,758.3,11.8,611.0
2025-07-30T16:00,17.4,56,0.0,757.7,10.3,492.0
2025-07-30T17:00,16.7,59,0.0,757.4,12.7,273.0
2025-07-30T18:00,15.4,64,0.0,757.3,12.0,78.0
2025-07-30T19:00,14.5,70,0.0,757.8,8.5,1.0
2025-07-30T20:00,12.9,82,0.0,757.5,4.2,0.0
2025-07-30T21:00,11.9,89,0.0,757.4,4.1,0.0
2025-07-30T22:00,11.1,92,0.0,757.5,3.5,0.0
2025-07-30T23:00,10.7,93,0.0,757.6,2.6,0.0
2025-07-31T00:00,9.7,95,0.0,756.5,3.9,0.0
2025-07-31T01:00,9.2,95,0.0,755.8,3.5,0.0
2025-07-31T02:00,8.4,96,0.0,754.8,3.4,0.0
2025-07-31T03:00,8.0,96,0.0,754.0,3.8,0.0
2025-07-31T04:00,7.7,95,0.0,754.0,4.2,0.0
2025-07-31T05:00,7.6,95,0.0,754.3,2.2,0.0
2025-07-31T06:00,7.1,95,0.0,754.1,3.7,0.0
2025-07-31T07:00,9.2,87,0.0,756.4,3.8,97.0
2025-07-31T08:00,12.8,72,0.0,759.5,2.0,334.0
2025-07-31T09:00,15.5,63,0.0,760.7,2.9,588.0
2025-07-31T10:00,18.1,52,0.0,761.4,4.6,758.0
2025-07-31T11:00,19.6,47,0.0,761.4,10.6,911.0
2025-07-31T12:00,19.6,47,0.0,760.9,13.2,911.0
2025-07-31T13:00,19.6,48,0.2,760.1,13.3,884.0
2025-07-31T14:00,20.1,46,0.1,759.6,12.1,835.0
2025-07-31T15:00,19.9,48,0.1,758.8,11.5,736.0
2025-07-31T16:00,19.1,53,0.1,758.3,13.1,536.0
2025-07-31T17:00,17.7,59,0.0,757.9,15.3,309.0
2025-07-31T18:00,16.0,66,0.0,757.8,13.4,102.0
2025-07-31T19:00,14.5,76,0.1,758.1,11.0,1.0
2025-07-31T20:00,13.1,84,0.0,757.9,4.0,0.0
2025-07-31T21:00,12.4,89,0.0,758.3,3.1,0.0
2025-07-31T22:00,11.7,92,0.0,758.5,5.1,0.0
2025-07-31T23:00,11.1,94,0.0,758.1,6.1,0.0
2025-08-01T00:00,10.3,97,0.0,757.3,4.4,0.0
2025-08-01T01:00,9.7,99,0.0,756.6,2.2,0.0
2025-08-01T02:00,9.1,99,0.0,755.8,4.4,0.0
2025-08-01T03:00,8.3,100,0.0,755.2,3.6,0.0
2025-08-01T04:00,8.4,98,0.0,755.8,4.2,0.0
2025-08-01T05:00,8.3,97,0.0,755.9,3.9,0.0
2025-08-01T06:00,8.4,96,0.0,756.1,3.2,0.0
2025-08-01T07:00,10.2,89,0.0,758.1,3.3,87.0
2025-08-01T08:00,13.2,83,0.1,760.0,1.3,216.0
2025-08-01T09:00,14.5,76,0.2,760.9,3.1,347.0
2025-08-01T10:00,16.7,65,0.2,762.2,4.7,647.0
2025-08-01T11:00,17.8,60,0.3,762.2,6.4,763.0
2025-08-01T12:00,18.7,58,0.1,761.7,7.8,789.0
2025-08-01T13:00,19.4,54,0.1,760.9,9.7,800.0
2025-08-01T14:00,19.8,51,0.2,760.2,8.8,780.0
2025-08-01T15:00,19.7,53,0.2,759.7,8.7,671.0
2025-08-01T16:00,19.3,54,0.0,759.1,10.7,470.0
2025-08-01T17:00,17.6,63,0.0,758.6,14.1,310.0
2025-08-01T18:00,15.9,71,0.0,758.4,12.4,104.0
2025-08-01T19:00,14.9,78,0.0,758.7,9.9,1.0
2025-08-01T20:00,13.4,83,0.0,758.8,6.5,0.0
2025-08-01T21:00,12.8,87,0.0,759.0,6.5,0.0
2025-08-01T22:00,12.1,92,0.0,759.0,6.1,0.0
2025-08-01T23:00,11.5,95,0.0,758.5,4.2,0.0
2025-08-02T00:00,10.9,96,0.0,757.9,4.5,0.0
2025-08-02T01:00,10.4,96,0.0,757.1,4.6,0.0
2025-08-02T02:00,10.2,96,0.0,756.4,5.5,0.0
2025-08-02T03:00,10.0,96,0.0,756.1,3.3,0.0
2025-08-02T04:00,9.7,95,0.0,756.3,4.2,0.0
2025-08-02T05:00,9.6,95,0.0,756.5,3.9,0.0
2025-08-02T06:00,9.5,95,0.0,756.5,4.4,0.0
2025-08-02T07:00,10.9,88,0.0,757.7,3.6,66.0
2025-08-02T08:00,14.0,75,0.0,759.5,5.3,287.0
2025-08-02T09:00,16.3,64,0.0,760.5,7.1,457.0
2025-08-02T10:00,16.4,65,0.0,760.7,7.2,390.0
2025-08-02T11:00,16.6,65,0.2,760.8,8.1,508.0
2025-08-02T12:00,17.6,64,0.1,760.5,6.4,716.0
2025-08-02T13:00,18.1,62,0.1,759.6,4.0,518.0
2025-08-02T14:00,19.4,55,0.0,759.3,6.7,734.0
2025-08-02T15:00,19.1,56,0.0,758.4,7.1,558.0
2025-08-02T16:00,17.6,67,2.9,757.8,8.0,395.0
2025-08-02T17:00,16.0,75,4.0,757.7,7.9,230.0
2025-08-02T18:00,14.5,82,0.4,757.5,9.7,68.0
2025-08-02T19:00,13.8,89,0.1,757.5,5.9,1.0
2025-08-02T20:00,13.3,84,0.0,758.4,5.9,0.0
2025-08-02T21:00,13.3,86,0.1,758.9,4.6,0.0
2025-08-02T22:00,13.0,90,0.5,759.1,7.0,0.0
2025-08-02T23:00,12.8,90,0.1,759.1,3.5,0.0
2025-08-03T00:00,12.3,92,0.1,758.3,3.6,0.0
2025-08-03T01:00,11.5,99,0.2,756.9,2.1,0.0
2025-08-03T02:00,11.3,99,0.0,756.4,4.0,0.0
2025-08-03T03:00,11.3,97,0.0,756.1,6.2,0.0
2025-08-03T04:00,10.6,97,0.0,755.5,3.5,0.0
2025-08-03T05:00,10.1,96,0.0,755.6,4.7,0.0
2025-08-03T06:00,9.9,97,0.0,755.8,3.9,0.0
2025-08-03T07:00,11.1,96,0.0,757.0,3.9,90.0
2025-08-03T08:00,13.4,83,0.0,759.2,5.7,244.0
2025-08-03T09:00,15.5,67,0.1,760.2,9.1,510.0
2025-08-03T10:00,16.6,62,0.1,760.6,9.0,605.0
2025-08-03T11:00,17.8,59,0.0,760.6,7.8,786.0
2025-08-03T12:00,18.6,57,0.0,760.1,8.0,914.0
2025-08-03T13:00,18.4,58,0.0,758.7,10.9,791.0
2025-08-03T14:00,18.8,55,0.2,758.0,10.7,794.0
2025-08-03T15:00,17.8,59,0.1,756.9,11.8,612.0
2025-08-03T16:00,17.4,62,0.1,756.5,10.2,488.0
2025-08-03T17:00,16.0,68,0.1,756.2,12.8,305.0
2025-08-03T18:00,14.1,76,0.0,756.1,11.3,87.0
2025-08-03T19:00,13.3,81,0.0,756.6,8.5,1.0
2025-08-03T20:00,12.7,88,0.0,757.2,5.7,0.0
2025-08-03T21:00,12.3,90,0.0,757.5,6.5,0.0
2025-08-03T22:00,12.2,91,0.0,757.6,4.9,0.0
2025-08-03T23:00,12.2,91,0.0,758.0,2.3,0.0
2025-08-04T00:00,11.8,95,0.2,757.1,2.0,0.0
2025-08-04T01:00,11.4,98,0.1,756.5,0.7,0.0
2025-08-04T02:00,10.8,99,0.2,755.7,0.8,0.0
2025-08-04T03:00,10.1,100,0.1,755.2,1.6,0.0
2025-08-04T04:00,10.4,99,0.1,755.7,2.3,0.0
2025-08-04T05:00,10.2,99,0.1,755.5,2.7,0.0
2025-08-04T06:00,9.6,99,0.0,755.4,1.6,0.0
2025-08-04T07:00,10.9,94,0.0,756.8,2.3,79.0
2025-08-04T08:00,12.6,83,0.1,757.9,6.1,198.0
2025-08-04T09:00,14.2,72,0.1,758.8,6.7,499.0
2025-08-04T10:00,15.3,65,0.1,759.4,9.0,567.0
2025-08-04T11:00,16.7,58,0.0,759.9,10.2,748.0
2025-08-04T12:00,17.8,53,0.0,759.7,11.1,846.0
2025-08-04T13:00,18.0,53,0.0,759.2,14.3,853.0
2025-08-04T14:00,18.1,52,0.0,758.6,13.5,828.0
2025-08-04T15:00,17.8,53,0.0,757.8,13.8,676.0
2025-08-04T16:00,16.8,58,0.0,757.4,13.9,492.0
2025-08-04T17:00,15.6,63,0.0,757.2,11.6,286.0
2025-08-04T18:00,14.0,71,0.0,757.1,7.4,91.0
2025-08-04T19:00,13.0,78,0.0,757.4,4.7,1.0
2025-08-04T20:00,11.9,87,0.0,757.6,5.0,0.0
2025-08-04T21:00,11.2,90,0.0,757.8,5.4,0.0
2025-08-04T22:00,10.5,93,0.0,757.7,4.5,0.0
2025-08-04T23:00,10.1,95,0.0,757.6,2.7,0.0
2025-08-05T00:00,9.4,98,0.0,757.1,2.6,0.0
2025-08-05T01:00,8.4,100,0.0,756.0,2.6,0.0
2025-08-05T02:00,7.8,99,0.0,755.4,3.3,0.0
2025-08-05T03:00,7.5,99,0.0,754.8,2.8,0.0
2025-08-05T04:00,6.8,99,0.0,754.4,2.0,0.0
2025-08-05T05:00,6.3,100,0.0,754.3,1.3,0.0
2025-08-05T06:00,5.8,99,0.0,754.4,1.3,0.0
2025-08-05T07:00,8.0,94,0.0,756.7,2.3,99.0
2025-08-05T08:00,11.8,71,0.0,759.9,2.9,295.0
2025-08-05T09:00,14.5,59,0.0,760.9,5.2,578.0
2025-08-05T10:00,16.5,48,0.0,761.9,9.0,773.0
2025-08-05T11:00,17.8,43,0.0,762.1,12.7,869.0
2025-08-05T12:00,19.3,37,0.0,761.8,12.9,941.0
2025-08-05T13:00,19.3,38,0.0,760.9,14.0,920.0
2025-08-05T14:00,19.6,36,0.0,760.2,13.3,771.0
2025-08-05T15:00,18.8,40,0.0,759.2,15.4,726.0
2025-08-05T16:00,17.4,43,0.0,758.4,17.3,523.0
2025-08-05T17:00,15.9,46,0.0,757.9,17.8,325.0
2025-08-05T18:00,14.3,52,0.0,757.5,14.4,110.0
2025-08-05T19:00,13.1,57,0.0,757.7,9.2,1.0
2025-08-05T20:00,12.2,72,0.0,758.1,3.8,0.0
2025-08-05T21:00,11.2,82,0.0,758.1,2.1,0.0
2025-08-05T22:00,11.0,83,0.0,758.4,3.3,0.0
2025-08-05T23:00,10.5,87,0.0,757.9,3.5,0.0
2025-08-06T00:00,9.9,91,0.0,757.3,2.3,0.0
2025-08-06T01:00,8.9,95,0.0,756.4,2.3,0.0
2025-08-06T02:00,8.2,96,0.0,755.8,3.3,0.0
2025-08-06T03:00,7.7,96,0.0,755.0,3.2,0.0
2025-08-06T04:00,7.3,96,0.0,754.7,2.9,0.0
2025-08-06T05:00,7.0,96,0.0,755.1,3.2,0.0
2025-08-06T06:00,6.7,96,0.0,755.5,2.1,0.0
2025-08-06T07:00,8.9,89,0.0,757.4,2.1,101.0
2025-08-06T08:00,13.0,74,0.0,760.6,2.8,315.0
2025-08-06T09:00,14.9,66,0.0,761.6,2.9,527.0
2025-08-06T10:00,15.8,61,0.0,761.7,6.6,525.0
2025-08-06T11:00,16.9,57,0.0,762.1,9.4,751.0
2025-08-06T12:00,18.2,50,0.1,762.0,9.8,814.0
2025-08-06T13:00,20.1,45,0.1,761.5,9.3,975.0
2025-08-06T14:00,19.7,46,0.0,760.1,11.6,738.0
2025-08-06T15:00,19.2,48,0.0,759.2,9.4,605.0
2025-08-06T16:00,18.5,50,0.0,758.5,8.5,421.0
2025-08-06T17:00,18.0,51,0.1,758.3,6.9,291.0
2025-08-06T18:00,15.8,62,0.1,758.1,6.6,100.0
2025-08-06T19:00,13.9,75,0.0,758.1,4.2,1.0
2025-08-06T20:00,12.0,94,0.0,757.7,0.6,0.0
2025-08-06T21:00,11.7,95,0.0,757.8,2.0,0.0
2025-08-06T22:00,11.4,97,0.0,757.8,0.3,0.0
2025-08-06T23:00,10.9,100,0.0,757.6,0.8,0.0
2025-08-07T00:00,10.6,100,0.0,757.1,0.9,0.0
2025-08-07T01:00,10.7,100,0.0,757.0,1.1,0.0
2025-08-07T02:00,10.5,99,0.0,756.0,1.8,0.0
2025-08-07T03:00,10.3,100,0.0,755.7,2.6,0.0
2025-08-07T04:00,9.2,100,0.0,754.7,3.4,0.0
2025-08-07T05:00,8.5,99,0.0,754.1,2.4,0.0
2025-08-07T06:00,7.8,99,0.0,754.2,1.8,0.0
2025-08-07T07:00,10.2,94,0.0,756.6,1.0,83.0
2025-08-07T08:00,13.4,82,0.1,758.6,0.2,195.0
2025-08-07T09:00,14.5,75,0.0,759.4,1.8,257.0
2025-08-07T10:00,14.9,74,0.0,759.5,4.3,242.0
2025-08-07T11:00,15.6,71,0.7,759.8,5.2,373.0
2025-08-07T12:00,15.2,71,0.4,759.0,2.8,265.0
2025-08-07T13:00,17.1,62,0.1,759.0,7.6,701.0
2025-08-07T14:00,18.8,52,0.0,758.5,9.1,779.0
2025-08-07T15:00,17.1,58,0.0,756.9,7.1,395.0
2025-08-07T16:00,15.9,72,1.3,756.9,9.0,346.0
2025-08-07T17:00,14.6,80,3.2,756.6,4.9,169.0
2025-08-07T18:00,13.5,88,0.5,756.7,3.2,61.0
2025-08-07T19:00,12.5,96,1.8,757.1,1.7,0.0
2025-08-07T20:00,12.5,97,1.8,757.6,4.5,0.0
2025-08-07T21:00,12.4,88,1.9,758.2,2.9,0.0
2025-08-07T22:00,12.2,95,0.5,758.2,3.1,0.0
2025-08-07T23:00,12.0,97,0.4,757.8,3.3,0.0
2025-08-08T00:00,11.9,98,0.3,757.3,5.6,0.0
2025-08-08T01:00,11.7,98,0.3,756.7,5.2,0.0
2025-08-08T02:00,11.6,98,0.1,756.1,3.9,0.0
2025-08-08T03:00,11.2,99,0.0,755.3,2.1,0.0
2025-08-08T04:00,11.4,99,0.0,755.4,0.4,0.0
2025-08-08T05:00,11.4,99,0.0,755.4,0.4,0.0
2025-08-08T06:00,11.3,99,0.0,755.7,0.4,0.0
2025-08-08T07:00,12.0,95,0.0,756.7,0.6,45.0
2025-08-08T08:00,13.0,89,0.0,757.6,1.9,144.0
2025-08-08T09:00,14.5,78,0.0,758.9,5.0,355.0
2025-08-08T10:00,16.0,67,0.0,759.4,5.6,511.0
2025-08-08T11:00,17.3,59,0.0,759.2,11.5,646.0
2025-08-08T12:00,18.4,52,0.0,758.8,9.7,622.0
2025-08-08T13:00,17.5,54,0.0,757.7,9.6,482.0
2025-08-08T14:00,17.4,58,0.0,756.7,5.0,477.0
2025-08-08T15:00,17.9,57,0.0,756.0,3.1,564.0
2025-08-08T16:00,17.3,59,0.0,755.7,5.1,441.0
2025-08-08T17:00,16.0,65,0.0,755.5,5.9,210.0
2025-08-08T18:00,15.1,75,0.1,755.5,4.4,64.0
2025-08-08T19:00,13.5,87,0.5,755.9,4.8,1.0
2025-08-08T20:00,13.5,85,0.0,756.7,2.8,0.0
2025-08-08T21:00,13.1,90,0.1,757.1,3.8,0.0
2025-08-08T22:00,12.4,93,0.2,756.7,1.9,0.0
2025-08-08T23:00,11.1,96,0.1,755.9,3.4,0.0
2025-08-09T00:00,11.0,98,0.1,756.0,3.6,0.0
2025-08-09T01:00,10.5,99,0.0,755.5,1.5,0.0
2025-08-09T02:00,10.5,98,0.0,755.5,2.7,0.0
2025-08-09T03:00,10.2,96,0.0,755.4,2.3,0.0
2025-08-09T04:00,10.3,97,0.0,755.3,1.4,0.0
2025-08-09T05:00,10.1,98,0.0,755.5,0.7,0.0
2025-08-09T06:00,10.2,97,0.0,755.7,1.5,0.0
2025-08-09T07:00,10.8,95,0.0,756.6,1.8,48.0
2025-08-09T08:00,11.9,92,0.5,757.9,4.0,61.0
2025-08-09T09:00,12.3,95,1.1,758.4,2.8,136.0
2025-08-09T10:00,13.5,87,0.5,759.0,4.6,265.0
2025-08-09T11:00,13.5,85,0.6,758.7,7.1,223.0
2025-08-09T12:00,15.2,71,0.7,759.2,9.4,529.0
2025-08-09T13:00,15.5,66,0.4,758.2,10.6,608.0
2025-08-09T14:00,15.7,64,0.2,757.1,8.5,533.0
2025-08-09T15:00,17.0,58,0.0,756.6,7.3,710.0
2025-08-09T16:00,17.2,55,0.0,756.2,6.1,543.0
2025-08-09T17:00,16.3,57,0.0,755.7,6.9,225.0
2025-08-09T18:00,14.8,69,0.0,755.6,4.0,82.0
2025-08-09T19:00,13.7,74,0.0,755.8,5.5,1.0
2025-08-09T20:00,12.7,89,0.0,756.4,5.0,0.0
2025-08-09T21:00,12.6,88,0.0,757.4,6.2,0.0
2025-08-09T22:00,12.0,89,0.0,757.8,5.2,0.0
2025-08-09T23:00,11.5,93,0.0,757.8,4.2,0.0
2025-08-10T00:00,11.4,91,0.0,757.4,2.6,0.0
2025-08-10T01:00,11.1,91,0.0,756.9,2.1,0.0
2025-08-10T02:00,10.7,93,0.0,756.2,1.9,0.0
2025-08-10T03:00,10.5,94,0.0,755.8,1.5,0.0
2025-08-10T04:00,9.9,98,0.0,755.4,2.1,0.0
2025-08-10T05:00,9.8,99,0.0,755.5,0.4,0.0
2025-08-10T06:00,10.1,97,0.1,755.9,2.8,0.0
2025-08-10T07:00,10.9,95,0.1,757.0,3.1,54.0
2025-08-10T08:00,13.3,80,0.0,758.3,2.3,315.0
2025-08-10T09:00,15.2,69,0.0,759.2,5.3,512.0
2025-08-10T10:00,17.2,55,0.0,760.1,13.0,716.0
2025-08-10T11:00,18.6,51,0.0,760.1,14.4,778.0
2025-08-10T12:00,19.0,50,0.1,759.6,16.6,868.0
2025-08-10T13:00,18.2,56,0.4,758.8,16.1,787.0
2025-08-10T14:00,18.5,56,0.1,758.1,12.8,716.0
2025-08-10T15:00,18.1,57,0.0,757.2,10.3,635.0
2025-08-10T16:00,18.1,56,0.0,756.9,11.5,555.0
2025-08-10T17:00,17.1,60,0.0,756.6,10.7,316.0
2025-08-10T18:00,15.4,69,0.0,756.5,7.8,104.0
2025-08-10T19:00,14.4,75,0.0,757.2,6.5,1.0
2025-08-10T20:00,12.6,86,0.0,757.1,5.1,0.0
2025-08-10T21:00,12.0,89,0.0,757.4,5.1,0.0
2025-08-10T22:00,11.9,88,0.0,757.8,5.2,0.0
2025-08-10T23:00,11.4,89,0.0,757.4,5.0,0.0
2025-08-11T00:00,11.2,90,0.0,757.2,4.0,0.0
2025-08-11T01:00,11.1,87,0.0,756.9,2.7,0.0
2025-08-11T02:00,11.0,88,0.0,756.0,2.0,0.0
2025-08-11T03:00,10.6,91,0.1,755.6,3.0,0.0
2025-08-11T04:00,10.4,92,0.0,755.7,2.7,0.0
2025-08-11T05:00,10.2,93,0.0,755.5,2.3,0.0
2025-08-11T06:00,10.1,94,0.0,755.9,1.5,0.0
2025-08-11T07:00,10.4,93,0.0,756.7,2.8,65.0
2025-08-11T08:00,12.2,87,0.0,758.2,3.9,238.0
2025-08-11T09:00,14.0,76,0.0,759.2,4.7,386.0
2025-08-11T10:00,15.4,68,0.1,759.9,6.9,574.0
2025-08-11T11:00,16.5,62,0.1,759.7,8.6,619.0
2025-08-11T12:00,17.9,57,0.1,759.3,11.1,790.0
2025-08-11T13:00,17.9,58,0.1,758.1,13.0,837.0
2025-08-11T14:00,17.8,59,0.1,757.6,11.7,777.0
2025-08-11T15:00,17.2,62,0.0,756.7,10.9,575.0
2025-08-11T16:00,16.8,64,0.0,756.5,12.1,496.0
2025-08-11T17:00,16.2,65,0.0,756.3,11.3,293.0
2025-08-11T18:00,14.5,73,0.0,756.1,9.8,84.0
2025-08-11T19:00,13.3,80,0.0,756.1,7.9,1.0
2025-08-11T20:00,12.4,86,0.0,756.8,6.9,0.0
2025-08-11T21:00,12.0,88,0.0,756.9,7.3,0.0
2025-08-11T22:00,11.1,91,0.0,756.9,4.9,0.0
2025-08-11T23:00,10.8,93,0.0,757.0,5.1,0.0
2025-08-12T00:00,10.6,94,0.0,756.9,5.6,0.0
2025-08-12T01:00,10.1,95,0.0,756.1,4.0,0.0
2025-08-12T02:00,9.5,96,0.0,755.3,3.3,0.0
2025-08-12T03:00,8.9,96,0.0,754.6,4.3,0.0
2025-08-12T04:00,8.2,97,0.0,754.3,2.0,0.0
2025-08-12T05:00,7.7,97,0.0,754.1,1.9,0.0
2025-08-12T06:00,7.3,96,0.0,754.0,3.9,0.0
2025-08-12T07:00,9.4,90,0.0,755.9,3.3,104.0
2025-08-12T08:00,12.9,80,0.0,758.3,1.6,309.0
2025-08-12T09:00,15.2,70,0.0,759.2,4.0,473.0
2025-08-12T10:00,17.8,53,0.0,759.9,9.4,710.0
2025-08-12T11:00,18.1,53,0.0,759.9,10.4,741.0
2025-08-12T12:00,18.5,51,0.0,759.4,9.3,794.0
2025-08-12T13:00,19.0,48,0.0,758.8,8.3,829.0
2025-08-12T14:00,19.2,48,0.0,757.8,7.9,785.0
2025-08-12T15:00,19.6,45,0.0,757.0,8.3,697.0
2025-08-12T16:00,19.0,47,0.0,756.6,9.3,525.0
2025-08-12T17:00,17.7,55,0.0,756.1,10.0,348.0
2025-08-12T18:00,15.4,70,0.0,755.6,10.0,107.0
2025-08-12T19:00,13.8,78,0.0,755.7,9.0,1.0
2025-08-12T20:00,12.7,80,0.0,755.5,5.3,0.0
2025-08-12T21:00,11.5,88,0.0,755.5,4.9,0.0
2025-08-12T22:00,10.3,94,0.0,755.4,3.2,0.0
2025-08-12T23:00,9.7,95,0.0,755.6,4.7,0.0
2025-08-13T00:00,9.5,94,0.0,754.9,4.1,0.0
2025-08-13T01:00,9.1,94,0.0,754.5,4.1,0.0
2025-08-13T02:00,8.7,96,0.0,753.7,2.3,0.0
2025-08-13T03:00,8.1,97,0.0,753.2,2.6,0.0
2025-08-13T04:00,7.8,97,0.0,752.9,2.1,0.0
2025-08-13T05:00,7.1,97,0.0,752.5,2.4,0.0
2025-08-13T06:00,6.7,97,0.0,752.7,3.6,0.0
2025-08-13T07:00,9.1,91,0.0,755.2,2.7,106.0
2025-08-13T08:00,12.9,78,0.0,758.0,1.5,342.0
2025-08-13T09:00,15.0,70,0.0,759.3,1.6,545.0
2025-08-13T10:00,16.0,66,0.1,759.5,2.4,591.0
2025-08-13T11:00,16.5,63,0.4,759.3,4.5,505.0
2025-08-13T12:00,16.4,64,0.3,758.6,6.5,416.0
2025-08-13T13:00,16.8,66,0.4,758.1,7.8,577.0
2025-08-13T14:00,16.2,67,0.4,757.1,11.3,471.0
2025-08-13T15:00,16.1,66,0.0,756.4,7.9,367.0
2025-08-13T16:00,15.6,67,0.0,755.8,4.3,254.0
2025-08-13T17:00,15.6,66,0.0,755.7,3.3,222.0
2025-08-13T18:00,14.7,75,0.0,755.5,1.6,59.0
2025-08-13T19:00,14.1,76,0.0,756.1,7.5,0.0
2025-08-13T20:00,11.3,98,0.0,755.2,4.2,0.0
2025-08-13T21:00,11.3,97,0.0,755.9,5.9,0.0
2025-08-13T22:00,10.2,98,0.0,755.4,3.1,0.0
2025-08-13T23:00,8.9,99,0.0,754.6,2.9,0.0
2025-08-14T00:00,8.4,99,0.0,754.3,1.3,0.0
2025-08-14T01:00,8.2,98,0.0,754.3,2.2,0.0
2025-08-14T02:00,7.5,99,0.0,753.2,1.9,0.0
2025-08-14T03:00,7.4,99,0.0,753.3,1.5,0.0
2025-08-14T04:00,7.4,100,0.0,753.5,0.9,0.0
2025-08-14T05:00,7.3,100,0.0,753.5,2.7,0.0
2025-08-14T06:00,6.4,100,0.0,753.1,2.1,0.0
2025-08-14T07:00,9.3,100,0.0,755.7,1.9,89.0
2025-08-14T08:00,12.7,87,0.0,758.7,2.2,296.0
2025-08-14T09:00,14.9,74,0.1,759.7,5.4,511.0
2025-08-14T10:00,16.5,63,0.1,760.2,8.0,644.0
2025-08-14T11:00,17.1,59,0.0,759.9,8.8,684.0
2025-08-14T12:00,17.3,60,0.0,759.4,11.0,711.0
2025-08-14T13:00,17.0,61,0.0,758.5,10.5,665.0
2025-08-14T14:00,18.2,59,0.0,758.1,10.5,739.0
2025-08-14T15:00,18.2,57,0.0,757.5,11.3,613.0
2025-08-14T16:00,17.3,60,0.0,756.7,9.7,456.0
2025-08-14T17:00,16.8,62,0.0,756.5,10.6,316.0
2025-08-14T18:00,15.0,72,0.0,756.4,10.8,96.0
2025-08-14T19:00,13.2,82,0.0,756.8,10.9,0.0
2025-08-14T20:00,13.3,81,0.0,757.2,5.6,0.0
2025-08-14T21:00,12.7,87,0.0,757.7,6.6,0.0
2025-08-14T22:00,12.3,91,0.0,758.2,4.7,0.0
2025-08-14T23:00,12.1,91,0.0,758.5,1.6,0.0
2025-08-15T00:00,12.0,91,0.0,758.0,2.7,0.0
2025-08-15T01:00,11.7,92,0.1,757.4,1.7,0.0
2025-08-15T02:00,11.5,93,0.5,756.7,0.9,0.0
2025-08-15T03:00,11.1,96,0.2,756.3,0.4,0.0
2025-08-15T04:00,11.1,95,0.0,756.4,0.4,0.0
2025-08-15T05:00,10.8,97,0.0,756.7,0.6,0.0
2025-08-15T06:00,10.6,97,0.0,756.9,2.2,0.0
2025-08-15T07:00,11.3,93,0.0,757.7,2.0,50.0
2025-08-15T08:00,13.3,80,0.0,759.2,6.4,214.0
2025-08-15T09:00,15.5,65,0.0,760.2,8.0,399.0
2025-08-15T10:00,16.5,61,0.0,760.4,11.3,573.0
2025-08-15T11:00,17.4,57,0.0,760.5,16.8,751.0
2025-08-15T12:00,17.9,55,0.0,760.0,18.4,756.0
2025-08-15T13:00,16.8,58,0.0,758.9,18.3,665.0
2025-08-15T14:00,18.1,54,0.0,758.5,15.5,819.0
2025-08-15T15:00,18.4,53,0.0,757.8,14.7,750.0
2025-08-15T16:00,17.3,56,0.0,756.9,13.2,441.0
2025-08-15T17:00,16.6,60,0.0,757.2,11.8,299.0
2025-08-15T18:00,15.3,68,0.0,757.2,7.3,86.0
2025-08-15T19:00,14.2,75,0.0,757.4,7.0,0.0
2025-08-15T20:00,13.2,81,0.0,757.8,5.5,0.0
2025-08-15T21:00,12.4,85,0.0,758.2,3.5,0.0
2025-08-15T22:00,12.1,86,0.0,758.3,4.2,0.0
2025-08-15T23:00,11.5,89,0.0,758.3,3.5,0.0
2025-08-16T00:00,11.1,91,0.0,757.9,4.5,0.0
2025-08-16T01:00,10.7,93,0.0,757.4,3.1,0.0
2025-08-16T02:00,9.9,97,0.0,756.2,2.4,0.0
2025-08-16T03:00,9.5,98,0.0,755.6,0.7,0.0
2025-08-16T04:00,9.7,98,0.0,755.6,1.3,0.0
2025-08-16T05:00,9.5,98,0.0,755.6,2.3,0.0
2025-08-16T06:00,9.3,99,0.0,755.8,2.1,0.0
2025-08-16T07:00,10.3,95,0.0,756.8,3.3,54.0
2025-08-16T08:00,12.3,83,0.0,758.8,0.5,225.0
2025-08-16T09:00,14.6,71,0.0,759.8,0.9,433.0
2025-08-16T10:00,16.8,63,0.0,760.3,3.0,679.0
2025-08-16T11:00,17.7,58,0.0,759.8,5.2,612.0
2025-08-16T12:00,19.3,50,0.0,759.8,7.1,714.0
2025-08-16T13:00,17.9,54,0.3,758.5,8.1,516.0
2025-08-16T14:00,18.7,53,0.1,757.9,3.4,731.0
2025-08-16T15:00,17.8,55,0.1,756.3,5.4,433.0
2025-08-16T16:00,17.3,62,0.0,756.0,7.7,386.0
2025-08-16T17:00,15.9,71,0.9,755.8,8.9,287.0
2025-08-16T18:00,14.4,82,0.1,755.7,7.4,68.0
2025-08-16T19:00,13.5,91,0.1,755.6,2.1,0.0
2025-08-16T20:00,12.8,92,0.0,756.1,0.8,0.0
2025-08-16T21:00,12.0,94,0.0,756.3,1.8,0.0
2025-08-16T22:00,12.0,95,0.0,756.9,2.3,0.0
2025-08-16T23:00,10.9,97,0.0,756.2,1.3,0.0
2025-08-17T00:00,10.6,98,0.1,755.6,0.2,0.0
2025-08-17T01:00,10.9,98,0.1,755.6,0.4,0.0
2025-08-17T02:00,10.7,99,0.0,755.2,0.6,0.0
2025-08-17T03:00,10.8,99,0.0,755.2,0.2,0.0
2025-08-17T04:00,10.7,98,0.0,755.0,1.0,0.0
2025-08-17T05:00,10.1,99,0.0,755.1,0.2,0.0
2025-08-17T06:00,10.0,99,0.0,755.7,2.6,0.0
2025-08-17T07:00,10.2,99,0.0,756.4,1.9,52.0
2025-08-17T08:00,13.3,84,0.0,758.2,2.2,256.0
2025-08-17T09:00,15.6,69,0.0,759.3,3.4,491.0
2025-08-17T10:00,17.3,57,0.1,759.9,4.8,610.0
2025-08-17T11:00,18.3,52,0.1,759.8,8.1,628.0
2025-08-17T12:00,18.4,53,0.2,759.3,9.2,747.0
2025-08-17T13:00,19.3,50,0.2,758.6,7.7,686.0
2025-08-17T14:00,19.3,50,0.2,757.8,9.8,628.0
2025-08-17T15:00,19.2,51,0.1,756.9,9.2,571.0
2025-08-17T16:00,19.3,50,0.0,756.4,6.2,443.0
2025-08-17T17:00,18.0,54,0.0,756.2,3.0,320.0
2025-08-17T18:00,16.0,69,0.0,756.1,5.7,68.0
2025-08-17T19:00,14.4,80,0.0,756.7,0.5,0.0
2025-08-17T20:00,13.5,81,0.0,757.1,5.1,0.0
2025-08-17T21:00,12.8,84,0.0,757.7,8.4,0.0
2025-08-17T22:00,12.3,87,0.0,758.1,5.1,0.0
2025-08-17T23:00,11.9,89,0.0,757.9,5.0,0.0
2025-08-18T00:00,11.5,90,0.0,757.3,5.5,0.0
2025-08-18T01:00,11.1,90,0.0,756.7,4.0,0.0
2025-08-18T02:00,10.8,91,0.0,756.1,2.3,0.0
2025-08-18T03:00,10.8,91,0.0,755.9,0.5,0.0
2025-08-18T04:00,10.4,94,0.0,756.0,1.0,0.0
2025-08-18T05:00,10.2,95,0.0,756.0,2.3,0.0
2025-08-18T06:00,10.2,95,0.0,756.4,1.6,0.0
2025-08-18T07:00,10.7,93,0.0,757.3,0.8,44.0
2025-08-18T08:00,12.7,86,0.0,758.8,3.1,209.0
2025-08-18T09:00,14.5,73,0.0,760.0,4.4,410.0
2025-08-18T10:00,16.5,61,0.0,760.8,5.0,617.0
2025-08-18T11:00,18.1,53,0.0,760.8,7.3,803.0
2025-08-18T12:00,19.5,47,0.1,760.3,8.2,883.0
2025-08-18T13:00,20.2,43,0.0,759.8,10.5,898.0
2025-08-18T14:00,20.0,45,0.0,759.0,12.6,759.0
2025-08-18T15:00,19.1,50,0.0,758.1,14.1,582.0
2025-08-18T16:00,18.7,50,0.0,757.7,13.5,520.0
2025-08-18T17:00,17.4,54,0.0,757.2,14.6,295.0
2025-08-18T18:00,15.5,63,0.0,757.1,12.4,90.0
2025-08-18T19:00,14.0,72,0.0,757.5,10.5,0.0
2025-08-18T20:00,13.5,78,0.0,758.0,6.0,0.0
2025-08-18T21:00,12.7,83,0.0,757.9,6.4,0.0
2025-08-18T22:00,12.1,87,0.0,757.9,3.9,0.0
2025-08-18T23:00,11.3,91,0.0,757.7,2.7,0.0
2025-08-19T00:00,10.7,93,0.0,757.4,3.5,0.0
2025-08-19T01:00,10.2,95,0.0,757.1,3.9,0.0
2025-08-19T02:00,10.1,95,0.0,756.5,3.8,0.0
2025-08-19T03:00,9.7,97,0.2,756.1,3.5,0.0
2025-08-19T04:00,9.4,99,0.5,756.1,4.3,0.0
2025-08-19T05:00,9.5,98,1.2,756.4,5.8,0.0
2025-08-19T06:00,9.5,99,1.2,756.6,4.5,0.0
2025-08-19T07:00,10.1,98,0.8,757.4,4.1,58.0
2025-08-19T08:00,13.6,83,0.0,760.1,1.9,303.0
2025-08-19T09:00,15.0,72,0.0,760.5,1.6,355.0
2025-08-19T10:00,16.9,63,0.1,761.2,3.8,607.0
2025-08-19T11:00,18.0,55,0.3,760.9,7.1,598.0
2025-08-19T12:00,19.5,54,0.1,760.7,4.7,806.0
2025-08-19T13:00,18.0,63,4.5,759.6,8.7,829.0
2025-08-19T14:00,17.1,67,4.0,758.6,2.4,584.0
2025-08-19T15:00,16.7,66,0.2,757.7,6.5,478.0
2025-08-19T16:00,17.5,61,0.0,757.4,5.1,545.0
2025-08-19T17:00,17.3,61,0.0,757.2,5.5,319.0
2025-08-19T18:00,16.3,69,0.0,757.1,5.4,98.0
2025-08-19T19:00,15.0,74,0.0,757.1,4.9,0.0
2025-08-19T20:00,13.5,82,0.0,756.8,3.0,0.0
2025-08-19T21:00,12.5,87,0.0,756.6,2.1,0.0
2025-08-19T22:00,11.7,91,0.0,756.9,4.1,0.0
2025-08-19T23:00,10.6,95,0.0,756.3,3.1,0.0
2025-08-20T00:00,9.8,96,0.0,755.7,3.0,0.0
2025-08-20T01:00,9.4,96,0.0,755.2,2.2,0.0
2025-08-20T02:00,9.2,95,0.0,755.1,3.6,0.0
2025-08-20T03:00,9.1,94,0.0,755.1,5.5,0.0
2025-08-20T04:00,8.8,95,0.0,754.6,2.9,0.0
2025-08-20T05:00,8.0,97,0.0,753.9,3.1,0.0
2025-08-20T06:00,7.5,98,0.0,753.8,2.5,0.0
2025-08-20T07:00,9.8,91,0.0,756.1,2.6,104.0
2025-08-20T08:00,13.3,78,0.0,758.4,0.0,350.0
2025-08-20T09:00,16.0,68,0.0,759.8,0.9,594.0
2025-08-20T10:00,18.6,58,0.0,760.3,4.5,817.0
2025-08-20T11:00,20.4,48,0.0,760.3,6.2,927.0
2025-08-20T12:00,20.4,48,0.1,759.6,10.2,893.0
2025-08-20T13:00,20.4,49,0.7,758.6,8.6,934.0
2025-08-20T14:00,20.4,48,0.0,757.7,8.9,815.0
2025-08-20T15:00,20.1,48,0.0,756.9,8.0,687.0
2025-08-20T16:00,19.1,53,0.1,756.3,9.4,545.0
2025-08-20T17:00,17.6,63,0.0,755.8,12.3,310.0
2025-08-20T18:00,15.6,72,0.0,755.5,12.3,96.0
2025-08-20T19:00,14.4,77,0.0,755.9,8.6,0.0
2025-08-20T20:00,13.0,85,0.0,756.0,4.6,0.0
2025-08-20T21:00,12.0,90,0.0,756.0,3.2,0.0
2025-08-20T22:00,10.9,95,0.0,755.3,4.7,0.0
2025-08-20T23:00,10.4,96,0.0,755.4,1.5,0.0
2025-08-21T00:00,9.9,97,0.0,755.5,5.5,0.0
2025-08-21T01:00,9.7,97,0.0,754.3,3.5,0.0
2025-08-21T02:00,9.2,97,0.0,754.1,3.7,0.0
2025-08-21T03:00,8.9,96,0.0,753.7,4.7,0.0
2025-08-21T04:00,8.2,97,0.0,753.2,1.7,0.0
2025-08-21T05:00,8.5,96,0.0,753.4,3.5,0.0
2025-08-21T06:00,8.0,96,0.0,753.5,2.3,0.0
2025-08-21T07:00,10.3,89,0.0,755.7,2.5,71.0
2025-08-21T08:00,14.5,73,0.0,758.3,5.6,329.0
2025-08-21T09:00,16.2,66,0.0,759.6,6.0,557.0
2025-08-21T10:00,17.8,54,0.0,759.9,8.0,674.0
2025-08-21T11:00,19.5,49,0.0,759.9,9.1,905.0
2025-08-21T12:00,20.0,47,0.0,759.2,11.7,875.0
2025-08-21T13:00,19.9,47,0.0,758.2,14.1,752.0
2025-08-21T14:00,20.0,48,0.0,757.5,12.5,769.0
2025-08-21T15:00,19.9,49,0.0,756.8,11.6,668.0
2025-08-21T16:00,19.5,50,0.0,756.3,10.0,529.0
2025-08-21T17:00,18.4,55,0.0,755.9,8.4,282.0
2025-08-21T18:00,16.4,66,0.0,755.5,10.4,82.0
2025-08-21T19:00,15.0,73,0.0,755.6,5.8,0.0
2025-08-21T20:00,14.1,79,0.0,756.6,5.4,0.0
2025-08-21T21:00,13.3,86,0.0,756.5,4.2,0.0
2025-08-21T22:00,12.8,90,0.1,756.8,2.5,0.0
2025-08-21T23:00,12.5,93,0.0,756.6,1.7,0.0
2025-08-22T00:00,12.0,95,0.0,756.2,0.8,0.0
2025-08-22T01:00,11.5,96,0.0,755.6,2.1,0.0
2025-08-22T02:00,11.1,95,0.0,755.1,2.7,0.0
2025-08-22T03:00,10.1,97,0.0,754.2,3.4,0.0
2025-08-22T04:00,9.7,97,0.0,754.1,4.0,0.0
2025-08-22T05:00,9.0,97,0.0,753.8,3.3,0.0
2025-08-22T06:00,7.8,98,0.0,753.3,1.7,0.0
2025-08-22T07:00,10.5,92,0.0,756.0,2.2,103.0
2025-08-22T08:00,13.6,78,0.0,758.1,1.4,266.0
2025-08-22T09:00,15.6,70,0.0,759.1,2.8,556.0
2025-08-22T10:00,17.3,62,0.0,759.6,7.0,746.0
2025-08-22T11:00,18.7,53,0.0,759.9,12.0,825.0
2025-08-22T12:00,17.8,56,0.0,758.8,12.3,662.0
2025-08-22T13:00,18.2,55,0.0,758.0,8.3,552.0
2025-08-22T14:00,19.2,52,0.1,757.5,9.7,750.0
2025-08-22T15:00,19.2,51,0.1,756.7,10.2,687.0
2025-08-22T16:00,18.6,52,0.0,756.2,12.1,497.0
2025-08-22T17:00,17.3,57,0.0,756.2,9.2,312.0
2025-08-22T18:00,16.0,66,0.0,756.5,4.6,66.0
2025-08-22T19:00,14.5,81,0.0,756.5,5.4,0.0
2025-08-22T20:00,14.0,79,0.0,757.0,5.0,0.0
2025-08-22T21:00,13.5,85,0.0,757.5,4.1,0.0
2025-08-22T22:00,13.1,89,0.1,757.8,4.1,0.0
2025-08-22T23:00,12.2,94,0.2,757.3,3.2,0.0
2025-08-23T00:00,12.3,94,0.9,757.2,2.3,0.0
2025-08-23T01:00,12.0,98,1.4,756.9,2.2,0.0
2025-08-23T02:00,11.6,97,1.0,756.1,3.0,0.0
2025-08-23T03:00,10.6,98,0.0,755.3,1.0,0.0
2025-08-23T04:00,10.5,97,0.0,755.3,1.7,0.0
2025-08-23T05:00,10.3,97,0.0,754.9,2.0,0.0
2025-08-23T06:00,9.8,98,0.0,755.3,0.4,0.0
2025-08-23T07:00,11.6,92,0.0,757.1,2.8,91.0
2025-08-23T08:00,13.4,83,0.0,758.4,3.9,286.0
2025-08-23T09:00,15.8,69,0.1,759.7,2.8,559.0
2025-08-23T10:00,17.4,59,0.1,760.3,5.7,736.0
2025-08-23T11:00,18.5,53,0.1,760.3,9.7,834.0
2025-08-23T12:00,19.2,49,0.1,759.5,14.4,857.0
2025-08-23T13:00,19.2,50,0.3,758.6,14.5,847.0
2025-08-23T14:00,19.6,49,0.1,758.2,13.6,846.0
2025-08-23T15:00,19.2,49,0.2,757.3,12.9,732.0
2025-08-23T16:00,18.3,53,0.1,756.4,10.5,532.0
2025-08-23T17:00,17.5,57,0.0,756.2,8.9,337.0
2025-08-23T18:00,15.5,67,0.0,755.7,7.4,102.0
2025-08-23T19:00,14.0,74,0.0,756.3,6.5,0.0
2025-08-23T20:00,12.9,81,0.0,756.4,4.5,0.0
2025-08-23T21:00,12.0,87,0.0,756.8,4.2,0.0
2025-08-23T22:00,10.9,92,0.0,756.6,3.8,0.0
2025-08-23T23:00,10.0,95,0.0,756.1,2.7,0.0
2025-08-24T00:00,9.3,99,0.0,755.7,3.5,0.0
2025-08-24T01:00,8.7,98,0.0,755.1,3.9,0.0
2025-08-24T02:00,8.2,99,0.0,754.8,3.2,0.0
2025-08-24T03:00,8.1,99,0.0,754.7,3.9,0.0
2025-08-24T04:00,7.7,99,0.0,754.7,2.6,0.0
2025-08-24T05:00,7.5,98,0.0,754.2,2.7,0.0
2025-08-24T06:00,7.4,97,0.0,754.5,3.0,0.0
2025-08-24T07:00,9.5,90,0.0,756.5,4.3,108.0
2025-08-24T08:00,13.2,75,0.0,758.9,1.4,362.0
2025-08-24T09:00,16.0,64,0.0,760.3,3.0,628.0
2025-08-24T10:00,18.4,49,0.0,760.7,4.4,731.0
2025-08-24T11:00,20.6,39,0.0,760.9,9.2,954.0
2025-08-24T12:00,20.5,43,0.0,760.5,12.9,908.0
2025-08-24T13:00,20.1,47,0.0,759.3,13.6,864.0
2025-08-24T14:00,20.2,47,0.0,758.3,10.5,820.0
2025-08-24T15:00,20.8,44,0.0,757.7,10.2,723.0
2025-08-24T16:00,20.2,46,0.0,757.2,11.4,570.0
2025-08-24T17:00,18.2,57,0.0,756.9,14.4,322.0
2025-08-24T18:00,15.6,71,0.0,756.5,13.5,78.0
2025-08-24T19:00,14.0,81,0.0,757.1,7.7,0.0
2025-08-24T20:00,12.9,85,0.0,756.7,4.6,0.0
2025-08-24T21:00,12.5,89,0.0,757.3,1.5,0.0
2025-08-24T22:00,12.4,90,0.1,758.0,2.9,0.0
2025-08-24T23:00,12.1,93,0.1,757.8,1.3,0.0
2025-08-25T00:00,11.3,97,0.2,757.2,1.4,0.0
2025-08-25T01:00,11.0,98,0.1,756.6,0.7,0.0
2025-08-25T02:00,9.9,99,0.1,755.0,2.7,0.0
2025-08-25T03:00,10.2,98,0.0,755.2,3.2,0.0
2025-08-25T04:00,10.1,98,0.0,754.9,3.0,0.0
2025-08-25T05:00,9.6,97,0.0,754.6,1.3,0.0
2025-08-25T06:00,9.7,97,0.0,755.4,2.2,0.0
2025-08-25T07:00,11.6,94,0.0,757.3,3.1,74.0
2025-08-25T08:00,12.9,86,0.0,758.2,5.7,176.0
2025-08-25T09:00,14.5,76,0.0,759.3,6.3,337.0
2025-08-25T10:00,15.9,69,0.0,760.1,6.1,575.0
2025-08-25T11:00,16.9,64,0.2,760.2,6.4,581.0
2025-08-25T12:00,16.6,67,0.5,759.5,10.8,721.0
2025-08-25T13:00,17.2,65,0.4,758.9,13.8,912.0
2025-08-25T14:00,16.8,65,0.1,758.0,15.7,814.0
2025-08-25T15:00,16.9,63,0.1,756.8,14.5,674.0
2025-08-25T16:00,16.9,62,0.1,756.4,11.9,491.0
2025-08-25T17:00,16.0,64,0.0,756.2,13.2,324.0
2025-08-25T18:00,14.2,72,0.0,755.9,12.5,89.0
2025-08-25T19:00,13.4,76,0.0,756.6,10.2,0.0
2025-08-25T20:00,12.2,83,0.0,756.7,6.9,0.0
2025-08-25T21:00,12.0,85,0.0,757.0,5.6,0.0
2025-08-25T22:00,11.4,90,0.0,757.3,4.6,0.0
2025-08-25T23:00,10.9,94,0.0,757.1,4.0,0.0
2025-08-26T00:00,10.5,95,0.0,756.6,3.8,0.0
2025-08-26T01:00,9.9,96,0.0,755.9,3.6,0.0
2025-08-26T02:00,9.5,97,0.0,755.0,5.6,0.0
2025-08-26T03:00,9.2,96,0.0,754.2,5.8,0.0
2025-08-26T04:00,8.8,96,0.0,753.9,5.6,0.0
2025-08-26T05:00,8.4,96,0.0,754.6,4.6,0.0
2025-08-26T06:00,8.3,97,0.0,755.2,4.1,0.0
2025-08-26T07:00,9.6,92,0.0,756.8,2.9,83.0
2025-08-26T08:00,13.4,77,0.0,759.0,5.4,279.0
2025-08-26T09:00,15.2,68,0.2,759.7,7.6,438.0
2025-08-26T10:00,15.8,68,0.8,760.3,8.6,545.0
2025-08-26T11:00,14.9,72,0.7,759.7,4.9,314.0
2025-08-26T12:00,15.1,71,0.2,759.4,7.1,500.0
2025-08-26T13:00,15.5,69,0.1,758.4,5.9,431.0
2025-08-26T14:00,16.2,67,0.1,758.0,5.5,490.0
2025-08-26T15:00,15.2,72,0.2,757.1,8.1,314.0
2025-08-26T16:00,14.9,73,0.1,756.9,8.8,277.0
2025-08-26T17:00,14.0,78,0.1,756.8,7.6,108.0
2025-08-26T18:00,13.2,82,0.0,757.1,6.8,33.0
2025-08-26T19:00,12.7,85,0.0,757.4,5.3,0.0
2025-08-26T20:00,12.7,84,0.0,758.2,5.7,0.0
2025-08-26T21:00,12.2,84,0.0,758.3,6.3,0.0
2025-08-26T22:00,12.0,85,0.0,758.4,7.7,0.0
2025-08-26T23:00,11.8,85,0.0,758.2,7.1,0.0
2025-08-27T00:00,11.9,85,0.0,758.0,4.5,0.0
2025-08-27T01:00,11.5,88,0.0,757.4,2.7,0.0
2025-08-27T02:00,11.3,88,0.0,756.9,1.3,0.0
2025-08-27T03:00,10.9,89,0.0,756.3,1.5,0.0
2025-08-27T04:00,10.8,91,0.0,756.6,0.7,0.0
2025-08-27T05:00,11.0,91,0.0,757.0,2.2,0.0
2025-08-27T06:00,10.7,92,0.0,757.2,3.1,0.0
2025-08-27T07:00,11.1,91,0.0,757.9,3.5,54.0
2025-08-27T08:00,12.9,84,0.0,759.5,3.5,183.0
2025-08-27T09:00,14.4,73,0.0,760.4,7.1,370.0
2025-08-27T10:00,16.2,64,0.0,760.8,11.5,549.0
2025-08-27T11:00,16.8,61,0.1,760.6,14.6,632.0
2025-08-27T12:00,18.0,56,0.1,760.3,13.7,856.0
2025-08-27T13:00,18.0,57,0.1,759.6,16.7,856.0
2025-08-27T14:00,17.9,59,0.1,758.7,15.9,803.0
2025-08-27T15:00,18.0,57,0.1,758.3,15.9,724.0
2025-08-27T16:00,16.6,62,0.1,757.6,13.9,439.0
2025-08-27T17:00,14.8,71,0.1,757.5,10.9,214.0
2025-08-27T18:00,13.6,77,0.0,757.7,5.9,48.0
2025-08-27T19:00,13.2,80,0.0,758.3,4.6,0.0
2025-08-27T20:00,12.8,87,0.0,758.8,4.9,0.0
2025-08-27T21:00,12.3,91,0.0,759.2,4.9,0.0
2025-08-27T22:00,11.6,94,0.0,759.0,6.4,0.0
2025-08-27T23:00,11.6,91,0.0,758.9,5.6,0.0
2025-08-28T00:00,11.3,93,0.0,758.2,4.0,0.0
2025-08-28T01:00,11.0,95,0.0,757.5,4.2,0.0
2025-08-28T02:00,10.9,95,0.0,756.9,6.5,0.0
2025-08-28T03:00,10.6,94,0.0,756.3,7.7,0.0
2025-08-28T04:00,10.3,92,0.0,756.2,8.2,0.0
2025-08-28T05:00,10.3,90,0.0,756.7,8.4,0.0
2025-08-28T06:00,10.5,88,0.0,757.3,7.4,0.0
2025-08-28T07:00,11.3,84,0.0,758.2,7.7,63.0
2025-08-28T08:00,13.3,79,0.1,759.9,6.5,222.0
2025-08-28T09:00,14.5,71,0.1,760.4,8.3,356.0
2025-08-28T10:00,16.3,61,0.2,760.8,10.7,606.0
2025-08-28T11:00,17.8,54,0.1,760.9,12.5,844.0
2025-08-28T12:00,18.0,55,0.0,760.3,14.5,831.0
2025-08-28T13:00,18.6,52,0.0,759.9,14.4,935.0
2025-08-28T14:00,18.0,54,0.0,759.0,14.7,809.0
2025-08-28T15:00,18.2,52,0.0,758.2,13.4,706.0
2025-08-28T16:00,17.2,56,0.0,757.6,14.4,468.0
2025-08-28T17:00,15.6,61,0.0,757.5,13.8,257.0
2025-08-28T18:00,14.3,67,0.0,757.5,8.6,82.0
2025-08-28T19:00,13.2,74,0.0,757.6,5.8,0.0
2025-08-28T20:00,11.9,88,0.0,757.7,4.6,0.0
2025-08-28T21:00,11.4,91,0.0,757.9,5.7,0.0
2025-08-28T22:00,11.2,91,0.0,758.1,5.8,0.0
2025-08-28T23:00,10.7,92,0.0,757.6,5.6,0.0
2025-08-29T00:00,10.4,93,0.0,757.2,2.3,0.0
2025-08-29T01:00,9.9,96,0.0,756.3,1.4,0.0
2025-08-29T02:00,9.1,98,0.0,755.3,2.6,0.0
2025-08-29T03:00,8.3,100,0.0,754.9,3.2,0.0
2025-08-29T04:00,8.5,98,0.0,755.4,4.8,0.0
2025-08-29T05:00,8.4,96,0.0,755.7,5.1,0.0
2025-08-29T06:00,8.2,97,0.0,755.8,1.9,0.0
2025-08-29T07:00,9.9,92,0.0,757.4,1.3,89.0
2025-08-29T08:00,11.2,87,0.1,759.0,1.6,98.0
2025-08-29T09:00,12.2,82,0.1,759.8,2.3,161.0
2025-08-29T10:00,14.3,70,0.0,760.5,3.5,493.0
2025-08-29T11:00,17.0,57,0.1,760.9,6.0,767.0
2025-08-29T12:00,18.3,51,0.1,760.9,8.0,913.0
2025-08-29T13:00,17.8,53,0.1,759.7,11.0,762.0
2025-08-29T14:00,18.1,53,0.1,759.1,11.1,699.0
2025-08-29T15:00,18.7,50,0.2,758.4,10.8,690.0
2025-08-29T16:00,18.4,51,0.1,758.0,12.9,548.0
2025-08-29T17:00,17.2,55,0.1,757.1,14.1,292.0
2025-08-29T18:00,15.5,62,0.0,756.6,12.5,90.0
2025-08-29T19:00,14.4,67,0.0,756.7,7.5,0.0
2025-08-29T20:00,13.9,71,0.0,757.0,4.2,0.0
2025-08-29T21:00,12.7,78,0.0,757.0,3.3,0.0
2025-08-29T22:00,12.0,82,0.0,757.4,4.9,0.0
2025-08-29T23:00,11.0,87,0.0,756.6,3.9,0.0
2025-08-30T00:00,10.6,89,0.0,756.3,1.6,0.0
2025-08-30T01:00,9.9,91,0.0,755.5,2.7,0.0
2025-08-30T02:00,9.3,94,0.0,754.3,2.0,0.0
2025-08-30T03:00,8.7,95,0.0,753.8,2.4,0.0
2025-08-30T04:00,8.2,95,0.0,753.9,2.2,0.0
2025-08-30T05:00,7.9,95,0.0,753.7,2.7,0.0
2025-08-30T06:00,7.6,94,0.0,753.8,2.3,0.0
2025-08-30T07:00,10.0,85,0.0,756.2,3.2,116.0
2025-08-30T08:00,13.8,76,0.0,758.7,3.0,375.0
2025-08-30T09:00,16.4,62,0.0,759.9,3.4,613.0
2025-08-30T10:00,18.9,48,0.0,760.6,8.8,751.0
2025-08-30T11:00,20.8,37,0.0,760.6,13.2,864.0
2025-08-30T12:00,21.2,36,0.1,760.0,14.1,893.0
2025-08-30T13:00,22.3,35,0.0,759.2,13.4,982.0
2025-08-30T14:00,22.5,35,0.0,758.3,11.8,854.0
2025-08-30T15:00,22.0,36,0.0,757.6,6.1,652.0
2025-08-30T16:00,20.0,41,0.0,757.0,5.6,525.0
2025-08-30T17:00,17.6,59,0.0,756.5,11.0,281.0
2025-08-30T18:00,15.9,69,0.0,756.2,7.7,84.0
2025-08-30T19:00,14.6,78,0.0,756.2,4.4,0.0
2025-08-30T20:00,13.8,88,0.0,756.4,3.5,0.0
2025-08-30T21:00,13.8,84,0.0,756.9,3.6,0.0
2025-08-30T22:00,13.0,88,0.0,757.2,4.0,0.0
2025-08-30T23:00,12.5,90,0.0,756.7,4.7,0.0
2025-08-31T00:00,11.4,95,0.0,755.9,2.9,0.0
2025-08-31T01:00,10.9,97,0.0,755.3,4.5,0.0
2025-08-31T02:00,10.7,96,0.0,754.6,2.5,0.0
2025-08-31T03:00,10.3,97,0.0,754.2,1.9,0.0
2025-08-31T04:00,10.0,98,0.0,754.2,3.0,0.0
2025-08-31T05:00,9.3,98,0.0,753.8,2.5,0.0
2025-08-31T06:00,8.9,98,0.0,753.8,3.4,0.0
2025-08-31T07:00,11.0,86,0.0,756.0,2.5,95.0
2025-08-31T08:00,14.9,71,0.0,758.1,3.3,369.0
2025-08-31T09:00,17.4,58,0.0,759.7,5.6,598.0
2025-08-31T10:00,17.8,57,0.3,760.2,11.2,622.0
2025-08-31T11:00,16.7,60,0.1,759.1,9.0,279.0
2025-08-31T12:00,20.0,48,0.0,759.6,11.9,891.0
2025-08-31T13:00,20.5,47,0.1,758.5,9.7,878.0
2025-08-31T14:00,20.5,47,0.1,757.8,12.5,850.0
2025-08-31T15:00,20.6,48,0.1,757.1,13.3,678.0
2025-08-31T16:00,19.4,52,0.1,756.5,13.4,516.0
2025-08-31T17:00,17.9,59,0.0,756.2,12.0,305.0
2025-08-31T18:00,15.9,70,0.0,756.2,9.4,79.0
2025-08-31T19:00,14.7,78,0.2,756.7,7.7,0.0
2025-08-31T20:00,13.9,82,0.1,756.9,6.3,0.0
2025-08-31T21:00,13.0,89,0.1,757.0,5.2,0.0
2025-08-31T22:00,12.1,95,0.0,757.3,5.4,0.0
2025-08-31T23:00,11.4,98,0.1,756.8,4.4,0.0
2025-09-01T00:00,10.2,100,0.0,755.7,1.2,0.0
2025-09-01T01:00,10.4,99,0.1,755.4,1.3,0.0
2025-09-01T02:00,10.4,98,0.0,755.1,3.1,0.0
2025-09-01T03:00,10.3,99,0.0,755.1,1.5,0.0
2025-09-01T04:00,9.6,100,0.0,754.7,1.3,0.0
2025-09-01T05:00,9.8,100,0.0,755.1,1.9,0.0
2025-09-01T06:00,9.2,100,0.0,754.8,2.3,0.0
2025-09-01T07:00,11.7,94,0.0,757.1,0.9,104.0
2025-09-01T08:00,14.0,77,0.1,758.4,3.2,268.0
2025-09-01T09:00,16.3,65,0.1,759.9,6.0,505.0
2025-09-01T10:00,17.5,59,0.1,760.6,8.0,645.0
2025-09-01T11:00,15.8,66,0.3,759.5,10.2,458.0
2025-09-01T12:00,18.5,56,0.1,759.9,7.9,892.0
2025-09-01T13:00,18.9,52,0.0,758.9,11.5,769.0
2025-09-01T14:00,18.9,53,0.0,758.0,13.1,735.0
2025-09-01T15:00,18.2,57,0.0,757.2,13.8,595.0
2025-09-01T16:00,17.0,63,0.0,756.9,14.1,456.0
2025-09-01T17:00,15.9,68,0.0,756.9,10.5,214.0
2025-09-01T18:00,14.5,76,0.1,757.0,6.9,37.0
2025-09-01T19:00,13.8,80,0.2,757.2,3.6,0.0
2025-09-01T20:00,12.8,93,0.0,757.4,3.8,0.0
2025-09-01T21:00,12.5,92,0.1,757.8,4.2,0.0
2025-09-01T22:00,12.3,94,0.0,757.9,4.6,0.0
2025-09-01T23:00,11.7,97,0.0,757.5,2.9,0.0
2025-09-02T00:00,10.9,98,0.0,756.8,2.3,0.0
2025-09-02T01:00,10.1,99,0.0,755.9,1.8,0.0
2025-09-02T02:00,9.9,100,0.0,755.2,1.5,0.0
2025-09-02T03:00,10.2,98,0.0,755.2,1.6,0.0
2025-09-02T04:00,10.4,97,0.0,755.2,1.5,0.0
2025-09-02T05:00,10.4,98,0.0,755.1,2.5,0.0
2025-09-02T06:00,9.6,98,0.0,755.0,2.8,1.0
2025-09-02T07:00,11.3,93,0.0,757.1,2.8,66.0
2025-09-02T08:00,13.6,82,0.0,758.9,2.1,303.0
2025-09-02T09:00,15.1,75,0.4,760.0,2.7,517.0
2025-09-02T10:00,16.1,70,0.4,760.2,5.3,614.0
2025-09-02T11:00,17.8,60,0.3,760.3,8.0,794.0
2025-09-02T12:00,18.8,55,0.2,759.9,9.9,939.0
2025-09-02T13:00,18.5,58,0.2,758.7,10.8,802.0
2025-09-02T14:00,19.3,55,0.1,758.1,11.5,816.0
2025-09-02T15:00,18.4,57,0.1,757.2,13.8,712.0
2025-09-02T16:00,18.1,58,0.0,756.8,12.0,530.0
2025-09-02T17:00,16.7,64,0.0,756.8,12.7,265.0
2025-09-02T18:00,15.3,71,0.0,756.9,10.1,76.0
2025-09-02T19:00,13.7,80,0.3,757.0,7.0,0.0
2025-09-02T20:00,13.1,84,0.0,757.3,5.9,0.0
2025-09-02T21:00,11.6,93,0.0,757.0,6.3,0.0
2025-09-02T22:00,10.9,95,0.0,756.9,4.3,0.0
2025-09-02T23:00,10.3,97,0.0,756.7,4.1,0.0
2025-09-03T00:00,9.9,98,0.0,756.3,4.8,0.0
2025-09-03T01:00,9.5,97,0.0,755.8,5.0,0.0
2025-09-03T02:00,9.1,96,0.0,755.0,4.6,0.0
2025-09-03T03:00,8.7,96,0.0,754.7,3.6,0.0
2025-09-03T04:00,8.0,98,0.0,754.0,2.3,0.0
2025-09-03T05:00,7.3,98,0.0,753.9,1.0,0.0
2025-09-03T06:00,7.2,97,0.0,754.4,1.9,1.0
2025-09-03T07:00,9.7,89,0.0,756.7,3.4,111.0
2025-09-03T08:00,13.0,77,0.0,759.6,3.6,361.0
2025-09-03T09:00,15.4,68,0.0,760.6,1.6,569.0
2025-09-03T10:00,17.2,61,0.1,760.8,3.8,687.0
2025-09-03T11:00,17.9,56,0.1,760.6,9.0,753.0
2025-09-03T12:00,18.4,56,0.1,760.3,13.1,882.0
2025-09-03T13:00,18.3,58,0.1,759.3,12.0,849.0
2025-09-03T14:00,18.6,57,0.0,758.3,9.4,798.0
2025-09-03T15:00,18.0,58,0.1,757.3,8.6,599.0
2025-09-03T16:00,17.9,56,0.0,757.0,10.4,506.0
2025-09-03T17:00,17.2,59,0.0,756.7,11.4,289.0
2025-09-03T18:00,15.3,67,0.0,756.6,12.6,82.0
2025-09-03T19:00,14.2,73,0.0,756.8,10.7,0.0
2025-09-03T20:00,12.9,83,0.0,756.2,4.7,0.0
2025-09-03T21:00,12.0,89,0.0,756.5,6.5,0.0
2025-09-03T22:00,12.0,89,0.0,757.1,6.9,0.0
2025-09-03T23:00,12.3,88,0.0,757.8,4.9,0.0
2025-09-04T00:00,12.0,90,0.1,757.4,5.0,0.0
2025-09-04T01:00,11.9,94,0.6,757.0,4.5,0.0
2025-09-04T02:00,11.7,98,0.6,756.1,3.6,0.0
2025-09-04T03:00,11.5,98,2.0,755.6,2.1,0.0
2025-09-04T04:00,11.3,99,1.4,755.5,1.5,0.0
2025-09-04T05:00,11.0,100,0.2,755.7,1.5,0.0
2025-09-04T06:00,10.9,100,0.0,756.2,2.0,0.0
2025-09-04T07:00,11.6,97,0.0,757.3,3.3,78.0
2025-09-04T08:00,13.1,81,0.0,758.8,4.5,288.0
2025-09-04T09:00,14.9,72,0.1,760.0,4.0,543.0
2025-09-04T10:00,16.1,65,0.0,760.2,5.5,606.0
2025-09-04T11:00,17.3,61,0.2,760.1,7.3,821.0
2025-09-04T12:00,18.2,57,0.3,759.4,10.4,859.0
2025-09-04T13:00,18.3,59,0.2,758.4,11.0,864.0
2025-09-04T14:00,18.2,61,0.1,757.5,10.2,793.0
2025-09-04T15:00,17.3,62,0.2,756.8,11.7,669.0
2025-09-04T16:00,16.5,66,0.0,756.1,11.8,445.0
2025-09-04T17:00,15.6,69,0.0,755.9,13.1,244.0
2025-09-04T18:00,14.0,78,0.1,756.2,8.6,61.0
2025-09-04T19:00,12.7,89,0.6,756.2,4.9,0.0
2025-09-04T20:00,12.9,84,0.0,756.7,3.8,0.0
2025-09-04T21:00,12.3,91,0.0,756.9,4.8,0.0
2025-09-04T22:00,11.7,92,0.0,757.2,5.1,0.0
2025-09-04T23:00,11.2,94,0.0,756.7,3.3,0.0
2025-09-05T00:00,10.5,97,0.0,756.0,2.2,0.0
2025-09-05T01:00,10.0,97,0.0,755.1,4.3,0.0
2025-09-05T02:00,9.2,99,0.0,754.1,5.4,0.0
2025-09-05T03:00,8.7,99,0.0,753.8,3.7,0.0
2025-09-05T04:00,8.2,99,0.0,753.7,2.1,0.0
2025-09-05T05:00,8.2,98,0.0,754.3,3.4,0.0
2025-09-05T06:00,8.3,97,0.0,755.2,3.7,1.0
2025-09-05T07:00,10.2,90,0.0,756.7,2.3,79.0
2025-09-05T08:00,13.7,79,0.0,758.8,2.3,326.0
2025-09-05T09:00,15.3,70,0.0,759.7,3.3,487.0
2025-09-05T10:00,16.7,65,0.3,760.4,8.5,717.0
2025-09-05T11:00,17.0,64,0.2,760.2,12.6,770.0
2025-09-05T12:00,17.9,59,0.1,759.6,15.1,836.0
2025-09-05T13:00,17.5,60,0.0,758.5,16.0,831.0
2025-09-05T14:00,18.0,58,0.0,757.7,13.1,660.0
2025-09-05T15:00,18.1,55,0.0,757.1,15.5,657.0
2025-09-05T16:00,16.9,58,0.0,756.7,12.7,450.0
2025-09-05T17:00,16.3,60,0.0,756.5,8.1,258.0
2025-09-05T18:00,14.8,71,0.0,756.4,6.5,75.0
2025-09-05T19:00,14.0,76,0.0,756.8,5.8,0.0
2025-09-05T20:00,12.9,85,0.0,757.2,3.4,0.0
2025-09-05T21:00,12.6,88,0.0,757.5,2.8,0.0
2025-09-05T22:00,11.9,90,0.0,757.4,5.0,0.0
2025-09-05T23:00,11.1,92,0.0,757.2,4.9,0.0
2025-09-06T00:00,10.8,94,0.0,757.1,4.8,0.0
2025-09-06T01:00,10.1,96,0.0,756.2,5.6,0.0
2025-09-06T02:00,9.9,96,0.0,755.8,4.9,0.0
2025-09-06T03:00,9.2,98,0.0,754.9,3.8,0.0
2025-09-06T04:00,8.8,98,0.0,755.0,3.7,0.0
2025-09-06T05:00,8.5,99,0.0,755.4,3.0,0.0
2025-09-06T06:00,8.2,99,0.0,755.4,3.6,1.0
2025-09-06T07:00,9.5,93,0.0,756.8,3.1,97.0
2025-09-06T08:00,13.3,79,0.0,759.1,0.9,359.0
2025-09-06T09:00,15.6,68,0.0,760.2,5.4,571.0
2025-09-06T10:00,16.7,60,0.0,760.7,9.4,688.0
2025-09-06T11:00,17.6,58,0.1,760.5,13.2,846.0
2025-09-06T12:00,18.3,55,0.1,759.9,13.4,859.0
2025-09-06T13:00,18.5,55,0.1,759.0,14.9,896.0
2025-09-06T14:00,18.5,55,0.1,758.1,14.5,801.0
2025-09-06T15:00,18.0,56,0.0,757.2,13.1,580.0
2025-09-06T16:00,17.4,59,0.0,756.4,12.0,420.0
2025-09-06T17:00,16.9,61,0.0,756.5,11.3,285.0
2025-09-06T18:00,15.4,69,0.0,756.5,9.6,72.0
2025-09-06T19:00,14.0,78,0.0,757.5,4.7,0.0
2025-09-06T20:00,13.4,80,0.0,757.6,5.3,0.0
2025-09-06T21:00,13.0,83,0.0,758.3,5.1,0.0
2025-09-06T22:00,12.6,84,0.0,758.7,5.0,0.0
2025-09-06T23:00,11.6,89,0.0,758.2,4.7,0.0
2025-09-07T00:00,10.6,94,0.0,757.2,5.2,0.0
2025-09-07T01:00,10.2,96,0.0,756.7,3.5,0.0
2025-09-07T02:00,10.0,96,0.0,756.2,2.3,0.0
2025-09-07T03:00,9.7,98,0.0,755.9,1.7,0.0
2025-09-07T04:00,9.6,98,0.0,755.8,1.4,0.0
2025-09-07T05:00,9.5,100,0.0,756.1,3.1,0.0
2025-09-07T06:00,9.1,100,0.0,756.2,2.0,1.0
2025-09-07T07:00,9.8,98,0.0,757.2,4.2,86.0
2025-09-07T08:00,12.0,88,0.0,759.2,2.1,165.0
2025-09-07T09:00,14.0,77,0.0,760.2,2.6,333.0
2025-09-07T10:00,16.2,71,0.0,761.2,3.1,707.0
2025-09-07T11:00,17.2,67,0.1,760.5,3.5,666.0
2025-09-07T12:00,18.6,61,0.4,760.2,9.1,864.0
2025-09-07T13:00,17.8,60,1.1,758.8,7.8,820.0
2025-09-07T14:00,18.1,56,0.1,757.8,5.8,650.0
2025-09-07T15:00,18.1,57,0.3,757.5,8.2,621.0
2025-09-07T16:00,17.6,59,0.1,756.9,8.4,421.0
2025-09-07T17:00,16.4,61,0.2,757.0,5.8,260.0
2025-09-07T18:00,14.2,76,0.1,757.1,1.8,55.0
2025-09-07T19:00,13.2,89,0.0,757.3,4.0,0.0
2025-09-07T20:00,13.1,87,0.0,758.0,4.0,0.0
2025-09-07T21:00,12.2,95,0.0,758.5,3.2,0.0
2025-09-07T22:00,11.5,97,0.0,758.6,3.7,0.0
2025-09-07T23:00,11.2,97,0.0,758.4,4.3,0.0
2025-09-08T00:00,10.8,98,0.0,758.0,2.9,0.0
2025-09-08T01:00,10.7,98,0.0,757.4,3.4,0.0
2025-09-08T02:00,10.5,98,0.0,756.8,2.9,0.0
2025-09-08T03:00,10.3,98,0.0,756.5,2.9,0.0
2025-09-08T04:00,9.9,100,0.0,756.1,2.2,0.0
2025-09-08T05:00,9.6,100,0.0,756.2,1.9,0.0
2025-09-08T06:00,9.2,100,0.0,756.5,3.1,1.0
2025-09-08T07:00,10.3,94,0.0,757.8,3.6,98.0
2025-09-08T08:00,12.7,85,0.0,759.7,1.4,335.0
2025-09-08T09:00,15.5,70,0.0,761.0,2.7,598.0
2025-09-08T10:00,16.8,64,0.2,761.3,2.4,658.0
2025-09-08T11:00,17.4,59,0.1,761.0,8.1,759.0
2025-09-08T12:00,18.3,54,0.1,760.3,11.0,891.0
2025-09-08T13:00,19.0,52,0.2,759.3,11.1,815.0
2025-09-08T14:00,19.5,49,0.2,758.6,13.2,892.0
2025-09-08T15:00,19.1,52,0.1,757.6,13.2,672.0
2025-09-08T16:00,18.6,53,0.0,756.9,12.2,483.0
2025-09-08T17:00,17.5,58,0.0,756.3,13.0,273.0
2025-09-08T18:00,16.0,66,0.0,756.5,10.8,55.0
2025-09-08T19:00,14.7,74,0.1,757.1,8.4,0.0
2025-09-08T20:00,13.3,80,0.0,757.3,6.3,0.0
2025-09-08T21:00,12.5,86,0.0,757.6,4.5,0.0
2025-09-08T22:00,11.7,91,0.0,757.8,3.7,0.0
2025-09-08T23:00,11.0,93,0.0,757.3,4.0,0.0
2025-09-09T00:00,10.4,95,0.0,757.0,4.2,0.0
2025-09-09T01:00,9.7,97,0.0,756.1,3.2,0.0
2025-09-09T02:00,9.1,99,0.0,755.6,3.2,0.0
2025-09-09T03:00,8.7,99,0.0,755.5,3.9,0.0
2025-09-09T04:00,8.4,99,0.0,755.2,4.9,0.0
2025-09-09T05:00,8.3,98,0.0,755.5,4.6,0.0
2025-09-09T06:00,8.2,99,0.0,755.6,4.3,1.0
2025-09-09T07:00,9.9,92,0.0,757.5,5.6,108.0
2025-09-09T08:00,13.3,81,0.0,759.7,2.5,300.0
2025-09-09T09:00,15.8,68,0.0,760.9,6.0,503.0
2025-09-09T10:00,17.4,59,0.0,761.5,8.9,664.0
2025-09-09T11:00,18.6,55,0.3,761.2,10.3,853.0
2025-09-09T12:00,19.5,51,0.2,760.6,9.6,931.0
2025-09-09T13:00,19.8,50,0.2,759.8,10.7,940.0
2025-09-09T14:00,19.1,54,0.3,758.9,10.3,852.0
2025-09-09T15:00,19.1,53,0.2,757.9,9.8,642.0
2025-09-09T16:00,18.5,55,0.1,757.2,10.2,504.0
2025-09-09T17:00,17.1,61,0.0,756.8,12.4,275.0
2025-09-09T18:00,15.0,68,0.0,756.7,12.5,73.0
2025-09-09T19:00,14.1,72,0.0,757.3,9.9,0.0
2025-09-09T20:00,13.2,82,0.0,757.6,3.2,0.0
2025-09-09T21:00,12.4,88,0.0,757.7,3.6,0.0
2025-09-09T22:00,11.4,93,0.0,758.0,5.6,0.0
2025-09-09T23:00,10.9,94,0.0,757.6,5.8,0.0
2025-09-10T00:00,10.1,96,0.0,757.1,2.9,0.0
2025-09-10T01:00,9.3,99,0.0,756.2,1.5,0.0
2025-09-10T02:00,9.1,98,0.0,755.4,4.0,0.0
2025-09-10T03:00,8.5,97,0.0,754.3,4.2,0.0
2025-09-10T04:00,8.0,97,0.0,753.9,4.4,0.0
2025-09-10T05:00,7.0,99,0.0,753.6,2.1,0.0
2025-09-10T06:00,6.8,99,0.0,754.1,3.1,1.0
2025-09-10T07:00,9.5,91,0.0,756.3,3.3,107.0
2025-09-10T08:00,13.4,79,0.0,759.5,4.8,208.0
2025-09-10T09:00,14.6,73,0.0,760.3,5.4,341.0
2025-09-10T10:00,17.0,62,0.0,761.1,8.5,657.0
2025-09-10T11:00,17.7,58,0.1,760.6,11.2,722.0
2025-09-10T12:00,18.2,57,0.2,760.3,13.1,833.0
2025-09-10T13:00,18.6,55,0.3,759.3,11.8,880.0
2025-09-10T14:00,18.5,56,0.3,758.4,10.4,718.0
2025-09-10T15:00,18.5,57,0.3,757.8,9.3,684.0
2025-09-10T16:00,17.7,61,0.1,757.3,9.8,523.0
2025-09-10T17:00,16.0,67,0.0,757.0,14.5,273.0
2025-09-10T18:00,14.3,75,0.0,756.8,13.2,67.0
2025-09-10T19:00,13.6,78,0.0,757.3,8.9,0.0
2025-09-10T20:00,12.8,84,0.0,757.8,6.6,0.0
2025-09-10T21:00,12.3,88,0.0,757.9,5.8,0.0
2025-09-10T22:00,11.9,92,0.0,757.9,7.4,0.0
2025-09-10T23:00,11.8,91,0.0,757.9,5.3,0.0
2025-09-11T00:00,11.4,94,0.0,757.7,4.5,0.0
2025-09-11T01:00,11.0,95,0.0,756.8,6.2,0.0
2025-09-11T02:00,10.3,96,0.0,755.2,5.4,0.0
2025-09-11T03:00,10.0,96,0.0,754.6,5.2,0.0
2025-09-11T04:00,9.5,96,0.0,754.4,3.0,0.0
2025-09-11T05:00,8.9,98,0.0,754.5,2.9,0.0
2025-09-11T06:00,8.6,99,0.0,754.8,3.2,1.0
2025-09-11T07:00,10.5,91,0.0,756.9,2.7,106.0
2025-09-11T08:00,14.2,77,0.0,758.9,4.7,250.0
2025-09-11T09:00,16.1,67,0.0,760.0,7.1,511.0
2025-09-11T10:00,17.7,60,0.1,760.7,8.9,727.0
2025-09-11T11:00,18.3,57,0.3,760.5,13.2,827.0
2025-09-11T12:00,18.6,57,0.2,760.0,14.1,916.0
2025-09-11T13:00,19.2,54,0.2,759.1,13.9,885.0
2025-09-11T14:00,18.7,54,0.0,758.0,15.8,781.0
2025-09-11T15:00,18.6,53,0.0,757.3,15.5,704.0
2025-09-11T16:00,18.0,54,0.0,756.9,14.9,531.0
2025-09-11T17:00,16.6,59,0.0,756.5,13.6,292.0
2025-09-11T18:00,14.6,69,0.0,756.4,12.1,65.0
2025-09-11T19:00,13.7,76,0.0,756.9,9.6,0.0
2025-09-11T20:00,12.9,81,0.0,756.4,4.9,0.0
2025-09-11T21:00,12.0,87,0.0,756.6,4.2,0.0
2025-09-11T22:00,11.1,91,0.0,756.8,3.5,0.0
2025-09-11T23:00,10.6,93,0.0,756.7,3.3,0.0
2025-09-12T00:00,10.2,95,0.0,756.1,3.4,0.0
2025-09-12T01:00,10.1,95,0.0,755.9,4.4,0.0
2025-09-12T02:00,9.8,97,0.0,755.3,3.7,0.0
2025-09-12T03:00,9.3,97,0.0,754.7,3.7,0.0
2025-09-12T04:00,8.9,97,0.0,754.5,4.6,0.0
2025-09-12T05:00,8.8,96,0.0,755.1,3.6,0.0
2025-09-12T06:00,8.5,97,0.0,755.2,2.5,1.0
2025-09-12T07:00,10.2,89,0.0,757.0,2.2,109.0
2025-09-12T08:00,13.6,78,0.0,759.1,2.5,300.0
2025-09-12T09:00,15.3,69,0.0,760.2,4.8,450.0
2025-09-12T10:00,16.6,62,0.1,760.8,8.6,557.0
2025-09-12T11:00,17.2,60,0.1,760.7,8.5,643.0
2025-09-12T12:00,18.9,50,0.1,760.2,10.7,850.0
2025-09-12T13:00,19.9,45,0.0,759.2,11.0,913.0
2025-09-12T14:00,20.1,44,0.0,758.5,10.7,840.0
2025-09-12T15:00,19.9,44,0.0,757.8,12.6,689.0
2025-09-12T16:00,19.3,46,0.0,757.1,14.1,491.0
2025-09-12T17:00,17.8,54,0.0,757.0,12.6,260.0
2025-09-12T18:00,16.0,64,0.0,757.0,6.9,60.0
2025-09-12T19:00,14.8,73,0.0,757.4,3.1,0.0
2025-09-12T20:00,14.1,79,0.0,757.5,2.2,0.0
2025-09-12T21:00,13.2,85,0.0,757.4,4.4,0.0
2025-09-12T22:00,12.4,90,0.0,757.5,4.0,0.0
2025-09-12T23:00,11.6,93,0.0,757.2,4.3,0.0
2025-09-13T00:00,10.7,97,0.0,756.4,2.1,0.0
2025-09-13T01:00,10.3,100,0.0,756.1,1.2,0.0
2025-09-13T02:00,10.0,100,0.0,755.4,3.2,0.0
2025-09-13T03:00,9.9,100,0.0,755.1,1.6,0.0
2025-09-13T04:00,9.6,100,0.0,755.3,1.3,0.0
2025-09-13T05:00,9.4,100,0.0,755.1,0.6,0.0
2025-09-13T06:00,9.1,99,0.0,755.2,1.3,1.0
2025-09-13T07:00,10.4,94,0.0,756.5,3.0,104.0
2025-09-13T08:00,13.1,82,0.0,758.7,2.7,345.0
2025-09-13T09:00,16.3,66,0.0,760.3,4.6,625.0
2025-09-13T10:00,18.1,54,0.0,760.8,9.7,748.0
2025-09-13T11:00,19.0,50,0.0,760.7,13.0,886.0
2025-09-13T12:00,19.2,49,0.0,760.0,14.8,884.0
2025-09-13T13:00,19.0,49,0.1,759.0,16.9,815.0
2025-09-13T14:00,19.1,46,0.0,758.2,16.7,765.0
2025-09-13T15:00,19.3,45,0.0,757.8,16.3,718.0
2025-09-13T16:00,17.9,50,0.0,756.9,14.1,443.0
2025-09-13T17:00,16.6,53,0.0,756.3,11.4,253.0
2025-09-13T18:00,14.9,61,0.0,756.1,10.5,68.0
2025-09-13T19:00,13.7,66,0.0,756.0,7.8,0.0
2025-09-13T20:00,12.7,77,0.0,755.6,3.9,0.0
2025-09-13T21:00,11.6,85,0.0,755.5,2.5,0.0
2025-09-13T22:00,10.6,90,0.0,755.6,2.1,0.0
2025-09-13T23:00,9.5,95,0.0,755.2,1.4,0.0
2025-09-14T00:00,8.8,97,0.0,754.7,2.7,0.0
2025-09-14T01:00,8.3,97,0.0,753.8,4.1,0.0
2025-09-14T02:00,8.0,96,0.0,753.2,2.9,0.0
2025-09-14T03:00,7.7,96,0.0,752.8,3.1,0.0
2025-09-14T04:00,7.3,97,0.0,752.6,3.4,0.0
2025-09-14T05:00,7.1,97,0.0,752.4,2.4,0.0
2025-09-14T06:00,6.6,98,0.0,752.2,1.7,1.0
2025-09-14T07:00,9.5,89,0.0,755.0,1.6,131.0
2025-09-14T08:00,13.4,72,0.0,758.0,1.9,369.0
2025-09-14T09:00,16.0,60,0.0,759.1,5.4,582.0
2025-09-14T10:00,17.2,55,0.0,759.9,10.9,686.0
2025-09-14T11:00,17.7,54,0.0,759.6,13.1,764.0
2025-09-14T12:00,18.6,50,0.0,759.0,13.3,779.0
2025-09-14T13:00,19.0,50,0.1,758.1,14.2,839.0
2025-09-14T14:00,19.2,50,0.1,757.3,14.7,767.0
2025-09-14T15:00,19.2,50,0.1,756.7,15.6,726.0
2025-09-14T16:00,18.5,51,0.0,756.3,13.9,512.0
2025-09-14T17:00,17.1,55,0.0,755.9,13.2,285.0
2025-09-14T18:00,15.1,62,0.0,755.4,13.5,66.0
2025-09-14T19:00,14.2,67,0.0,755.5,8.9,0.0
2025-09-14T20:00,13.5,78,0.0,755.9,4.0,0.0
2025-09-14T21:00,12.4,85,0.0,756.4,3.3,0.0
2025-09-14T22:00,11.5,94,0.3,756.5,4.6,0.0
2025-09-14T23:00,11.2,97,0.1,756.2,3.7,0.0
2025-09-15T00:00,10.7,98,0.1,755.5,3.2,0.0
2025-09-15T01:00,10.5,98,0.2,755.2,1.7,0.0
2025-09-15T02:00,11.1,99,0.4,755.2,1.2,0.0
2025-09-15T03:00,10.9,99,0.1,755.2,0.9,0.0
2025-09-15T04:00,10.5,99,0.1,754.9,2.2,0.0
2025-09-15T05:00,10.4,99,0.1,754.9,1.5,0.0
2025-09-15T06:00,10.2,98,0.0,755.1,1.5,1.0
2025-09-15T07:00,11.6,94,0.0,756.7,3.4,93.0
2025-09-15T08:00,13.0,83,0.0,758.6,4.2,245.0
2025-09-15T09:00,14.6,74,0.0,759.4,5.8,349.0
2025-09-15T10:00,17.0,61,0.0,760.3,8.7,625.0
2025-09-15T11:00,17.6,58,0.0,759.9,11.6,702.0
2025-09-15T12:00,18.0,58,0.1,759.0,11.8,808.0
2025-09-15T13:00,18.5,55,0.2,758.3,13.3,862.0
2025-09-15T14:00,18.0,57,0.2,757.1,14.6,744.0
2025-09-15T15:00,17.8,58,0.1,756.5,11.6,559.0
2025-09-15T16:00,17.2,60,0.1,756.0,10.1,414.0
2025-09-15T17:00,16.0,66,0.0,755.6,9.2,205.0
2025-09-15T18:00,14.7,73,0.0,755.7,9.0,47.0
2025-09-15T19:00,13.8,79,0.0,756.1,7.9,0.0
2025-09-15T20:00,13.3,85,0.0,756.3,4.4,0.0
2025-09-15T21:00,12.7,88,0.0,756.5,5.2,0.0
2025-09-15T22:00,12.0,93,0.0,756.6,4.3,0.0
2025-09-15T23:00,11.2,95,0.0,756.1,5.3,0.0
2025-09-16T00:00,10.9,96,0.0,756.0,3.0,0.0
2025-09-16T01:00,10.4,97,0.0,755.0,4.6,0.0
2025-09-16T02:00,10.6,97,0.0,754.7,4.8,0.0
2025-09-16T03:00,10.6,97,0.0,754.3,5.9,0.0
2025-09-16T04:00,10.3,96,0.0,754.3,4.0,0.0
2025-09-16T05:00,10.3,97,0.0,754.7,2.4,0.0
2025-09-16T06:00,10.1,98,0.0,754.9,3.0,1.0
2025-09-16T07:00,11.7,89,0.0,756.8,4.3,91.0
2025-09-16T08:00,13.6,77,0.0,757.8,3.1,363.0
2025-09-16T09:00,16.4,65,0.0,759.3,3.0,625.0
2025-09-16T10:00,18.6,50,0.0,760.2,5.5,756.0
2025-09-16T11:00,19.3,47,0.0,760.1,10.9,868.0
2025-09-16T12:00,19.4,48,0.2,759.4,14.7,988.0
2025-09-16T13:00,20.1,46,0.1,758.4,13.2,934.0
2025-09-16T14:00,20.0,46,0.0,757.2,12.0,820.0
2025-09-16T15:00,19.5,47,0.0,756.3,8.8,640.0
2025-09-16T16:00,19.3,48,0.1,755.9,9.8,504.0
2025-09-16T17:00,18.5,49,0.0,755.7,11.7,278.0
2025-09-16T18:00,16.8,58,0.0,755.8,7.3,62.0
2025-09-16T19:00,15.1,72,0.0,756.2,2.6,0.0
2025-09-16T20:00,13.8,70,0.0,755.8,2.8,0.0
2025-09-16T21:00,12.6,75,0.0,755.6,4.4,0.0
2025-09-16T22:00,11.4,84,0.0,755.0,3.2,0.0
2025-09-16T23:00,10.5,90,0.0,755.0,2.8,0.0
2025-09-17T00:00,10.0,93,0.0,754.5,2.7,0.0
2025-09-17T01:00,9.5,94,0.0,753.9,2.2,0.0
2025-09-17T02:00,9.3,93,0.0,753.3,4.8,0.0
2025-09-17T03:00,9.0,93,0.0,752.8,3.1,0.0
2025-09-17T04:00,8.7,93,0.0,752.4,2.2,0.0
2025-09-17T05:00,8.1,94,0.0,752.5,3.3,0.0
2025-09-17T06:00,7.9,93,0.0,752.9,3.0,2.0
2025-09-17T07:00,10.7,79,0.0,755.4,2.5,129.0
2025-09-17T08:00,14.0,65,0.0,757.8,3.2,379.0
2025-09-17T09:00,16.4,55,0.0,759.3,3.5,616.0
2025-09-17T10:00,18.5,49,0.0,759.7,1.7,799.0
2025-09-17T11:00,20.4,46,0.1,759.7,6.2,880.0
2025-09-17T12:00,21.4,43,0.1,759.1,9.4,877.0
2025-09-17T13:00,20.3,49,0.5,757.7,8.6,841.0
2025-09-17T14:00,20.3,47,0.0,756.6,4.5,599.0
2025-09-17T15:00,19.5,52,0.3,756.4,11.1,595.0
2025-09-17T16:00,16.6,70,0.3,755.2,4.4,309.0
2025-09-17T17:00,15.5,75,0.4,755.2,7.6,158.0
2025-09-17T18:00,14.3,83,0.2,755.6,3.2,41.0
2025-09-17T19:00,14.2,85,0.0,756.3,3.5,0.0
2025-09-17T20:00,13.2,89,0.2,755.5,1.4,0.0
2025-09-17T21:00,12.6,96,0.0,756.0,3.8,0.0
2025-09-17T22:00,12.0,97,0.0,756.1,3.8,0.0
2025-09-17T23:00,11.5,99,0.0,755.8,3.3,0.0
2025-09-18T00:00,11.2,99,0.0,755.6,2.3,0.0
2025-09-18T01:00,11.3,98,0.0,755.5,2.7,0.0
2025-09-18T02:00,10.9,98,0.0,754.8,2.6,0.0
2025-09-18T03:00,10.4,99,0.0,754.5,2.1,0.0
2025-09-18T04:00,10.6,97,0.0,754.8,3.0,0.0
2025-09-18T05:00,10.4,99,0.0,755.0,2.3,0.0
2025-09-18T06:00,10.4,98,0.0,755.2,4.3,1.0
2025-09-18T07:00,11.3,92,0.0,756.5,3.2,77.0
2025-09-18T08:00,12.9,89,0.2,757.8,2.3,180.0
2025-09-18T09:00,14.2,78,0.2,759.0,2.4,353.0
2025-09-18T10:00,14.8,76,0.1,759.4,2.8,332.0
2025-09-18T11:00,16.7,63,0.0,759.7,7.1,583.0
2025-09-18T12:00,18.7,54,0.0,759.3,8.0,729.0
2025-09-18T13:00,19.4,52,0.0,758.3,10.6,676.0
2025-09-18T14:00,18.0,56,0.0,756.9,9.0,346.0
2025-09-18T15:00,17.4,57,0.1,756.4,6.6,447.0
2025-09-18T16:00,17.1,59,0.0,755.8,1.0,313.0
2025-09-18T17:00,16.8,60,0.0,755.8,2.7,180.0
2025-09-18T18:00,15.3,72,0.0,755.8,4.3,35.0
2025-09-18T19:00,14.5,78,0.0,756.4,3.4,0.0
2025-09-18T20:00,13.0,93,0.0,756.3,2.2,0.0
2025-09-18T21:00,12.4,94,0.0,756.7,2.1,0.0
2025-09-18T22:00,11.0,98,0.0,756.0,1.5,0.0
2025-09-18T23:00,10.7,100,0.0,755.9,2.3,0.0
2025-09-19T00:00,10.5,100,0.0,755.8,0.4,0.0
2025-09-19T01:00,10.8,100,0.0,755.6,2.1,0.0
2025-09-19T02:00,10.5,100,0.1,755.1,1.1,0.0
2025-09-19T03:00,10.4,98,0.1,754.9,1.5,0.0
2025-09-19T04:00,9.9,100,0.0,754.8,0.3,0.0
2025-09-19T05:00,9.7,100,0.0,755.0,1.6,0.0
2025-09-19T06:00,9.8,99,0.0,755.4,2.1,1.0
2025-09-19T07:00,11.6,96,0.0,757.7,0.9,98.0
2025-09-19T08:00,13.7,84,0.0,759.4,1.6,330.0
2025-09-19T09:00,15.8,70,0.0,760.3,2.8,580.0
2025-09-19T10:00,17.7,62,0.0,761.2,3.6,720.0
2025-09-19T11:00,19.7,54,0.0,761.2,7.3,849.0
2025-09-19T12:00,20.0,49,0.0,760.5,6.3,763.0
2025-09-19T13:00,18.9,50,0.0,758.8,2.0,452.0
2025-09-19T14:00,19.2,50,0.1,757.9,9.2,594.0
2025-09-19T15:00,19.7,49,0.0,757.4,9.7,658.0
2025-09-19T16:00,18.7,50,0.0,756.7,3.6,307.0
2025-09-19T17:00,17.9,56,0.0,756.9,6.9,224.0
2025-09-19T18:00,15.3,81,0.0,756.8,0.9,53.0
2025-09-19T19:00,14.3,86,0.0,757.2,3.4,0.0
2025-09-19T20:00,13.5,97,1.0,757.3,4.6,0.0
2025-09-19T21:00,12.7,92,0.8,757.5,2.1,0.0
2025-09-19T22:00,12.6,96,0.2,758.4,6.8,0.0
2025-09-19T23:00,12.4,98,0.5,758.3,4.0,0.0
2025-09-20T00:00,12.2,97,0.6,758.0,1.9,0.0
2025-09-20T01:00,12.1,97,0.5,757.4,1.7,0.0
2025-09-20T02:00,12.1,96,0.3,757.0,1.5,0.0
2025-09-20T03:00,11.8,96,0.3,756.6,0.4,0.0
2025-09-20T04:00,11.7,95,0.4,756.7,0.2,0.0
2025-09-20T05:00,11.5,96,0.8,756.8,0.4,0.0
2025-09-20T06:00,11.1,98,2.7,756.9,1.2,1.0
2025-09-20T07:00,11.4,97,1.7,757.8,2.4,28.0
2025-09-20T08:00,11.7,93,2.3,758.9,1.5,159.0
2025-09-20T09:00,13.3,83,0.9,760.4,1.9,318.0
2025-09-20T10:00,13.6,82,0.2,760.7,1.9,242.0
2025-09-20T11:00,16.2,68,0.0,761.1,5.0,632.0
2025-09-20T12:00,18.6,57,0.0,760.6,8.4,904.0
2025-09-20T13:00,19.5,52,0.0,759.8,11.9,820.0
2025-09-20T14:00,18.6,55,0.0,758.6,12.4,551.0
2025-09-20T15:00,18.6,54,0.0,757.9,10.7,556.0
2025-09-20T16:00,17.9,54,0.0,757.2,10.3,419.0
2025-09-20T17:00,16.8,57,0.0,756.9,7.3,248.0
2025-09-20T18:00,14.8,69,0.0,756.3,6.5,50.0
2025-09-20T19:00,13.6,76,0.0,756.3,4.4,0.0
2025-09-20T20:00,13.1,86,0.0,757.1,0.6,0.0
2025-09-20T21:00,12.3,86,0.0,757.3,2.2,0.0
2025-09-20T22:00,11.3,89,0.0,757.4,2.0,0.0
2025-09-20T23:00,11.2,92,0.0,757.7,4.2,0.0
2025-09-21T00:00,11.3,93,0.0,757.4,4.9,0.0
2025-09-21T01:00,10.6,95,0.0,756.1,1.9,0.0
2025-09-21T02:00,10.1,97,0.0,755.1,4.5,0.0
2025-09-21T03:00,9.1,99,0.0,753.9,4.1,0.0
2025-09-21T04:00,7.9,100,0.0,753.4,2.1,0.0
2025-09-21T05:00,7.6,100,0.0,753.6,1.3,0.0
2025-09-21T06:00,7.1,98,0.0,753.6,1.1,2.0
2025-09-21T07:00,10.2,94,0.0,756.6,1.3,140.0
2025-09-21T08:00,14.4,73,0.0,759.0,3.6,396.0
2025-09-21T09:00,16.5,65,0.0,760.0,4.0,657.0
2025-09-21T10:00,18.2,55,0.0,760.5,2.8,808.0
2025-09-21T11:00,19.0,51,0.0,760.6,7.5,907.0
2025-09-21T12:00,19.6,50,0.0,759.9,9.2,949.0
2025-09-21T13:00,19.8,50,0.0,758.6,11.6,826.0
2025-09-21T14:00,20.6,47,0.0,758.0,13.9,842.0
2025-09-21T15:00,20.2,48,0.0,757.2,11.1,689.0
2025-09-21T16:00,19.1,50,0.0,756.5,10.1,400.0
2025-09-21T17:00,18.1,56,0.0,756.5,8.8,228.0
2025-09-21T18:00,16.3,65,0.0,755.9,7.6,51.0
2025-09-21T19:00,14.6,74,0.0,755.8,4.1,0.0
2025-09-21T20:00,13.7,77,0.0,755.9,0.7,0.0
2025-09-21T21:00,12.0,88,0.0,755.3,1.8,0.0
2025-09-21T22:00,11.1,94,0.0,755.0,4.5,0.0
2025-09-21T23:00,10.2,96,0.0,754.6,2.9,0.0
2025-09-22T00:00,9.2,99,0.0,753.8,2.4,0.0
2025-09-22T01:00,8.4,100,0.0,753.1,1.4,0.0
2025-09-22T02:00,7.9,100,0.0,752.4,1.0,0.0
2025-09-22T03:00,7.9,98,0.0,752.6,2.1,0.0
2025-09-22T04:00,7.2,98,0.0,752.2,1.7,0.0
2025-09-22T05:00,7.1,97,0.0,752.4,1.3,0.0
2025-09-22T06:00,7.2,95,0.0,752.7,1.0,2.0
2025-09-22T07:00,10.0,92,0.0,755.3,2.7,130.0
2025-09-22T08:00,13.6,76,0.0,757.7,2.6,378.0
2025-09-22T09:00,16.2,66,0.0,759.4,2.2,626.0
2025-09-22T10:00,18.4,57,0.0,760.0,3.7,815.0
2025-09-22T11:00,20.0,50,0.0,759.7,4.1,938.0
2025-09-22T12:00,21.2,46,0.0,758.9,4.7,954.0
2025-09-22T13:00,21.8,44,0.0,758.2,6.6,939.0
2025-09-22T14:00,21.7,44,0.1,757.2,4.8,800.0
2025-09-22T15:00,20.3,48,0.2,756.6,8.6,656.0
2025-09-22T16:00,19.6,51,0.1,756.2,6.3,474.0
2025-09-22T17:00,18.9,55,0.0,756.0,5.2,268.0
2025-09-22T18:00,16.1,73,0.1,755.0,4.4,53.0
2025-09-22T19:00,14.6,81,0.0,755.1,4.2,0.0
2025-09-22T20:00,13.3,89,0.0,755.1,2.6,0.0
2025-09-22T21:00,12.9,91,0.0,755.7,4.1,0.0
2025-09-22T22:00,11.6,95,0.0,755.5,2.7,0.0
2025-09-22T23:00,10.8,98,0.0,755.2,2.8,0.0
2025-09-23T00:00,9.9,99,0.0,754.7,4.2,0.0
2025-09-23T01:00,9.5,99,0.0,754.1,3.6,0.0
2025-09-23T02:00,9.2,98,0.0,753.4,4.5,0.0
2025-09-23T03:00,9.0,97,0.0,753.3,1.5,0.0
2025-09-23T04:00,9.2,95,0.0,753.7,2.4,0.0
2025-09-23T05:00,8.8,95,0.0,753.6,4.5,0.0
2025-09-23T06:00,8.2,95,0.0,753.6,2.7,2.0
2025-09-23T07:00,10.6,90,0.0,755.8,3.5,132.0
2025-09-23T08:00,14.0,76,0.0,757.7,3.3,401.0
2025-09-23T09:00,17.0,63,0.0,759.2,4.3,655.0
2025-09-23T10:00,19.4,50,0.0,760.1,6.4,824.0
2025-09-23T11:00,19.3,53,0.1,759.9,11.0,908.0
2025-09-23T12:00,19.9,53,0.1,759.0,9.7,896.0
2025-09-23T13:00,18.8,63,2.3,758.2,12.9,972.0
2025-09-23T14:00,19.1,56,0.8,757.5,10.5,696.0
2025-09-23T15:00,17.5,64,0.0,756.4,11.2,430.0
2025-09-23T16:00,17.0,67,0.0,755.9,9.7,382.0
2025-09-23T17:00,15.8,72,0.0,755.6,9.9,175.0
2025-09-23T18:00,14.4,79,0.0,755.6,8.1,32.0
2025-09-23T19:00,13.6,83,0.0,756.0,7.0,0.0
2025-09-23T20:00,13.1,92,0.0,756.6,2.4,0.0
2025-09-23T21:00,13.0,92,0.0,757.0,2.2,0.0
2025-09-23T22:00,12.4,93,0.0,757.2,1.5,0.0
2025-09-23T23:00,11.7,95,0.0,757.4,2.9,0.0
2025-09-24T00:00,11.0,98,0.0,756.7,3.5,0.0
2025-09-24T01:00,10.3,99,0.0,756.0,5.2,0.0
2025-09-24T02:00,9.9,99,0.0,755.2,5.8,0.0
2025-09-24T03:00,9.8,97,0.0,754.9,4.7,0.0
2025-09-24T04:00,9.4,97,0.0,754.2,3.6,0.0
2025-09-24T05:00,9.0,97,0.0,754.2,1.9,0.0
2025-09-24T06:00,8.7,97,0.0,754.4,2.2,2.0
2025-09-24T07:00,11.2,92,0.0,756.9,2.6,107.0
2025-09-24T08:00,14.7,76,0.0,759.1,5.8,317.0
2025-09-24T09:00,16.6,64,0.0,759.9,9.6,530.0
2025-09-24T10:00,17.2,62,0.0,760.5,12.9,645.0
2025-09-24T11:00,18.1,60,0.1,760.4,14.3,854.0
2025-09-24T12:00,17.5,62,0.1,759.6,15.9,711.0
2025-09-24T13:00,18.1,58,0.0,759.0,17.8,796.0
2025-09-24T14:00,18.8,53,0.0,758.4,16.7,720.0
2025-09-24T15:00,17.5,58,0.0,757.4,12.3,433.0
2025-09-24T16:00,17.2,59,0.0,757.4,13.7,452.0
2025-09-24T17:00,15.4,65,0.0,757.0,13.4,222.0
2025-09-24T18:00,14.1,73,0.0,756.7,9.6,34.0
2025-09-24T19:00,13.4,76,0.0,757.2,8.9,0.0
2025-09-24T20:00,12.9,85,0.0,757.3,5.9,0.0
2025-09-24T21:00,12.4,89,0.0,758.1,1.6,0.0
2025-09-24T22:00,12.8,86,0.0,759.3,2.7,0.0
2025-09-24T23:00,12.1,90,0.0,758.9,4.0,0.0
2025-09-25T00:00,11.5,93,0.0,758.1,3.6,0.0
2025-09-25T01:00,11.4,94,0.0,757.8,3.6,0.0
2025-09-25T02:00,11.1,96,0.0,757.0,3.2,0.0
2025-09-25T03:00,10.9,98,0.0,756.7,0.6,0.0
2025-09-25T04:00,11.0,95,0.0,757.1,1.0,0.0
2025-09-25T05:00,10.6,97,0.0,757.2,2.3,0.0
2025-09-25T06:00,9.9,99,0.0,757.1,2.7,2.0
2025-09-25T07:00,11.0,93,0.0,758.6,1.8,114.0
2025-09-25T08:00,14.0,80,0.0,759.7,2.3,399.0
2025-09-25T09:00,17.0,60,0.0,761.0,9.2,640.0
2025-09-25T10:00,18.8,49,0.0,761.6,14.8,733.0
2025-09-25T11:00,19.8,46,0.0,761.6,16.4,822.0
2025-09-25T12:00,19.9,47,0.0,761.0,16.8,918.0
2025-09-25T13:00,19.7,51,0.4,759.9,15.7,901.0
2025-09-25T14:00,19.5,51,0.2,758.8,15.3,790.0
2025-09-25T15:00,18.5,54,0.0,757.6,16.9,628.0
2025-09-25T16:00,18.0,52,0.0,757.4,13.1,476.0
2025-09-25T17:00,16.5,56,0.0,757.2,10.4,249.0
2025-09-25T18:00,14.4,67,0.0,757.0,9.6,48.0
2025-09-25T19:00,13.5,74,0.0,757.3,8.7,0.0
2025-09-25T20:00,12.6,62,0.0,757.0,6.3,0.0
2025-09-25T21:00,11.7,69,0.0,757.2,4.5,0.0
2025-09-25T22:00,10.4,78,0.0,756.8,3.9,0.0
2025-09-25T23:00,9.4,85,0.0,756.1,4.1,0.0
2025-09-26T00:00,8.5,91,0.0,755.4,2.9,0.0
2025-09-26T01:00,7.9,94,0.0,755.1,1.3,0.0
2025-09-26T02:00,7.8,95,0.0,754.6,2.3,0.0
2025-09-26T03:00,7.7,95,0.0,754.2,2.4,0.0
2025-09-26T04:00,7.8,95,0.0,754.4,2.7,0.0
2025-09-26T05:00,7.5,96,0.0,754.3,3.7,0.0
2025-09-26T06:00,7.2,97,0.0,754.3,4.5,2.0
2025-09-26T07:00,10.0,88,0.0,756.9,4.6,133.0
2025-09-26T08:00,12.7,76,0.0,759.0,2.0,375.0
2025-09-26T09:00,15.5,67,0.0,760.2,3.2,580.0
2025-09-26T10:00,17.4,57,0.0,760.6,9.9,589.0
2025-09-26T11:00,18.3,54,0.0,760.5,13.8,779.0
2025-09-26T12:00,18.8,51,0.0,759.6,15.2,819.0
2025-09-26T13:00,19.0,50,0.0,758.5,15.7,703.0
2025-09-26T14:00,19.0,50,0.0,757.7,16.2,733.0
2025-09-26T15:00,18.5,52,0.0,756.9,15.1,579.0
2025-09-26T16:00,17.9,53,0.0,756.8,13.9,439.0
2025-09-26T17:00,16.4,60,0.0,756.4,12.9,166.0
2025-09-26T18:00,15.0,68,0.0,756.2,10.3,27.0
2025-09-26T19:00,14.0,75,0.0,756.6,8.3,0.0
2025-09-26T20:00,13.8,78,0.0,756.6,4.6,0.0
2025-09-26T21:00,13.2,82,0.0,756.8,4.3,0.0
2025-09-26T22:00,12.4,87,0.0,756.8,2.9,0.0
2025-09-26T23:00,12.4,86,0.0,756.9,5.4,0.0
2025-09-27T00:00,11.5,91,0.0,756.1,3.1,0.0
2025-09-27T01:00,11.4,93,0.0,756.0,2.4,0.0
2025-09-27T02:00,11.1,95,0.0,755.3,2.9,0.0
2025-09-27T03:00,10.3,96,0.0,754.7,2.3,0.0
2025-09-27T04:00,10.3,95,0.1,755.0,2.1,0.0
2025-09-27T05:00,10.3,95,0.0,755.2,0.5,0.0
2025-09-27T06:00,10.4,94,0.0,755.7,1.3,1.0
2025-09-27T07:00,11.5,88,0.0,757.0,1.5,64.0
2025-09-27T08:00,14.2,80,0.0,758.9,1.1,359.0
2025-09-27T09:00,16.6,64,0.0,759.9,1.5,605.0
2025-09-27T10:00,18.6,54,0.0,760.3,5.2,713.0
2025-09-27T11:00,19.1,51,0.0,759.5,8.8,646.0
2025-09-27T12:00,19.5,50,0.1,758.9,7.6,753.0
2025-09-27T13:00,19.9,50,0.0,758.2,7.9,720.0
2025-09-27T14:00,19.7,53,0.1,757.3,5.3,678.0
2025-09-27T15:00,17.0,68,4.6,756.1,10.0,398.0
2025-09-27T16:00,17.8,60,0.0,756.0,6.7,368.0
2025-09-27T17:00,17.2,61,0.0,755.8,6.4,241.0
2025-09-27T18:00,15.3,73,0.0,755.8,6.2,39.0
2025-09-27T19:00,14.6,81,0.0,756.5,5.7,0.0
2025-09-27T20:00,13.2,85,0.0,756.4,6.8,0.0
2025-09-27T21:00,12.7,88,0.0,756.6,6.4,0.0
2025-09-27T22:00,12.2,90,0.0,757.0,3.4,0.0
2025-09-27T23:00,11.7,94,0.0,757.3,2.1,0.0
2025-09-28T00:00,11.4,98,0.0,756.9,2.7,0.0
2025-09-28T01:00,10.9,99,0.0,756.2,2.0,0.0
2025-09-28T02:00,10.5,99,0.0,755.7,1.2,0.0
2025-09-28T03:00,10.4,99,0.0,755.6,1.2,0.0
2025-09-28T04:00,10.2,100,0.0,755.8,2.2,0.0
2025-09-28T05:00,9.8,100,0.0,755.7,0.9,0.0
2025-09-28T06:00,9.5,99,0.0,756.0,3.1,2.0
2025-09-28T07:00,10.4,95,0.0,757.3,4.0,98.0
2025-09-28T08:00,12.5,84,0.0,758.9,2.8,246.0
2025-09-28T09:00,13.7,80,0.0,759.5,1.7,261.0
2025-09-28T10:00,16.6,66,0.0,760.7,3.9,622.0
2025-09-28T11:00,16.6,61,0.0,760.2,5.2,418.0
2025-09-28T12:00,17.3,58,0.0,759.9,9.4,591.0
2025-09-28T13:00,17.2,60,0.1,759.1,12.7,670.0
2025-09-28T14:00,17.3,57,0.0,758.2,13.0,534.0
2025-09-28T15:00,17.7,55,0.0,757.4,11.0,466.0
2025-09-28T16:00,18.1,54,0.0,756.8,10.1,471.0
2025-09-28T17:00,17.5,56,0.0,756.3,8.2,236.0
2025-09-28T18:00,15.8,66,0.0,756.3,5.9,43.0
2025-09-28T19:00,14.4,73,0.0,756.5,3.6,0.0
2025-09-28T20:00,13.7,82,0.0,756.7,2.0,0.0
2025-09-28T21:00,13.4,83,0.0,757.5,0.9,0.0
2025-09-28T22:00,12.7,86,0.0,757.6,1.5,0.0
2025-09-28T23:00,12.1,91,0.2,757.3,2.3,0.0
2025-09-29T00:00,11.0,95,0.2,756.4,1.3,0.0
2025-09-29T01:00,10.1,98,0.0,755.5,2.6,0.0
2025-09-29T02:00,9.7,98,0.0,754.8,3.4,0.0
2025-09-29T03:00,9.6,98,0.0,755.0,2.9,0.0
2025-09-29T04:00,9.9,97,0.0,755.7,2.6,0.0
2025-09-29T05:00,9.7,98,0.1,756.0,0.3,0.0
2025-09-29T06:00,9.8,96,0.2,756.5,1.1,1.0
2025-09-29T07:00,11.2,92,0.1,758.1,1.5,93.0
2025-09-29T08:00,13.5,84,0.0,759.3,2.3,344.0
2025-09-29T09:00,16.0,70,0.1,760.8,2.1,568.0
2025-09-29T10:00,18.1,62,0.0,761.5,3.9,684.0
2025-09-29T11:00,19.3,54,0.0,761.3,4.2,649.0
2025-09-29T12:00,18.6,53,0.0,759.9,8.9,559.0
2025-09-29T13:00,18.7,54,0.1,759.0,6.2,694.0
2025-09-29T14:00,19.0,54,0.0,758.4,6.6,544.0
2025-09-29T15:00,18.1,58,0.1,757.3,4.4,398.0
2025-09-29T16:00,18.3,59,0.1,757.0,1.6,373.0
2025-09-29T17:00,17.4,62,0.4,757.2,3.1,199.0
2025-09-29T18:00,13.6,88,10.3,757.0,7.9,38.0
2025-09-29T19:00,13.1,90,0.9,757.4,6.6,0.0
2025-09-29T20:00,13.5,93,0.0,757.2,3.5,0.0
2025-09-29T21:00,13.3,94,0.0,758.0,5.1,0.0
2025-09-29T22:00,12.3,96,0.1,757.9,4.0,0.0
2025-09-29T23:00,12.0,98,1.0,757.8,4.2,0.0
2025-09-30T00:00,12.1,97,0.2,757.6,3.0,0.0
2025-09-30T01:00,11.8,96,0.1,757.0,2.1,0.0
2025-09-30T02:00,11.5,98,2.6,756.7,2.8,0.0
2025-09-30T03:00,11.4,99,2.1,756.4,1.6,0.0
2025-09-30T04:00,11.3,99,1.5,756.1,2.4,0.0
2025-09-30T05:00,11.1,99,0.3,756.2,1.0,0.0
2025-09-30T06:00,11.2,98,0.1,756.6,1.0,1.0
2025-09-30T07:00,11.7,96,0.0,757.6,0.8,34.0
2025-09-30T08:00,13.1,87,0.0,759.0,2.5,163.0
2025-09-30T09:00,13.9,86,0.1,759.8,0.4,250.0
2025-09-30T10:00,16.0,73,0.1,760.6,4.0,581.0
2025-09-30T11:00,18.0,64,0.0,760.4,0.7,651.0
2025-09-30T12:00,18.8,60,0.1,759.5,3.7,656.0
2025-09-30T13:00,16.2,70,1.9,757.8,5.9,458.0
2025-09-30T14:00,16.8,64,0.3,756.9,1.1,431.0
2025-09-30T15:00,17.6,59,0.2,756.5,3.6,444.0
2025-09-30T16:00,18.0,59,0.0,756.3,1.9,405.0
2025-09-30T17:00,16.8,64,0.0,755.9,5.0,169.0
2025-09-30T18:00,15.3,75,0.0,756.2,4.5,34.0
2025-09-30T19:00,13.7,90,0.2,757.2,3.2,0.0
2025-09-30T20:00,12.6,96,0.1,756.9,4.5,0.0
2025-09-30T21:00,11.8,97,0.0,756.7,2.7,0.0
2025-09-30T22:00,11.7,95,0.0,757.1,1.8,0.0
2025-09-30T23:00,12.2,93,0.0,757.7,2.0,0.0
2025-10-01T00:00,12.0,93,0.0,757.2,2.9,0.0
2025-10-01T01:00,12.1,91,0.0,756.6,5.7,0.0
2025-10-01T02:00,11.1,96,0.0,756.1,4.2,0.0
2025-10-01T03:00,10.6,97,0.0,755.5,2.8,0.0
2025-10-01T04:00,10.6,98,0.0,756.1,2.4,0.0
2025-10-01T05:00,10.1,98,0.0,756.2,2.7,0.0
2025-10-01T06:00,10.3,98,0.0,757.0,2.5,2.0
2025-10-01T07:00,11.2,92,0.0,757.8,3.7,112.0
2025-10-01T08:00,13.6,81,0.0,759.3,3.2,379.0
2025-10-01T09:00,15.9,69,0.0,760.5,4.1,493.0
2025-10-01T10:00,17.1,62,0.0,760.7,5.4,599.0
2025-10-01T11:00,18.3,58,0.1,760.5,9.8,812.0
2025-10-01T12:00,19.4,56,0.0,759.7,11.7,934.0
2025-10-01T13:00,18.3,56,0.1,759.5,12.6,696.0
2025-10-01T14:00,17.5,59,0.0,758.5,9.5,558.0
2025-10-01T15:00,17.0,63,0.1,757.4,10.0,499.0
2025-10-01T16:00,16.4,64,0.0,756.8,12.0,396.0
2025-10-01T17:00,15.2,68,0.0,756.6,12.0,191.0
2025-10-01T18:00,13.4,78,0.0,756.4,9.8,39.0
2025-10-01T19:00,13.6,80,0.0,757.1,5.7,0.0
2025-10-01T20:00,12.8,86,0.0,757.4,2.2,0.0
2025-10-01T21:00,12.2,88,0.0,757.7,2.0,0.0
2025-10-01T22:00,11.9,91,0.0,757.9,2.7,0.0
2025-10-01T23:00,11.4,94,0.0,758.0,4.8,0.0
2025-10-02T00:00,10.9,95,0.0,757.5,4.8,0.0
2025-10-02T01:00,11.8,92,0.0,756.7,5.8,0.0
2025-10-02T02:00,11.1,94,0.0,756.2,6.0,0.0
2025-10-02T03:00,10.8,95,0.0,756.2,3.7,0.0
2025-10-02T04:00,10.2,98,0.0,756.2,1.0,0.0
2025-10-02T05:00,9.8,100,0.0,756.3,0.4,0.0
2025-10-02T06:00,9.9,99,0.0,756.8,2.8,2.0
2025-10-02T07:00,10.3,94,0.0,757.1,3.4,95.0
2025-10-02T08:00,13.8,79,0.0,759.5,1.4,389.0
2025-10-02T09:00,15.9,68,0.0,760.6,4.8,571.0
2025-10-02T10:00,17.3,60,0.1,761.2,8.9,748.0
2025-10-02T11:00,18.1,57,0.2,760.6,9.2,810.0
2025-10-02T12:00,19.0,54,0.2,760.0,10.5,910.0
2025-10-02T13:00,18.5,55,0.1,760.0,12.4,883.0
2025-10-02T14:00,19.1,53,0.2,759.0,11.7,902.0
2025-10-02T15:00,18.9,52,0.1,758.4,10.9,703.0
2025-10-02T16:00,17.9,55,0.1,757.5,12.2,454.0
2025-10-02T17:00,16.4,59,0.0,756.8,13.9,267.0
2025-10-02T18:00,14.4,65,0.0,756.5,12.2,50.0
2025-10-02T19:00,14.7,69,0.0,757.1,5.1,0.0
2025-10-02T20:00,13.4,79,0.0,757.2,3.9,0.0
2025-10-02T21:00,12.6,86,0.0,756.9,4.6,0.0
2025-10-02T22:00,11.5,91,0.0,757.1,4.1,0.0
2025-10-02T23:00,11.1,92,0.0,757.2,5.6,0.0
2025-10-03T00:00,10.5,94,0.0,756.5,3.8,0.0
2025-10-03T01:00,11.4,96,0.0,755.6,3.2,0.0
2025-10-03T02:00,11.5,94,0.0,756.1,5.5,0.0
2025-10-03T03:00,11.2,95,0.0,756.0,3.3,0.0
2025-10-03T04:00,10.5,96,0.0,755.2,2.6,0.0
2025-10-03T05:00,10.6,94,0.0,755.5,0.7,0.0
2025-10-03T06:00,10.7,93,0.0,756.2,0.8,2.0
2025-10-03T07:00,11.2,95,0.0,757.0,1.1,74.0
2025-10-03T08:00,13.2,85,0.0,758.3,1.4,327.0
2025-10-03T09:00,14.9,77,0.1,759.4,1.9,491.0
2025-10-03T10:00,16.4,70,0.2,759.9,5.6,664.0
2025-10-03T11:00,18.0,61,0.3,759.9,9.1,879.0
2025-10-03T12:00,19.3,55,0.1,759.0,10.4,940.0
2025-10-03T13:00,19.1,54,0.0,758.6,10.4,964.0
2025-10-03T14:00,18.9,55,0.9,758.1,12.9,847.0
2025-10-03T15:00,18.3,54,0.1,757.0,12.2,589.0
2025-10-03T16:00,17.9,55,0.1,756.9,11.2,510.0
2025-10-03T17:00,16.7,57,0.0,756.4,8.5,239.0
2025-10-03T18:00,14.8,64,0.0,756.1,6.7,38.0
2025-10-03T19:00,14.4,67,0.0,756.0,0.6,0.0
2025-10-03T20:00,13.0,75,0.0,755.9,2.0,0.0
2025-10-03T21:00,12.0,80,0.0,756.0,3.8,0.0
2025-10-03T22:00,11.2,87,0.0,755.9,3.6,0.0
2025-10-03T23:00,10.2,92,0.0,755.5,2.7,0.0
2025-10-04T00:00,9.6,93,0.0,754.7,2.0,0.0
2025-10-04T01:00,10.2,91,0.0,754.0,3.5,0.0
2025-10-04T02:00,9.4,93,0.0,753.7,2.4,0.0
2025-10-04T03:00,8.9,95,0.0,753.9,2.2,0.0
2025-10-04T04:00,8.7,96,0.0,753.8,4.5,0.0
2025-10-04T05:00,8.4,96,0.0,753.9,2.7,0.0
2025-10-04T06:00,8.7,94,0.0,754.7,2.2,3.0
2025-10-04T07:00,10.1,90,0.0,755.9,2.3,111.0
2025-10-04T08:00,12.5,81,0.1,758.1,2.5,291.0
2025-10-04T09:00,15.3,71,0.0,759.3,2.6,585.0
2025-10-04T10:00,17.1,64,0.0,759.4,2.8,659.0
2025-10-04T11:00,18.7,56,0.1,759.3,8.8,814.0
2025-10-04T12:00,19.3,52,0.0,758.4,12.6,787.0
2025-10-04T13:00,19.4,52,0.1,757.7,12.8,747.0
2025-10-04T14:00,19.7,52,0.2,756.9,12.0,777.0
2025-10-04T15:00,19.7,51,0.0,756.3,10.9,656.0
2025-10-04T16:00,19.2,52,0.0,755.8,11.2,463.0
2025-10-04T17:00,17.7,60,0.0,755.7,10.7,239.0
2025-10-04T18:00,15.7,71,0.0,755.5,8.3,36.0
2025-10-04T19:00,12.7,96,0.0,755.4,4.8,0.0
2025-10-04T20:00,12.4,99,0.0,755.8,1.3,0.0
2025-10-04T21:00,11.3,100,0.0,755.5,3.6,0.0
2025-10-04T22:00,11.3,97,0.0,756.0,4.7,0.0
2025-10-04T23:00,10.9,98,0.0,756.1,2.4,0.0
2025-10-05T00:00,10.2,100,0.0,755.2,1.6,0.0
2025-10-05T01:00,11.2,97,0.0,755.0,3.7,0.0
2025-10-05T02:00,10.8,98,0.0,755.0,2.9,0.0
2025-10-05T03:00,10.3,99,0.0,755.2,1.8,0.0
2025-10-05T04:00,9.9,100,0.0,755.0,0.6,0.0
2025-10-05T05:00,10.0,100,0.0,755.2,0.9,0.0
2025-10-05T06:00,9.7,100,0.1,755.2,2.8,2.0
2025-10-05T07:00,11.1,93,0.1,756.3,3.1,96.0
2025-10-05T08:00,13.8,85,0.1,758.4,1.8,397.0
2025-10-05T09:00,16.4,69,0.1,760.0,3.8,652.0
2025-10-05T10:00,18.0,61,0.0,760.2,6.1,745.0
2025-10-05T11:00,19.1,56,0.0,759.7,11.5,874.0
2025-10-05T12:00,19.3,54,0.0,759.0,11.2,867.0
2025-10-05T13:00,18.2,55,0.1,759.0,12.5,816.0
2025-10-05T14:00,19.1,52,0.2,758.4,11.5,786.0
2025-10-05T15:00,19.2,51,0.2,757.3,10.6,657.0
2025-10-05T16:00,18.6,53,0.0,756.4,10.8,463.0
2025-10-05T17:00,17.4,59,0.0,755.9,10.4,248.0
2025-10-05T18:00,15.2,69,0.0,755.3,11.1,45.0
2025-10-05T19:00,13.9,79,0.0,755.0,4.1,0.0
2025-10-05T20:00,13.1,84,0.0,755.5,6.3,0.0
2025-10-05T21:00,11.9,90,0.0,755.2,7.1,0.0
2025-10-05T22:00,11.0,93,0.0,755.2,4.6,0.0
2025-10-05T23:00,10.2,95,0.0,755.2,3.7,0.0
2025-10-06T00:00,9.4,97,0.0,754.2,3.2,0.0
2025-10-06T01:00,9.7,97,0.0,753.3,1.0,0.0
2025-10-06T02:00,9.2,97,0.0,752.8,4.2,0.0
2025-10-06T03:00,8.6,96,0.0,752.3,3.5,0.0
2025-10-06T04:00,8.5,96,0.0,752.7,3.5,0.0
2025-10-06T05:00,8.1,96,0.0,752.6,3.2,0.0
2025-10-06T06:00,8.1,95,0.0,753.5,1.5,3.0
2025-10-06T07:00,10.3,89,0.0,755.8,2.6,113.0
2025-10-06T08:00,13.0,79,0.0,757.9,2.5,353.0
2025-10-06T09:00,15.6,69,0.0,759.4,2.3,599.0
2025-10-06T10:00,17.4,60,0.1,759.9,3.7,680.0
2025-10-06T11:00,18.9,55,0.0,759.3,5.0,720.0
2025-10-06T12:00,19.1,56,0.1,758.8,4.0,884.0
2025-10-06T13:00,20.6,46,0.0,758.6,6.9,787.0
2025-10-06T14:00,20.0,47,0.1,757.7,7.7,717.0
2025-10-06T15:00,18.3,55,0.2,756.8,10.8,601.0
2025-10-06T16:00,17.1,60,0.1,756.0,9.5,338.0
2025-10-06T17:00,16.2,68,0.0,755.5,6.0,188.0
2025-10-06T18:00,14.9,82,0.0,755.2,2.6,35.0
2025-10-06T19:00,13.7,87,0.0,755.4,3.5,0.0
2025-10-06T20:00,12.7,91,0.0,755.6,2.8,0.0
2025-10-06T21:00,12.3,94,0.0,756.2,0.4,0.0
2025-10-06T22:00,10.9,100,0.0,755.5,1.2,0.0
2025-10-06T23:00,10.1,100,0.0,754.8,2.3,0.0
2025-10-07T00:00,9.6,100,0.0,754.2,2.8,0.0
2025-10-07T01:00,11.6,99,0.0,754.6,2.5,0.0
2025-10-07T02:00,11.1,99,1.2,754.7,4.0,0.0
2025-10-07T03:00,10.6,99,0.0,754.7,2.9,0.0
2025-10-07T04:00,10.7,98,0.0,754.9,1.3,0.0
2025-10-07T05:00,10.5,98,0.0,754.7,0.6,0.0
2025-10-07T06:00,10.7,96,0.0,755.3,0.3,1.0
2025-10-07T07:00,11.3,94,0.0,756.4,1.7,85.0
2025-10-07T08:00,12.4,89,0.0,757.5,4.6,164.0
2025-10-07T09:00,13.8,82,0.0,758.3,2.1,312.0
2025-10-07T10:00,16.5,66,0.0,759.4,4.0,650.0
2025-10-07T11:00,18.2,57,0.0,759.2,4.0,650.0
2025-10-07T12:00,18.5,55,0.1,758.5,4.0,661.0
2025-10-07T13:00,19.4,53,0.3,758.5,9.1,789.0
2025-10-07T14:00,16.9,65,1.1,757.2,10.7,505.0
2025-10-07T15:00,17.3,59,0.1,756.2,7.3,334.0
2025-10-07T16:00,17.7,56,0.1,756.1,6.1,419.0
2025-10-07T17:00,16.7,60,0.0,755.1,4.4,157.0
2025-10-07T18:00,15.0,73,0.0,754.5,3.5,37.0
2025-10-07T19:00,14.7,82,0.0,755.5,3.5,0.0
2025-10-07T20:00,13.0,90,0.0,755.1,2.2,0.0
2025-10-07T21:00,13.2,90,0.0,756.1,0.6,0.0
2025-10-07T22:00,12.3,94,0.0,755.8,0.0,0.0
2025-10-07T23:00,11.1,97,0.0,755.2,2.2,0.0
2025-10-08T00:00,10.5,99,0.0,754.3,2.7,0.0
2025-10-08T01:00,9.6,100,0.0,753.5,3.2,0.0
2025-10-08T02:00,8.8,100,0.0,752.4,2.3,0.0
2025-10-08T03:00,8.5,100,0.0,752.1,0.2,0.0
2025-10-08T04:00,8.1,99,0.0,752.2,1.9,0.0
2025-10-08T05:00,8.2,97,0.0,752.6,2.3,0.0
2025-10-08T06:00,8.2,97,0.0,753.3,0.9,2.0
2025-10-08T07:00,11.0,90,0.0,756.1,2.2,95.0
2025-10-08T08:00,12.7,84,0.1,757.8,1.0,213.0
2025-10-08T09:00,14.4,76,0.2,758.9,4.4,387.0
2025-10-08T10:00,15.5,69,0.4,759.3,6.0,479.0
2025-10-08T11:00,16.7,62,0.3,759.2,7.4,672.0
2025-10-08T12:00,17.2,60,0.2,758.6,7.8,673.0
2025-10-08T13:00,18.0,56,0.1,758.4,6.2,699.0
2025-10-08T14:00,16.7,63,0.0,757.3,10.9,456.0
2025-10-08T15:00,16.6,63,0.0,756.6,12.1,460.0
2025-10-08T16:00,16.0,65,0.1,756.1,9.8,233.0
2025-10-08T17:00,15.7,66,0.0,755.8,7.8,215.0
2025-10-08T18:00,14.4,73,0.0,755.3,7.0,35.0
2025-10-08T19:00,13.4,82,0.0,755.0,3.7,0.0
2025-10-08T20:00,12.9,81,0.0,755.1,2.1,0.0
2025-10-08T21:00,12.1,86,0.0,755.4,2.7,0.0
2025-10-08T22:00,11.5,91,0.0,755.1,3.7,0.0
2025-10-08T23:00,10.8,93,0.0,754.7,2.4,0.0
2025-10-09T00:00,11.3,90,0.0,754.9,3.1,0.0
2025-10-09T01:00,12.0,86,0.0,754.6,0.5,0.0
2025-10-09T02:00,11.4,88,0.0,754.4,1.5,0.0
2025-10-09T03:00,11.0,88,0.0,754.5,1.0,0.0
2025-10-09T04:00,10.3,90,0.0,754.2,2.5,0.0
2025-10-09T05:00,9.8,92,0.0,754.1,3.2,0.0
2025-10-09T06:00,8.8,95,0.0,754.1,1.4,3.0
2025-10-09T07:00,11.1,85,0.0,756.2,0.2,140.0
2025-10-09T08:00,13.9,74,0.0,758.2,1.3,418.0
2025-10-09T09:00,16.3,66,0.0,759.5,1.5,668.0
2025-10-09T10:00,17.8,60,0.1,759.9,3.1,738.0
2025-10-09T11:00,18.9,53,0.1,759.4,9.6,823.0
2025-10-09T12:00,19.2,52,0.1,758.6,10.6,696.0
2025-10-09T13:00,18.8,56,0.3,758.1,10.4,739.0
2025-10-09T14:00,17.6,65,6.4,756.9,6.2,456.0
2025-10-09T15:00,18.2,60,0.1,756.5,8.8,564.0
2025-10-09T16:00,18.0,58,0.1,755.8,9.9,377.0
2025-10-09T17:00,15.9,71,0.0,755.5,5.4,113.0
2025-10-09T18:00,14.4,82,0.0,755.8,1.5,27.0
2025-10-09T19:00,13.9,91,0.0,756.1,0.8,0.0
2025-10-09T20:00,13.1,94,0.0,756.7,6.2,0.0
2025-10-09T21:00,12.6,95,0.0,756.8,2.4,0.0
2025-10-09T22:00,12.4,96,0.0,756.8,3.2,0.0
2025-10-09T23:00,12.4,95,0.0,757.5,1.1,0.0
2025-10-10T00:00,11.9,97,0.0,756.7,2.8,0.0
2025-10-10T01:00,12.1,89,0.0,756.1,3.2,0.0
2025-10-10T02:00,11.8,89,0.0,755.7,2.8,0.0
2025-10-10T03:00,11.5,93,0.1,755.5,1.5,0.0
2025-10-10T04:00,11.3,96,0.5,755.7,0.9,0.0
2025-10-10T05:00,11.2,98,0.6,755.7,0.3,0.0
2025-10-10T06:00,11.2,98,0.7,756.3,2.3,2.0
2025-10-10T07:00,11.7,94,0.1,756.8,0.4,70.0
2025-10-10T08:00,13.5,83,0.0,758.5,2.6,248.0
2025-10-10T09:00,14.9,76,0.0,759.4,3.2,398.0
2025-10-10T10:00,17.7,61,0.0,760.4,4.9,748.0
2025-10-10T11:00,19.1,52,0.0,760.0,8.2,753.0
2025-10-10T12:00,18.5,54,0.2,758.9,8.4,645.0
2025-10-10T13:00,18.3,53,0.1,758.8,7.7,612.0
2025-10-10T14:00,18.4,55,0.1,758.3,1.8,580.0
2025-10-10T15:00,18.4,54,0.0,757.4,7.0,467.0
2025-10-10T16:00,17.2,60,0.0,756.5,2.1,278.0
2025-10-10T17:00,16.4,62,0.0,756.6,5.2,254.0
2025-10-10T18:00,14.1,80,0.0,756.2,6.4,30.0
2025-10-10T19:00,13.5,94,0.0,756.6,5.2,0.0
2025-10-10T20:00,13.0,95,0.0,756.7,4.1,0.0
2025-10-10T21:00,12.5,95,0.0,756.9,0.7,0.0
2025-10-10T22:00,12.6,94,0.0,757.4,0.8,0.0
2025-10-10T23:00,12.2,95,0.0,757.1,1.9,0.0
2025-10-11T00:00,11.6,96,0.0,756.5,2.1,0.0
2025-10-11T01:00,11.8,98,0.0,756.0,2.1,0.0
2025-10-11T02:00,11.2,100,0.1,755.9,6.6,0.0
2025-10-11T03:00,10.9,99,0.1,755.7,2.4,0.0
2025-10-11T04:00,10.7,99,0.0,755.6,2.2,0.0
2025-10-11T05:00,10.5,100,0.0,755.6,0.4,0.0
2025-10-11T06:00,10.6,100,0.0,756.1,1.6,2.0
2025-10-11T07:00,11.2,95,0.0,756.9,2.5,88.0
2025-10-11T08:00,13.4,85,0.0,758.1,3.3,366.0
2025-10-11T09:00,15.7,75,0.0,759.3,3.2,569.0
2025-10-11T10:00,17.9,64,0.0,759.8,2.5,790.0
2025-10-11T11:00,19.3,59,0.1,759.3,3.4,700.0
2025-10-11T12:00,17.0,69,4.1,758.1,3.1,564.0
2025-10-11T13:00,15.3,82,2.5,757.1,3.1,617.0
2025-10-11T14:00,16.6,68,0.8,757.2,1.5,450.0
2025-10-11T15:00,18.0,64,0.1,756.5,3.2,571.0
2025-10-11T16:00,16.4,70,0.8,755.9,4.9,303.0
2025-10-11T17:00,14.1,85,2.4,755.3,8.0,126.0
2025-10-11T18:00,12.9,94,0.4,755.4,3.1,21.0
2025-10-11T19:00,13.1,96,0.0,755.2,3.2,0.0
2025-10-11T20:00,12.3,98,0.0,755.2,2.0,0.0
2025-10-11T21:00,11.7,98,0.0,755.5,3.6,0.0
2025-10-11T22:00,11.7,98,0.0,755.7,1.5,0.0
2025-10-11T23:00,11.5,97,0.1,755.8,2.4,0.0
2025-10-12T00:00,11.1,98,0.0,755.0,2.2,0.0
2025-10-12T01:00,11.6,95,0.0,754.7,2.8,0.0
2025-10-12T02:00,10.9,98,0.0,754.6,2.8,0.0
2025-10-12T03:00,11.0,99,0.0,754.5,5.0,0.0
2025-10-12T04:00,10.2,100,0.0,754.2,0.7,0.0
2025-10-12T05:00,10.1,100,0.0,754.2,2.4,0.0
2025-10-12T06:00,10.2,99,0.0,754.8,2.9,2.0
2025-10-12T07:00,11.7,95,0.0,756.5,2.8,72.0
2025-10-12T08:00,12.9,89,0.0,757.6,2.2,170.0
2025-10-12T09:00,15.4,77,0.1,758.9,5.9,597.0
2025-10-12T10:00,16.7,71,0.0,759.2,6.8,637.0
2025-10-12T11:00,17.5,68,0.0,758.7,6.4,709.0
2025-10-12T12:00,19.4,60,0.1,758.3,4.7,772.0
2025-10-12T13:00,19.6,53,0.1,757.9,2.9,753.0
2025-10-12T14:00,15.2,75,7.9,756.6,13.4,495.0
2025-10-12T15:00,14.7,75,3.2,755.8,4.5,296.0
2025-10-12T16:00,14.9,76,0.1,755.1,1.5,283.0
2025-10-12T17:00,14.8,76,0.0,754.7,1.5,207.0
2025-10-12T18:00,13.7,82,0.0,754.6,0.7,33.0
2025-10-12T19:00,12.8,98,0.0,754.8,0.6,0.0
2025-10-12T20:00,11.8,98,0.0,754.3,3.0,0.0
2025-10-12T21:00,12.2,97,0.0,755.0,4.8,0.0
2025-10-12T22:00,11.5,97,0.0,754.7,3.2,0.0
2025-10-12T23:00,11.5,97,0.0,754.8,3.6,0.0
2025-10-13T00:00,11.5,95,0.1,754.9,5.6,0.0
2025-10-13T01:00,11.2,98,0.0,754.1,3.8,0.0
2025-10-13T02:00,10.5,97,0.2,753.5,6.9,0.0
2025-10-13T03:00,10.0,97,0.0,753.5,2.8,0.0
2025-10-13T04:00,9.8,97,0.0,753.9,6.0,0.0
2025-10-13T05:00,9.4,99,0.0,753.7,2.1,0.0
2025-10-13T06:00,8.2,100,0.0,753.2,0.9,4.0
2025-10-13T07:00,10.6,98,0.0,755.0,1.3,144.0
2025-10-13T08:00,12.3,92,0.0,757.3,2.6,190.0
2025-10-13T09:00,15.6,74,0.0,759.0,1.9,622.0
2025-10-13T10:00,17.7,62,0.0,759.4,1.6,799.0
2025-10-13T11:00,18.7,59,0.1,758.8,3.5,757.0
2025-10-13T12:00,18.9,58,0.0,757.6,6.9,778.0
2025-10-13T13:00,17.1,68,0.2,757.0,10.6,958.0
2025-10-13T14:00,16.7,68,3.0,756.2,11.4,745.0
2025-10-13T15:00,17.4,61,0.1,755.8,9.0,535.0
2025-10-13T16:00,15.4,70,0.1,755.4,11.2,368.0
2025-10-13T17:00,13.7,79,0.1,754.8,1.6,156.0
2025-10-13T18:00,13.6,81,0.0,755.3,0.8,22.0
2025-10-13T19:00,12.4,96,0.0,754.9,1.0,0.0
2025-10-13T20:00,12.1,97,0.0,755.1,0.2,0.0
2025-10-13T21:00,12.1,98,0.0,755.3,2.1,0.0
2025-10-13T22:00,11.8,98,0.0,755.3,0.5,0.0
2025-10-13T23:00,11.0,99,0.0,755.0,1.7,0.0
2025-10-14T00:00,10.8,100,0.0,754.9,1.2,0.0
2025-10-14T01:00,10.6,98,0.0,753.4,3.4,0.0
2025-10-14T02:00,10.2,98,0.0,753.7,3.5,0.0
2025-10-14T03:00,10.2,97,0.0,754.2,3.3,0.0
2025-10-14T04:00,10.5,98,0.3,754.1,1.4,0.0
2025-10-14T05:00,10.2,96,0.1,754.2,0.8,0.0
2025-10-14T06:00,10.1,97,0.0,754.3,1.0,2.0
2025-10-14T07:00,11.0,94,0.0,755.1,1.2,119.0
2025-10-14T08:00,13.5,83,0.0,756.9,1.1,420.0
2025-10-14T09:00,15.2,70,0.1,758.0,5.2,580.0
2025-10-14T10:00,16.3,63,0.0,758.3,7.8,592.0
2025-10-14T11:00,16.9,62,0.1,758.0,10.2,805.0
2025-10-14T12:00,17.0,62,0.1,756.9,11.5,796.0
2025-10-14T13:00,16.5,61,0.0,757.3,14.2,722.0
2025-10-14T14:00,16.4,61,0.0,756.4,12.5,610.0
2025-10-14T15:00,16.7,59,0.0,755.6,9.1,472.0
2025-10-14T16:00,16.4,59,0.0,754.7,8.3,437.0
2025-10-14T17:00,15.5,63,0.0,754.3,6.6,213.0
2025-10-14T18:00,14.1,75,0.0,754.1,4.6,28.0
2025-10-14T19:00,13.4,80,0.0,754.1,0.6,0.0
2025-10-14T20:00,11.8,86,0.0,753.5,3.1,0.0
2025-10-14T21:00,11.1,87,0.0,753.6,3.6,0.0
2025-10-14T22:00,10.2,91,0.0,753.5,3.4,0.0
2025-10-14T23:00,9.4,93,0.0,753.4,2.4,0.0
2025-10-15T00:00,8.8,96,0.0,752.7,1.4,0.0
2025-10-15T01:00,9.2,92,0.0,751.7,1.0,0.0
2025-10-15T02:00,8.8,93,0.0,752.0,1.1,0.0
2025-10-15T03:00,8.3,95,0.0,751.8,0.7,0.0
2025-10-15T04:00,8.0,95,0.0,751.4,1.5,0.0
2025-10-15T05:00,7.8,95,0.0,751.7,2.5,0.0
2025-10-15T06:00,7.8,96,0.0,752.7,1.2,4.0
2025-10-15T07:00,10.1,86,0.0,754.6,0.4,128.0
2025-10-15T08:00,13.5,73,0.0,757.1,2.0,413.0
2025-10-15T09:00,16.1,66,0.0,758.7,2.2,685.0
2025-10-15T10:00,17.9,60,0.0,758.8,7.2,811.0
2025-10-15T11:00,18.8,52,0.0,758.2,12.3,776.0
2025-10-15T12:00,19.7,50,0.2,757.4,10.0,967.0
2025-10-15T13:00,19.0,50,0.1,757.0,10.8,925.0
2025-10-15T14:00,19.4,51,0.0,756.3,11.4,893.0
2025-10-15T15:00,18.5,53,0.0,755.1,11.7,692.0
2025-10-15T16:00,17.1,64,0.0,754.3,9.2,425.0
2025-10-15T17:00,15.9,70,0.0,754.3,6.0,218.0
2025-10-15T18:00,14.6,84,0.0,754.0,1.6,27.0
2025-10-15T19:00,13.6,91,0.0,753.8,1.5,0.0
2025-10-15T20:00,12.2,94,2.3,753.7,2.4,0.0
2025-10-15T21:00,11.8,97,0.0,754.8,0.4,0.0
2025-10-15T22:00,11.5,98,0.0,755.1,2.2,0.0
2025-10-15T23:00,10.9,99,0.0,754.4,2.7,0.0
2025-10-16T00:00,11.2,99,0.0,754.5,0.7,0.0
2025-10-16T01:00,11.3,99,0.0,754.2,0.9,0.0
2025-10-16T02:00,10.8,100,0.0,753.4,3.1,0.0
2025-10-16T03:00,10.4,100,0.0,753.6,1.5,0.0
2025-10-16T04:00,10.8,98,0.3,754.1,3.4,0.0
2025-10-16T05:00,10.9,98,0.2,754.2,2.9,0.0
2025-10-16T06:00,10.6,99,0.7,754.6,2.7,2.0
2025-10-16T07:00,10.9,96,0.1,755.7,3.1,100.0
2025-10-16T08:00,13.1,83,0.0,757.3,2.0,303.0
2025-10-16T09:00,14.6,75,0.0,758.3,2.2,442.0
2025-10-16T10:00,16.4,67,0.0,758.7,3.6,513.0
2025-10-16T11:00,18.6,61,0.0,758.8,8.5,835.0
2025-10-16T12:00,19.6,57,0.0,758.0,9.4,923.0
2025-10-16T13:00,17.3,63,0.0,756.8,5.6,488.0
2025-10-16T14:00,18.2,61,0.1,756.2,4.3,692.0
2025-10-16T15:00,17.8,60,0.1,755.0,5.6,548.0
2025-10-16T16:00,17.6,62,0.0,754.8,4.8,443.0
2025-10-16T17:00,16.8,66,0.0,754.6,3.5,197.0
2025-10-16T18:00,15.3,79,0.0,754.5,3.1,26.0
2025-10-16T19:00,13.7,88,0.0,754.5,4.8,0.0
2025-10-16T20:00,12.4,96,0.0,754.3,2.4,0.0
2025-10-16T21:00,11.7,99,0.0,755.0,2.1,0.0
2025-10-16T22:00,11.4,99,0.0,755.2,4.8,0.0
2025-10-16T23:00,11.3,97,0.1,755.4,3.7,0.0
2025-10-17T00:00,11.7,95,0.0,755.5,2.8,0.0
2025-10-17T01:00,11.1,100,0.0,754.2,1.2,0.0
2025-10-17T02:00,11.0,99,0.8,753.7,1.8,0.0
2025-10-17T03:00,10.8,100,0.0,754.0,1.7,0.0
2025-10-17T04:00,10.8,99,0.5,754.3,2.2,0.0
2025-10-17T05:00,11.1,95,0.0,754.8,1.3,0.0
2025-10-17T06:00,10.8,98,0.0,755.3,0.4,2.0
2025-10-17T07:00,11.4,95,0.0,756.1,1.5,78.0
2025-10-17T08:00,13.3,86,0.0,757.7,2.6,266.0
2025-10-17T09:00,15.6,73,0.1,759.1,4.0,504.0
2025-10-17T10:00,17.0,67,0.0,759.4,4.9,632.0
2025-10-17T11:00,18.2,64,0.1,759.1,5.3,645.0
2025-10-17T12:00,17.6,66,0.1,757.9,7.7,515.0
2025-10-17T13:00,17.1,66,0.4,756.9,7.0,569.0
2025-10-17T14:00,17.0,69,1.8,756.4,7.3,544.0
2025-10-17T15:00,16.3,74,0.3,755.0,6.0,422.0
2025-10-17T16:00,16.6,71,0.2,754.9,7.4,391.0
2025-10-17T17:00,15.7,73,0.0,755.0,2.5,212.0
2025-10-17T18:00,13.9,88,0.3,754.9,5.9,27.0
2025-10-17T19:00,13.1,98,0.5,755.4,2.4,0.0
2025-10-17T20:00,13.2,86,2.7,756.2,0.2,0.0
2025-10-17T21:00,12.8,94,0.0,756.3,3.9,0.0
2025-10-17T22:00,12.0,97,0.1,756.4,3.5,0.0
2025-10-17T23:00,12.1,98,0.5,756.5,2.8,0.0
2025-10-18T00:00,12.0,98,1.3,756.2,2.2,0.0
2025-10-18T01:00,12.0,96,0.7,755.9,1.7,0.0
2025-10-18T02:00,11.7,96,0.2,755.1,1.9,0.0
2025-10-18T03:00,11.2,98,0.0,754.6,1.2,0.0
2025-10-18T04:00,10.8,100,0.1,754.4,1.6,0.0
2025-10-18T05:00,10.8,99,0.4,754.7,0.9,0.0
2025-10-18T06:00,10.9,98,1.1,755.3,1.4,2.0
2025-10-18T07:00,11.8,94,0.4,756.7,1.5,72.0
2025-10-18T08:00,14.1,82,0.1,758.6,2.4,419.0
2025-10-18T09:00,15.8,71,0.1,759.6,4.3,568.0
2025-10-18T10:00,17.3,62,0.0,760.0,7.3,751.0
2025-10-18T11:00,17.1,62,0.1,759.2,9.6,710.0
2025-10-18T12:00,18.3,58,0.1,758.7,9.7,694.0
2025-10-18T13:00,17.3,66,1.3,758.4,9.2,788.0
2025-10-18T14:00,17.4,62,0.0,757.5,11.6,630.0
2025-10-18T15:00,17.6,60,0.0,756.8,11.2,633.0
2025-10-18T16:00,17.2,60,0.0,756.2,12.2,426.0
2025-10-18T17:00,16.1,66,0.0,756.0,10.6,171.0
2025-10-18T18:00,14.6,74,0.0,756.0,9.2,25.0
2025-10-18T19:00,12.8,85,0.0,755.7,3.8,0.0
2025-10-18T20:00,12.2,89,0.0,756.2,5.6,0.0
2025-10-18T21:00,11.7,92,0.0,756.5,4.3,0.0
2025-10-18T22:00,11.0,94,0.0,756.2,3.5,0.0
2025-10-18T23:00,10.6,95,0.0,756.0,2.8,0.0
2025-10-19T00:00,9.8,98,0.0,755.3,3.1,0.0
2025-10-19T01:00,9.7,99,0.0,754.6,3.1,0.0
2025-10-19T02:00,9.3,97,0.0,753.8,3.1,0.0
2025-10-19T03:00,8.6,97,0.0,753.6,2.4,0.0
2025-10-19T04:00,8.2,99,0.0,753.9,1.5,0.0
2025-10-19T05:00,7.9,99,0.0,753.8,2.5,0.0
2025-10-19T06:00,8.0,98,0.0,754.6,3.4,4.0
2025-10-19T07:00,10.7,87,0.0,756.9,3.2,146.0
2025-10-19T08:00,13.8,73,0.0,758.9,2.7,413.0
2025-10-19T09:00,16.5,60,0.0,760.4,7.9,682.0
2025-10-19T10:00,18.1,50,0.0,760.6,10.6,807.0
2025-10-19T11:00,18.6,52,0.0,760.3,11.5,912.0
2025-10-19T12:00,19.0,52,0.0,759.6,12.2,936.0
2025-10-19T13:00,17.2,58,0.1,758.6,13.7,888.0
2025-10-19T14:00,17.6,57,0.0,757.8,13.3,664.0
2025-10-19T15:00,17.6,57,0.1,757.3,12.6,586.0
2025-10-19T16:00,16.7,61,0.1,756.4,11.7,288.0
2025-10-19T17:00,15.5,68,0.0,755.9,9.0,132.0
2025-10-19T18:00,14.1,75,0.0,755.9,6.4,16.0
2025-10-19T19:00,12.9,76,0.0,755.8,8.5,0.0
2025-10-19T20:00,11.5,86,0.0,756.1,4.3,0.0
2025-10-19T21:00,10.5,93,0.0,756.3,4.0,0.0
2025-10-19T22:00,10.6,94,0.0,756.5,2.4,0.0
2025-10-19T23:00,11.1,93,0.1,756.6,1.5,0.0
2025-10-20T00:00,11.1,92,0.0,756.3,1.3,0.0
2025-10-20T01:00,9.7,95,0.0,754.7,1.8,0.0
2025-10-20T02:00,9.7,96,0.0,754.4,0.6,0.0
2025-10-20T03:00,9.9,96,0.0,754.5,1.6,0.0
2025-10-20T04:00,10.4,94,0.0,754.9,1.9,0.0
2025-10-20T05:00,10.4,94,0.0,755.2,2.4,0.0
2025-10-20T06:00,10.0,95,0.0,755.4,0.7,3.0
2025-10-20T07:00,11.9,84,0.0,757.0,1.5,144.0
2025-10-20T08:00,14.5,70,0.0,759.3,0.4,408.0
2025-10-20T09:00,16.2,65,0.0,760.3,1.3,624.0
2025-10-20T10:00,16.7,62,0.0,760.2,2.7,572.0
2025-10-20T11:00,18.4,55,0.1,760.1,8.1,828.0
2025-10-20T12:00,19.7,49,0.1,759.3,11.2,865.0
2025-10-20T13:00,20.0,49,0.1,758.9,9.9,809.0
2025-10-20T14:00,19.9,48,0.2,757.6,9.9,781.0
2025-10-20T15:00,19.4,51,0.2,756.6,9.2,615.0
2025-10-20T16:00,18.5,54,0.1,755.8,8.6,410.0
2025-10-20T17:00,17.3,60,0.0,755.4,6.5,191.0
2025-10-20T18:00,14.9,74,0.0,755.2,7.1,29.0
2025-10-20T19:00,13.8,83,0.0,755.0,0.5,0.0
2025-10-20T20:00,13.6,83,0.0,756.0,2.3,0.0
2025-10-20T21:00,13.1,84,0.0,756.4,3.4,0.0
2025-10-20T22:00,12.1,89,0.0,756.0,3.6,0.0
2025-10-20T23:00,11.6,92,0.0,755.7,3.2,0.0
2025-10-21T00:00,11.0,94,0.0,755.4,4.0,0.0
2025-10-21T01:00,11.0,97,0.0,754.5,0.3,0.0
2025-10-21T02:00,10.5,99,0.0,753.8,3.1,0.0
2025-10-21T03:00,10.7,97,0.0,754.2,3.6,0.0
2025-10-21T04:00,10.6,98,0.0,754.2,3.8,0.0
2025-10-21T05:00,10.4,99,0.0,754.9,2.0,0.0
2025-10-21T06:00,10.0,99,0.0,755.1,3.3,3.0
2025-10-21T07:00,10.7,97,0.0,755.8,2.5,101.0
2025-10-21T08:00,13.3,82,0.0,758.0,2.5,363.0
2025-10-21T09:00,14.5,77,0.0,758.7,2.6,359.0
2025-10-21T10:00,16.5,68,0.0,759.4,2.2,577.0
2025-10-21T11:00,18.1,59,0.2,759.0,4.0,645.0
2025-10-21T12:00,19.4,56,0.3,758.0,5.8,838.0
2025-10-21T13:00,19.9,53,0.2,757.6,8.4,895.0
2025-10-21T14:00,19.1,54,0.1,756.3,9.9,566.0
2025-10-21T15:00,19.0,53,0.0,755.7,4.1,541.0
2025-10-21T16:00,18.1,56,0.0,755.1,2.3,352.0
2025-10-21T17:00,17.2,60,0.0,755.0,1.1,207.0
2025-10-21T18:00,15.0,75,0.0,754.6,3.4,26.0
2025-10-21T19:00,13.9,93,0.0,754.6,4.0,0.0
2025-10-21T20:00,12.9,96,0.0,755.2,0.7,0.0
2025-10-21T21:00,12.4,98,0.0,755.8,2.1,0.0
2025-10-21T22:00,11.9,100,0.0,756.0,2.8,0.0
2025-10-21T23:00,12.0,99,0.0,756.3,4.2,0.0
2025-10-22T00:00,11.7,99,0.0,755.8,1.6,0.0
2025-10-22T01:00,12.0,97,0.0,755.3,3.8,0.0
2025-10-22T02:00,11.7,98,0.0,754.7,2.6,0.0
2025-10-22T03:00,11.5,97,0.0,754.4,1.5,0.0
2025-10-22T04:00,11.6,95,0.0,754.5,1.4,0.0
2025-10-22T05:00,11.5,95,0.0,754.7,2.0,0.0
2025-10-22T06:00,11.3,97,0.0,755.3,0.4,2.0
2025-10-22T07:00,11.3,99,0.0,755.9,1.5,74.0
2025-10-22T08:00,13.5,86,0.0,757.8,2.7,280.0
2025-10-22T09:00,15.9,73,0.0,759.4,2.2,529.0
2025-10-22T10:00,18.1,59,0.0,759.7,3.2,752.0
2025-10-22T11:00,20.0,49,0.0,759.2,6.0,860.0
2025-10-22T12:00,20.8,46,0.1,758.4,6.7,880.0
2025-10-22T13:00,17.8,64,0.1,757.2,6.3,676.0
2025-10-22T14:00,19.2,54,0.0,756.9,7.0,578.0
2025-10-22T15:00,18.6,59,0.1,755.6,6.5,461.0
2025-10-22T16:00,18.1,60,0.1,755.4,6.9,445.0
2025-10-22T17:00,16.2,71,0.0,755.4,9.4,158.0
2025-10-22T18:00,15.0,79,0.0,755.5,1.5,14.0
2025-10-22T19:00,13.3,94,0.5,754.9,7.6,0.0
2025-10-22T20:00,12.5,97,0.0,755.4,3.2,0.0
2025-10-22T21:00,12.4,96,0.0,756.0,3.0,0.0
2025-10-22T22:00,12.1,96,0.0,756.3,1.2,0.0
2025-10-22T23:00,11.7,96,0.0,755.9,0.4,0.0
2025-10-23T00:00,10.9,98,0.0,754.9,1.3,0.0
2025-10-23T01:00,11.4,100,0.0,754.4,1.1,0.0
2025-10-23T02:00,10.9,100,0.0,753.6,2.4,0.0
2025-10-23T03:00,10.8,99,0.0,753.4,3.3,0.0
2025-10-23T04:00,10.6,98,0.0,753.6,2.4,0.0
2025-10-23T05:00,10.4,99,0.0,754.3,3.1,0.0
2025-10-23T06:00,10.5,99,0.0,755.3,2.3,2.0
2025-10-23T07:00,10.9,93,0.0,756.2,1.7,64.0
2025-10-23T08:00,13.4,86,0.0,758.0,1.3,374.0
2025-10-23T09:00,16.1,74,0.0,759.3,1.9,627.0
2025-10-23T10:00,18.7,60,0.0,760.0,4.0,826.0
2025-10-23T11:00,19.9,52,0.0,759.7,8.0,909.0
2025-10-23T12:00,20.4,50,0.1,758.8,10.8,915.0
2025-10-23T13:00,19.5,52,0.3,757.6,9.0,550.0
2025-10-23T14:00,19.5,51,0.0,757.0,4.7,725.0
2025-10-23T15:00,18.6,55,0.0,755.7,1.3,479.0
2025-10-23T16:00,17.5,65,0.0,755.4,11.4,446.0
2025-10-23T17:00,16.0,78,0.0,755.5,5.8,178.0
2025-10-23T18:00,14.3,89,5.7,755.4,3.1,14.0
2025-10-23T19:00,13.8,94,1.2,755.9,3.9,0.0
2025-10-23T20:00,13.8,94,0.5,756.7,2.3,0.0
2025-10-23T21:00,13.4,94,0.4,757.1,0.9,0.0
2025-10-23T22:00,13.2,96,0.1,757.3,1.7,0.0
2025-10-23T23:00,13.1,95,0.0,757.2,1.3,0.0
2025-10-24T00:00,12.6,98,0.1,756.5,2.8,0.0
2025-10-24T01:00,12.6,94,0.3,756.4,0.9,0.0
2025-10-24T02:00,12.3,95,0.5,755.4,4.0,0.0
2025-10-24T03:00,12.0,95,0.2,755.1,4.6,0.0
2025-10-24T04:00,11.9,95,0.2,755.1,2.2,0.0
2025-10-24T05:00,12.0,92,0.1,755.6,0.2,0.0
2025-10-24T06:00,11.8,95,0.1,755.9,0.7,3.0
2025-10-24T07:00,12.4,92,0.1,756.4,2.2,86.0
2025-10-24T08:00,14.6,83,0.0,757.8,3.9,406.0
2025-10-24T09:00,16.9,69,0.0,758.9,3.6,619.0
2025-10-24T10:00,18.7,57,0.0,759.3,7.8,789.0
2025-10-24T11:00,19.5,54,0.0,759.0,9.9,769.0
2025-10-24T12:00,18.0,61,0.1,757.4,13.1,532.0
2025-10-24T13:00,18.7,59,0.0,756.7,10.6,602.0
2025-10-24T14:00,19.1,59,0.1,756.0,9.3,612.0
2025-10-24T15:00,19.4,55,0.0,755.4,10.5,529.0
2025-10-24T16:00,18.1,59,0.0,754.8,10.2,313.0
2025-10-24T17:00,16.9,66,0.0,755.0,5.7,181.0
2025-10-24T18:00,14.7,80,0.2,755.2,4.7,19.0
2025-10-24T19:00,14.3,89,0.0,755.0,3.0,0.0
2025-10-24T20:00,13.8,90,0.0,755.6,0.7,0.0
2025-10-24T21:00,13.2,94,0.0,756.0,1.5,0.0
2025-10-24T22:00,12.5,95,0.0,756.0,2.3,0.0
2025-10-24T23:00,12.3,96,0.0,756.2,0.5,0.0
2025-10-25T00:00,11.9,99,0.0,755.6,2.3,0.0
2025-10-25T01:00,11.7,97,0.0,755.4,3.3,0.0
2025-10-25T02:00,11.4,95,0.0,754.8,2.4,0.0
2025-10-25T03:00,11.2,92,0.0,754.8,3.1,0.0
2025-10-25T04:00,11.1,93,0.0,754.7,0.9,0.0
2025-10-25T05:00,10.9,95,0.0,754.8,3.5,0.0
2025-10-25T06:00,10.7,97,0.0,755.3,3.7,2.0
2025-10-25T07:00,11.7,95,0.0,756.4,2.2,103.0
2025-10-25T08:00,13.7,86,0.0,758.2,3.1,270.0
2025-10-25T09:00,15.8,74,0.0,759.3,1.8,526.0
2025-10-25T10:00,17.8,63,0.1,759.6,0.9,748.0
2025-10-25T11:00,19.9,53,0.0,759.3,7.3,824.0
2025-10-25T12:00,18.7,57,0.1,758.0,8.9,684.0
2025-10-25T13:00,18.4,59,0.1,757.4,5.9,729.0
2025-10-25T14:00,19.9,53,0.0,756.8,7.3,732.0
2025-10-25T15:00,19.0,57,0.1,756.0,12.8,598.0
2025-10-25T16:00,18.1,61,0.0,755.4,4.2,295.0
2025-10-25T17:00,17.5,64,0.0,755.4,4.4,193.0
2025-10-25T18:00,15.6,78,0.0,754.7,0.6,24.0
2025-10-25T19:00,14.7,82,0.0,755.2,0.6,0.0
2025-10-25T20:00,13.8,86,0.0,755.8,3.8,0.0
2025-10-25T21:00,13.1,90,0.0,756.1,2.9,0.0
2025-10-25T22:00,13.0,91,0.0,756.6,3.8,0.0
2025-10-25T23:00,12.7,93,0.0,756.5,2.7,0.0
2025-10-26T00:00,12.0,96,0.0,755.9,2.5,0.0
2025-10-26T01:00,11.8,97,0.0,755.6,0.6,0.0
2025-10-26T02:00,11.1,100,0.0,754.5,1.5,0.0
2025-10-26T03:00,10.7,100,0.0,754.1,1.5,0.0
2025-10-26T04:00,10.2,100,0.0,753.9,2.7,0.0
2025-10-26T05:00,10.1,99,0.0,754.2,4.2,0.0
2025-10-26T06:00,9.8,100,0.0,754.8,3.0,3.0
2025-10-26T07:00,11.6,98,0.0,756.0,2.6,86.0
2025-10-26T08:00,13.7,87,0.1,757.7,2.2,283.0
2025-10-26T09:00,15.5,82,0.1,758.7,2.0,419.0
2025-10-26T10:00,18.1,72,0.0,759.3,2.0,769.0
2025-10-26T11:00,18.2,65,0.0,758.2,5.1,574.0
2025-10-26T12:00,19.3,63,0.0,757.8,7.8,808.0
2025-10-26T13:00,18.3,64,0.1,756.3,6.0,618.0
2025-10-26T14:00,19.0,61,0.1,755.5,8.3,663.0
2025-10-26T15:00,18.5,63,0.1,754.8,4.8,497.0
2025-10-26T16:00,18.1,64,0.0,754.1,5.0,277.0
2025-10-26T17:00,16.9,70,0.0,754.4,6.5,163.0
2025-10-26T18:00,15.4,80,0.0,754.3,7.3,18.0
2025-10-26T19:00,14.5,85,0.0,754.7,6.7,0.0
2025-10-26T20:00,14.2,87,0.0,755.3,6.2,0.0
2025-10-26T21:00,13.7,92,0.0,755.9,2.5,0.0
2025-10-26T22:00,13.5,90,0.0,756.5,3.1,0.0
2025-10-26T23:00,12.8,93,0.0,756.1,4.0,0.0
2025-10-27T00:00,12.5,95,0.0,755.2,2.5,0.0
2025-10-27T01:00,11.7,99,0.0,753.7,2.4,0.0
2025-10-27T02:00,10.7,100,0.0,752.5,2.7,0.0
2025-10-27T03:00,10.1,100,0.0,752.3,2.6,0.0
2025-10-27T04:00,10.0,100,0.0,752.7,1.8,0.0
2025-10-27T05:00,10.1,99,0.0,753.4,2.1,0.0
2025-10-27T06:00,10.1,99,0.0,754.1,2.4,3.0
2025-10-27T07:00,11.1,95,0.0,755.2,1.2,89.0
2025-10-27T08:00,13.5,84,0.0,757.1,1.8,350.0
2025-10-27T09:00,16.1,71,0.0,758.5,1.4,625.0
2025-10-27T10:00,18.0,63,0.0,758.8,2.5,681.0
2025-10-27T11:00,19.9,57,0.0,758.8,2.7,792.0
2025-10-27T12:00,20.6,54,0.0,757.8,4.5,786.0
2025-10-27T13:00,17.8,62,5.5,756.6,4.7,622.0
2025-10-27T14:00,17.0,65,4.0,755.7,3.6,411.0
2025-10-27T15:00,17.3,62,0.1,755.1,7.5,381.0
2025-10-27T16:00,17.1,66,0.1,754.9,4.8,354.0
2025-10-27T17:00,16.3,71,0.0,754.9,4.4,164.0
2025-10-27T18:00,15.1,81,0.0,754.4,1.6,22.0
2025-10-27T19:00,14.3,90,0.0,755.3,3.7,0.0
2025-10-27T20:00,13.7,93,0.1,755.6,0.4,0.0
2025-10-27T21:00,13.3,95,0.0,755.7,4.1,0.0
2025-10-27T22:00,13.0,96,0.0,756.1,6.0,0.0
2025-10-27T23:00,12.3,97,0.0,755.6,3.5,0.0
2025-10-28T00:00,11.8,99,0.0,755.0,3.2,0.0
2025-10-28T01:00,11.9,100,0.0,754.4,1.9,0.0
2025-10-28T02:00,11.3,100,0.0,754.0,3.1,0.0
2025-10-28T03:00,11.1,99,0.0,754.2,3.0,0.0
2025-10-28T04:00,10.6,99,0.0,754.3,3.0,0.0
2025-10-28T05:00,10.6,99,0.0,754.4,3.4,0.0
2025-10-28T06:00,10.4,99,0.0,755.0,3.3,3.0
2025-10-28T07:00,10.8,97,0.0,755.9,1.2,97.0
2025-10-28T08:00,13.9,83,0.0,758.6,1.0,396.0
2025-10-28T09:00,16.2,71,0.0,759.5,2.9,545.0
2025-10-28T10:00,17.5,63,0.1,759.7,3.8,702.0
2025-10-28T11:00,18.7,58,0.1,759.7,9.0,879.0
2025-10-28T12:00,19.5,54,0.1,758.9,10.7,808.0
2025-10-28T13:00,18.8,55,0.2,758.4,8.6,795.0
2025-10-28T14:00,18.8,56,0.1,757.6,8.1,536.0
2025-10-28T15:00,18.6,58,0.0,756.8,8.3,475.0
2025-10-28T16:00,18.2,59,0.0,756.5,9.5,347.0
2025-10-28T17:00,17.1,64,0.0,756.3,9.6,188.0
2025-10-28T18:00,15.3,74,0.0,755.9,9.9,24.0
2025-10-28T19:00,14.0,81,0.0,755.6,4.2,0.0
2025-10-28T20:00,13.0,87,0.0,756.1,2.7,0.0
2025-10-28T21:00,11.8,93,0.0,756.1,2.7,0.0
2025-10-28T22:00,10.5,99,0.0,756.0,3.7,0.0
2025-10-28T23:00,9.9,99,0.0,755.5,2.2,0.0
2025-10-29T00:00,9.4,99,0.0,755.4,1.7,0.0
2025-10-29T01:00,9.9,98,0.0,754.2,3.4,0.0
2025-10-29T02:00,9.2,98,0.0,753.6,0.8,0.0
2025-10-29T03:00,9.0,98,0.0,754.1,1.7,0.0
2025-10-29T04:00,8.8,96,0.0,754.2,3.6,0.0
2025-10-29T05:00,8.5,97,0.0,754.4,2.7,0.0
2025-10-29T06:00,8.5,97,0.0,755.0,3.8,3.0
2025-10-29T07:00,11.2,85,0.0,757.9,3.0,110.0
2025-10-29T08:00,12.8,82,0.2,759.5,1.3,226.0
2025-10-29T09:00,12.6,86,0.9,759.6,1.4,183.0
2025-10-29T10:00,13.8,82,0.9,759.9,2.9,352.0
2025-10-29T11:00,14.6,80,0.8,759.8,3.2,374.0
2025-10-29T12:00,13.9,89,1.2,758.3,3.2,259.0
2025-10-29T13:00,18.7,61,0.6,758.8,3.1,523.0
2025-10-29T14:00,19.9,54,0.0,758.6,6.0,799.0
2025-10-29T15:00,17.9,60,0.1,757.4,11.7,537.0
2025-10-29T16:00,17.2,63,0.0,756.8,10.6,288.0
2025-10-29T17:00,16.2,68,0.0,756.7,10.1,205.0
2025-10-29T18:00,14.4,77,0.0,756.5,8.6,27.0
2025-10-29T19:00,14.0,77,0.0,757.0,8.8,0.0
2025-10-29T20:00,13.3,85,0.0,757.4,3.4,0.0
2025-10-29T21:00,12.7,89,0.0,757.5,2.5,0.0
2025-10-29T22:00,12.1,91,0.0,757.5,3.7,0.0
2025-10-29T23:00,11.5,92,0.0,757.2,3.2,0.0
2025-10-30T00:00,11.1,94,0.0,756.8,1.7,0.0
2025-10-30T01:00,10.9,92,0.0,755.7,1.7,0.0
2025-10-30T02:00,11.3,91,0.0,755.6,2.8,0.0
2025-10-30T03:00,10.9,92,0.0,755.6,3.5,0.0
2025-10-30T04:00,10.3,93,0.0,755.3,3.1,0.0
2025-10-30T05:00,9.2,95,0.0,754.7,2.4,0.0
2025-10-30T06:00,9.2,93,0.0,754.8,2.0,4.0
2025-10-30T07:00,11.9,81,0.0,758.2,2.3,154.0
2025-10-30T08:00,14.4,70,0.0,759.8,1.0,371.0
2025-10-30T09:00,16.6,63,0.0,761.0,0.6,608.0
2025-10-30T10:00,18.3,56,0.1,761.3,4.0,765.0
2025-10-30T11:00,19.1,55,0.1,760.9,8.8,770.0
2025-10-30T12:00,18.8,55,0.1,759.7,8.9,623.0
2025-10-30T13:00,18.9,51,0.1,759.1,7.1,812.0
2025-10-30T14:00,20.1,47,0.1,758.3,8.1,788.0
2025-10-30T15:00,20.0,47,0.1,757.6,6.7,670.0
2025-10-30T16:00,18.9,52,0.0,756.8,8.8,425.0
2025-10-30T17:00,17.4,59,0.0,756.7,10.1,156.0
2025-10-30T18:00,15.7,68,0.0,756.7,9.1,23.0
2025-10-30T19:00,14.8,82,0.0,757.0,1.5,0.0
2025-10-30T20:00,13.8,83,0.0,757.4,5.6,0.0
2025-10-30T21:00,13.6,86,0.0,758.2,6.0,0.0
2025-10-30T22:00,12.3,93,0.0,757.9,5.1,0.0
2025-10-30T23:00,11.8,95,0.0,758.0,3.9,0.0
2025-10-31T00:00,11.1,96,0.0,757.1,4.5,0.0
2025-10-31T01:00,11.3,97,0.0,756.0,1.5,0.0
2025-10-31T02:00,10.4,99,0.0,754.8,2.8,0.0
2025-10-31T03:00,10.2,99,0.0,754.8,1.5,0.0
2025-10-31T04:00,10.8,98,0.0,755.4,1.1,0.0
2025-10-31T05:00,10.5,99,0.0,755.3,1.0,0.0
2025-10-31T06:00,10.0,100,0.0,755.4,1.1,2.0
2025-10-31T07:00,11.5,92,0.0,757.3,1.5,87.0
2025-10-31T08:00,13.1,86,0.0,758.7,2.2,232.0
2025-10-31T09:00,14.8,78,0.0,759.8,3.5,395.0
2025-10-31T10:00,16.3,68,0.1,760.0,2.7,537.0
2025-10-31T11:00,17.8,60,0.1,759.7,6.0,679.0
2025-10-31T12:00,18.5,56,0.0,758.8,8.4,628.0
2025-10-31T13:00,18.4,56,0.0,758.4,7.9,572.0
2025-10-31T14:00,18.3,56,0.1,757.5,10.5,475.0
2025-10-31T15:00,17.7,59,0.1,756.6,10.8,383.0
2025-10-31T16:00,16.9,62,0.1,755.9,10.8,265.0
2025-10-31T17:00,15.8,68,0.0,755.7,10.0,190.0
2025-10-31T18:00,14.2,77,0.0,755.5,7.3,25.0
2025-10-31T19:00,13.4,79,0.0,755.4,4.6,0.0
2025-10-31T20:00,12.5,84,0.0,756.1,7.2,0.0
2025-10-31T21:00,11.6,90,0.0,756.0,4.7,0.0
2025-10-31T22:00,10.9,92,0.0,756.0,2.3,0.0
2025-10-31T23:00,10.8,91,0.0,756.1,1.9,0.0
2025-11-01T00:00,10.5,92,0.0,755.4,3.7,0.0
2025-11-01T01:00,10.2,93,0.0,754.6,1.2,0.0
2025-11-01T02:00,9.8,93,0.0,754.5,3.2,0.0
2025-11-01T03:00,9.4,94,0.0,754.2,0.6,0.0
2025-11-01T04:00,9.0,93,0.0,753.7,2.8,0.0
2025-11-01T05:00,8.1,94,0.0,753.3,2.3,0.0
2025-11-01T06:00,8.0,94,0.0,753.9,2.8,3.0
2025-11-01T07:00,10.8,85,0.0,756.3,2.3,113.0
2025-11-01T08:00,13.6,72,0.0,758.5,2.2,413.0
2025-11-01T09:00,16.4,63,0.0,759.8,3.5,655.0
2025-11-01T10:00,19.2,49,0.0,760.4,4.2,835.0
2025-11-01T11:00,20.0,48,0.0,759.9,10.3,890.0
2025-11-01T12:00,19.6,50,0.1,759.0,11.7,847.0
2025-11-01T13:00,20.0,48,0.1,758.6,10.2,904.0
2025-11-01T14:00,20.0,47,0.1,757.6,8.6,799.0
2025-11-01T15:00,19.7,48,0.1,756.7,8.4,583.0
2025-11-01T16:00,18.9,53,0.0,756.1,8.0,400.0
2025-11-01T17:00,17.4,60,0.0,755.6,8.5,206.0
2025-11-01T18:00,15.1,74,0.0,755.1,6.9,28.0
2025-11-01T19:00,14.0,82,0.0,755.4,6.5,0.0
2025-11-01T20:00,12.9,87,0.0,755.6,7.3,0.0
2025-11-01T21:00,12.0,91,0.0,755.8,5.5,0.0
2025-11-01T22:00,11.3,91,0.0,755.6,4.8,0.0
2025-11-01T23:00,10.7,93,0.0,755.2,3.1,0.0
2025-11-02T00:00,10.0,94,0.0,754.8,3.1,0.0
2025-11-02T01:00,10.4,94,0.0,754.2,2.2,0.0
2025-11-02T02:00,10.2,94,0.0,754.2,3.1,0.0
2025-11-02T03:00,9.6,95,0.0,753.5,1.5,0.0
2025-11-02T04:00,9.1,95,0.0,753.2,4.3,0.0
2025-11-02T05:00,8.8,95,0.0,753.6,2.4,0.0
2025-11-02T06:00,8.5,96,0.0,754.1,2.2,3.0
2025-11-02T07:00,12.1,85,0.0,756.8,3.1,147.0
2025-11-02T08:00,14.7,74,0.0,758.9,3.6,342.0
2025-11-02T09:00,17.2,62,0.0,760.1,6.0,573.0
2025-11-02T10:00,19.1,52,0.0,760.3,6.6,670.0
2025-11-02T11:00,20.2,48,0.0,760.0,8.8,832.0
2025-11-02T12:00,20.6,49,0.0,759.3,8.7,809.0
2025-11-02T13:00,19.8,51,0.0,758.9,6.8,940.0
2025-11-02T14:00,20.5,49,0.0,758.2,8.0,795.0
2025-11-02T15:00,20.2,49,0.0,757.0,10.3,616.0
2025-11-02T16:00,19.5,52,0.0,756.6,10.0,427.0
2025-11-02T17:00,18.1,58,0.0,756.1,9.5,197.0
2025-11-02T18:00,16.1,72,0.0,756.0,5.5,24.0
2025-11-02T19:00,14.5,73,0.0,756.1,9.4,0.0
2025-11-02T20:00,13.4,82,0.0,756.1,5.3,0.0
2025-11-02T21:00,12.5,86,0.0,756.3,6.8,0.0
2025-11-02T22:00,11.8,91,0.0,756.1,4.0,0.0
2025-11-02T23:00,11.2,94,0.0,755.8,1.5,0.0
2025-11-03T00:00,10.6,94,0.0,755.4,4.5,0.0
2025-11-03T01:00,11.2,90,0.0,754.9,3.4,0.0
2025-11-03T02:00,11.2,90,0.0,754.6,2.7,0.0
2025-11-03T03:00,10.1,94,0.0,753.8,1.9,0.0
2025-11-03T04:00,9.6,95,0.0,753.6,2.5,0.0
2025-11-03T05:00,9.2,95,0.0,753.8,2.7,0.0
2025-11-03T06:00,8.7,97,0.0,754.3,3.6,4.0
2025-11-03T07:00,11.6,85,0.0,756.5,3.2,130.0
2025-11-03T08:00,14.7,73,0.0,759.2,1.5,348.0
2025-11-03T09:00,16.8,66,0.0,760.2,1.5,545.0
2025-11-03T10:00,18.5,59,0.2,760.6,3.2,722.0
2025-11-03T11:00,20.4,51,0.1,760.4,6.4,834.0
2025-11-03T12:00,21.7,42,0.1,759.6,7.0,852.0
2025-11-03T13:00,20.5,43,0.0,758.8,4.9,697.0
2025-11-03T14:00,19.3,51,0.1,758.0,9.3,764.0
2025-11-03T15:00,18.1,56,0.1,756.7,6.8,550.0
2025-11-03T16:00,17.7,59,0.1,756.2,6.9,345.0
2025-11-03T17:00,16.8,67,0.0,756.0,7.8,189.0
2025-11-03T18:00,15.0,81,0.0,755.9,8.1,22.0
2025-11-03T19:00,14.6,82,0.0,756.8,5.9,0.0
2025-11-03T20:00,14.4,89,0.0,757.7,2.0,0.0
2025-11-03T21:00,13.2,91,0.2,757.5,2.2,0.0
2025-11-03T22:00,12.4,96,0.1,757.1,1.5,0.0
2025-11-03T23:00,12.6,97,0.0,757.1,2.9,0.0
2025-11-04T00:00,12.5,98,0.1,756.8,3.6,0.0
2025-11-04T01:00,12.9,97,0.0,756.5,0.8,0.0
2025-11-04T02:00,12.2,99,0.1,755.5,2.8,0.0
2025-11-04T03:00,11.5,100,0.0,754.9,2.2,0.0
2025-11-04T04:00,11.8,99,0.0,755.1,3.9,0.0
2025-11-04T05:00,11.7,99,0.0,755.7,5.2,0.0
2025-11-04T06:00,11.1,97,0.0,756.2,4.0,2.0
2025-11-04T07:00,11.4,92,0.0,756.9,3.9,117.0
2025-11-04T08:00,14.2,76,0.0,759.5,1.0,319.0
2025-11-04T09:00,16.9,65,0.0,760.9,1.3,631.0
2025-11-04T10:00,18.9,54,0.1,761.4,2.5,846.0
2025-11-04T11:00,20.5,46,0.1,761.1,3.5,916.0
2025-11-04T12:00,21.6,42,0.1,760.1,2.3,823.0
2025-11-04T13:00,21.9,43,0.1,759.8,6.7,964.0
2025-11-04T14:00,18.5,57,0.4,758.2,13.1,666.0
2025-11-04T15:00,18.3,63,0.5,757.6,3.8,529.0
2025-11-04T16:00,17.5,62,0.0,756.9,4.7,306.0
2025-11-04T17:00,17.1,62,0.0,756.5,3.0,185.0
2025-11-04T18:00,15.8,72,0.0,756.5,3.9,23.0
2025-11-04T19:00,14.0,86,0.0,756.9,1.3,0.0
2025-11-04T20:00,13.6,90,0.0,757.4,0.8,0.0
2025-11-04T21:00,12.9,93,0.0,757.6,0.5,0.0
2025-11-04T22:00,12.8,95,0.0,757.9,1.0,0.0
2025-11-04T23:00,12.3,97,0.0,757.4,3.1,0.0
2025-11-05T00:00,11.6,99,0.0,756.7,5.7,0.0
2025-11-05T01:00,11.5,99,0.0,756.1,2.6,0.0
2025-11-05T02:00,10.9,99,0.0,755.1,3.7,0.0
2025-11-05T03:00,10.6,98,0.0,755.0,4.1,0.0
2025-11-05T04:00,10.2,97,0.0,755.3,5.6,0.0
2025-11-05T05:00,10.4,93,0.0,756.3,4.5,0.0
2025-11-05T06:00,10.2,92,0.0,756.8,3.3,2.0
2025-11-05T07:00,11.5,91,0.0,757.7,1.0,71.0
2025-11-05T08:00,13.9,75,0.0,759.8,1.5,369.0
2025-11-05T09:00,16.5,62,0.0,761.2,0.5,635.0
2025-11-05T10:00,18.7,52,0.1,761.7,4.4,850.0
2025-11-05T11:00,20.4,45,0.1,761.4,7.0,816.0
2025-11-05T12:00,21.7,42,0.1,760.4,11.7,905.0
2025-11-05T13:00,20.5,46,0.1,760.2,11.5,872.0
2025-11-05T14:00,20.5,47,0.1,758.9,7.9,672.0
2025-11-05T15:00,20.2,48,0.1,758.0,7.6,583.0
2025-11-05T16:00,19.4,51,0.2,757.5,8.7,416.0
2025-11-05T17:00,17.8,56,0.2,757.2,9.0,177.0
2025-11-05T18:00,15.9,66,0.0,757.3,5.7,21.0
2025-11-05T19:00,14.7,82,0.0,757.4,2.6,0.0
2025-11-05T20:00,13.7,88,0.0,757.5,0.3,0.0
2025-11-05T21:00,12.6,91,0.0,757.4,1.9,0.0
2025-11-05T22:00,12.1,91,0.0,757.6,3.1,0.0
2025-11-05T23:00,11.6,93,0.0,757.4,3.7,0.0
2025-11-06T00:00,11.5,90,0.3,757.1,3.4,0.0
2025-11-06T01:00,11.7,93,0.7,756.7,3.2,0.0
2025-11-06T02:00,11.0,96,0.3,755.7,0.6,0.0
2025-11-06T03:00,10.6,96,0.1,755.1,1.1,0.0
2025-11-06T04:00,10.6,96,0.0,755.2,0.4,0.0
2025-11-06T05:00,10.7,97,0.0,755.7,1.2,0.0
2025-11-06T06:00,10.6,97,0.1,756.2,1.6,3.0
2025-11-06T07:00,10.7,95,0.5,757.1,0.3,50.0
2025-11-06T08:00,12.0,92,0.4,758.7,1.9,147.0
2025-11-06T09:00,13.0,87,0.3,759.7,3.1,218.0
2025-11-06T10:00,14.1,84,0.6,760.0,5.0,341.0
2025-11-06T11:00,15.6,79,0.2,760.0,7.4,553.0
2025-11-06T12:00,16.7,72,0.0,759.3,8.1,565.0
2025-11-06T13:00,18.8,62,2.0,759.5,4.5,564.0
2025-11-06T14:00,18.6,58,0.1,758.2,5.6,458.0
2025-11-06T15:00,16.4,70,3.8,756.8,3.4,388.0
2025-11-06T16:00,16.0,70,0.1,756.3,4.0,281.0
2025-11-06T17:00,14.5,78,2.1,755.6,3.8,99.0
2025-11-06T18:00,13.3,88,0.0,755.3,2.7,12.0
2025-11-06T19:00,14.7,77,0.0,756.0,5.1,0.0
2025-11-06T20:00,13.4,83,0.0,756.4,3.8,0.0
2025-11-06T21:00,12.2,92,0.0,756.6,2.9,0.0
2025-11-06T22:00,12.0,94,0.0,756.9,4.7,0.0
2025-11-06T23:00,11.1,95,0.0,756.1,3.8,0.0
2025-11-07T00:00,10.3,95,0.0,755.1,2.2,0.0
2025-11-07T01:00,10.6,96,0.0,754.6,0.6,0.0
2025-11-07T02:00,9.4,100,0.0,753.2,0.6,0.0
2025-11-07T03:00,8.2,100,0.0,752.4,1.5,0.0
2025-11-07T04:00,8.1,100,0.0,752.3,3.4,0.0
2025-11-07T05:00,8.1,97,0.0,753.1,3.6,0.0
2025-11-07T06:00,7.9,97,0.0,753.1,1.7,3.0
2025-11-07T07:00,10.7,89,0.0,755.5,1.7,125.0
2025-11-07T08:00,14.1,70,0.0,758.4,2.3,396.0
2025-11-07T09:00,16.8,61,0.0,759.8,1.3,636.0
2025-11-07T10:00,19.3,53,0.0,760.4,1.1,820.0
2025-11-07T11:00,21.1,47,0.0,760.1,0.4,945.0
2025-11-07T12:00,21.7,44,0.1,759.0,5.6,898.0
2025-11-07T13:00,21.9,39,0.1,758.6,8.8,821.0
2025-11-07T14:00,21.7,40,0.1,757.7,7.3,744.0
2025-11-07T15:00,21.0,43,0.2,756.6,7.9,568.0
2025-11-07T16:00,20.2,46,0.1,756.2,6.3,398.0
2025-11-07T17:00,17.9,59,0.1,755.2,6.6,174.0
2025-11-07T18:00,16.0,74,0.0,754.8,7.4,23.0
2025-11-07T19:00,14.9,91,0.0,754.8,0.5,0.0
2025-11-07T20:00,13.9,95,0.0,755.1,1.4,0.0
2025-11-07T21:00,12.6,99,0.0,755.1,2.4,0.0
2025-11-07T22:00,11.7,100,0.0,754.7,4.4,0.0
2025-11-07T23:00,11.0,100,0.0,754.1,3.1,0.0
2025-11-08T00:00,10.2,100,0.0,753.2,3.0,0.0
2025-11-08T01:00,10.4,100,0.0,752.5,2.0,0.0
2025-11-08T02:00,9.8,99,0.0,751.8,2.4,0.0
2025-11-08T03:00,9.4,97,0.0,751.9,2.5,0.0
2025-11-08T04:00,9.0,98,0.0,751.4,3.1,0.0
2025-11-08T05:00,8.3,98,0.0,751.7,3.0,0.0
2025-11-08T06:00,8.4,97,0.0,752.6,4.7,3.0
2025-11-08T07:00,11.8,82,0.0,755.1,2.6,107.0
2025-11-08T08:00,14.7,69,0.0,757.5,1.8,399.0
2025-11-08T09:00,17.2,61,0.0,758.9,1.9,635.0
2025-11-08T10:00,19.6,52,0.1,759.5,3.0,808.0
2025-11-08T11:00,21.1,47,0.0,759.1,5.7,897.0
2025-11-08T12:00,22.7,38,0.0,758.4,8.6,945.0
2025-11-08T13:00,22.5,38,0.0,758.0,11.0,861.0
2025-11-08T14:00,22.2,39,0.0,757.0,9.1,694.0
2025-11-08T15:00,21.0,42,0.0,756.0,8.2,552.0
2025-11-08T16:00,20.4,45,0.0,755.5,6.6,440.0
2025-11-08T17:00,18.7,54,0.0,755.1,7.4,196.0
2025-11-08T18:00,16.3,71,0.0,754.8,6.5,24.0
2025-11-08T19:00,15.0,88,0.0,755.0,3.1,0.0
2025-11-08T20:00,14.4,90,0.0,755.6,3.7,0.0
2025-11-08T21:00,13.4,94,0.0,755.6,1.9,0.0
2025-11-08T22:00,13.0,96,0.0,755.7,2.4,0.0
2025-11-08T23:00,12.3,98,0.0,755.3,4.3,0.0
2025-11-09T00:00,11.0,100,0.0,754.2,2.8,0.0
2025-11-09T01:00,12.0,99,0.0,754.8,3.8,0.0
2025-11-09T02:00,10.9,99,0.0,753.6,4.0,0.0
2025-11-09T03:00,10.8,98,0.0,753.6,3.0,0.0
2025-11-09T04:00,10.2,99,0.0,753.3,2.9,0.0
2025-11-09T05:00,9.8,100,0.0,753.5,3.6,0.0
2025-11-09T06:00,9.7,100,0.0,754.1,3.4,3.0
2025-11-09T07:00,11.9,89,0.0,755.6,2.1,118.0
2025-11-09T08:00,14.8,73,0.0,757.3,1.3,374.0
2025-11-09T09:00,18.4,55,0.0,759.1,7.8,627.0
2025-11-09T10:00,20.9,43,0.0,759.7,10.9,814.0
2025-11-09T11:00,20.9,46,0.1,759.4,12.5,947.0
2025-11-09T12:00,21.4,45,0.2,758.4,9.6,940.0
2025-11-09T13:00,20.3,47,0.2,757.7,10.3,844.0
2025-11-09T14:00,21.0,46,0.4,756.8,11.4,744.0
2025-11-09T15:00,20.1,49,0.2,756.0,12.1,536.0
2025-11-09T16:00,19.4,54,0.1,756.1,10.4,377.0
2025-11-09T17:00,17.9,59,0.0,756.0,10.2,195.0
2025-11-09T18:00,15.6,71,0.0,756.2,7.4,22.0
2025-11-09T19:00,14.7,78,0.0,756.5,5.2,0.0
2025-11-09T20:00,14.0,78,0.0,757.4,5.4,0.0
2025-11-09T21:00,13.0,82,0.0,757.2,7.9,0.0
2025-11-09T22:00,12.8,85,0.0,757.4,6.7,0.0
2025-11-09T23:00,12.5,86,0.0,756.9,6.0,0.0
2025-11-10T00:00,12.4,84,0.0,756.8,3.4,0.0
2025-11-10T01:00,12.2,94,0.0,755.7,3.5,0.0
2025-11-10T02:00,12.3,92,0.1,755.4,2.4,0.0
2025-11-10T03:00,12.2,90,0.2,755.4,3.2,0.0
2025-11-10T04:00,12.0,90,0.2,755.3,1.8,0.0
2025-11-10T05:00,11.6,92,0.2,755.8,1.1,0.0
2025-11-10T06:00,11.7,92,0.1,756.8,0.4,2.0
2025-11-10T07:00,12.5,86,0.1,757.5,3.2,93.0
2025-11-10T08:00,15.3,69,0.0,759.2,7.0,371.0
2025-11-10T09:00,17.0,58,0.0,760.2,7.7,496.0
2025-11-10T10:00,18.5,52,0.0,760.7,11.2,694.0
2025-11-10T11:00,19.1,49,0.1,760.6,14.0,779.0
2025-11-10T12:00,20.1,46,0.1,759.8,14.6,917.0
2025-11-10T13:00,19.8,48,0.0,759.4,10.1,891.0
2025-11-10T14:00,20.6,45,0.2,758.5,10.4,780.0
2025-11-10T15:00,20.6,45,0.0,757.5,11.8,658.0
2025-11-10T16:00,19.8,47,0.0,756.8,12.1,416.0
2025-11-10T17:00,17.8,54,0.0,756.3,13.0,205.0
2025-11-10T18:00,15.9,61,0.0,756.5,9.7,24.0
2025-11-10T19:00,15.5,72,0.0,756.9,2.7,0.0
2025-11-10T20:00,14.1,76,0.0,756.9,2.3,0.0
2025-11-10T21:00,13.2,80,0.0,757.2,4.3,0.0
2025-11-10T22:00,12.2,89,0.0,756.5,4.1,0.0
2025-11-10T23:00,11.5,95,0.0,756.3,3.2,0.0
2025-11-11T00:00,10.7,98,0.0,755.6,5.1,0.0
2025-11-11T01:00,11.2,96,0.0,755.0,0.8,0.0
2025-11-11T02:00,10.4,98,0.0,754.4,1.8,0.0
2025-11-11T03:00,10.2,99,0.0,754.4,4.7,0.0
2025-11-11T04:00,9.8,98,0.0,754.1,4.3,0.0
2025-11-11T05:00,9.5,97,0.0,754.3,4.8,0.0
2025-11-11T06:00,9.6,94,0.0,754.8,4.2,3.0
2025-11-11T07:00,11.3,82,0.0,756.5,0.4,112.0
2025-11-11T08:00,14.7,66,0.0,759.0,3.3,378.0
2025-11-11T09:00,17.1,56,0.0,760.2,1.7,595.0
2025-11-11T10:00,19.1,50,0.0,760.5,1.2,801.0
2025-11-11T11:00,20.4,46,0.1,760.0,3.1,807.0
2025-11-11T12:00,21.4,42,0.1,759.2,4.5,702.0
2025-11-11T13:00,21.8,39,0.0,758.7,6.0,716.0
2025-11-11T14:00,21.2,40,0.0,758.1,7.1,613.0
2025-11-11T15:00,20.1,48,0.0,756.9,9.3,517.0
2025-11-11T16:00,18.6,59,0.2,756.3,12.4,433.0
2025-11-11T17:00,16.9,69,0.0,755.7,11.1,166.0
2025-11-11T18:00,15.6,78,0.0,755.7,6.6,18.0
2025-11-11T19:00,15.3,85,0.0,756.6,4.0,0.0
2025-11-11T20:00,13.7,96,0.9,756.7,2.5,0.0
2025-11-11T21:00,14.1,92,0.2,757.5,1.5,0.0
2025-11-11T22:00,14.2,85,0.3,757.7,2.5,0.0
2025-11-11T23:00,13.6,95,0.1,757.0,3.7,0.0
2025-11-12T00:00,13.5,96,0.1,756.6,4.9,0.0
2025-11-12T01:00,12.6,95,0.0,755.9,4.2,0.0
2025-11-12T02:00,12.0,98,1.9,754.9,2.9,0.0
2025-11-12T03:00,11.4,99,0.0,754.9,1.5,0.0
2025-11-12T04:00,11.7,99,0.0,754.8,1.6,0.0
2025-11-12T05:00,11.7,99,0.0,755.4,1.8,0.0
2025-11-12T06:00,11.5,99,0.0,755.7,3.4,2.0
2025-11-12T07:00,11.5,95,0.0,756.3,2.0,95.0
2025-11-12T08:00,14.5,78,0.0,758.8,2.3,323.0
2025-11-12T09:00,17.0,64,0.0,759.9,3.6,548.0
2025-11-12T10:00,19.3,51,0.1,760.1,4.0,744.0
2025-11-12T11:00,20.9,44,0.1,759.6,4.0,809.0
2025-11-12T12:00,22.4,38,0.1,758.9,5.0,913.0
2025-11-12T13:00,22.1,39,0.0,758.3,9.2,797.0
2025-11-12T14:00,22.5,38,0.1,757.5,4.7,723.0
2025-11-12T15:00,19.8,50,0.2,756.2,9.6,451.0
2025-11-12T16:00,17.4,67,0.4,755.4,13.6,310.0
2025-11-12T17:00,16.1,74,0.8,755.2,7.8,153.0
2025-11-12T18:00,14.8,82,3.2,755.6,4.2,11.0
2025-11-12T19:00,14.6,85,0.3,755.9,1.6,0.0
2025-11-12T20:00,14.3,90,1.1,756.4,5.2,0.0
2025-11-12T21:00,13.3,96,0.3,756.1,2.4,0.0
2025-11-12T22:00,13.1,98,0.1,756.1,3.4,0.0
2025-11-12T23:00,13.0,95,0.0,756.1,3.6,0.0
2025-11-13T00:00,12.4,96,0.0,755.5,4.3,0.0
2025-11-13T01:00,12.2,97,0.0,754.9,4.4,0.0
2025-11-13T02:00,11.7,98,0.0,753.9,2.1,0.0
2025-11-13T03:00,11.3,96,0.0,753.6,2.7,0.0
2025-11-13T04:00,11.3,96,0.0,753.7,3.6,0.0
2025-11-13T05:00,11.1,98,0.0,754.0,1.0,0.0
2025-11-13T06:00,10.8,98,0.0,754.7,1.8,2.0
2025-11-13T07:00,11.6,93,0.0,756.1,1.4,106.0
2025-11-13T08:00,14.1,77,0.0,757.8,1.2,353.0
2025-11-13T09:00,16.9,63,0.0,759.2,3.4,584.0
2025-11-13T10:00,18.3,56,0.1,759.1,2.0,662.0
2025-11-13T11:00,20.0,49,0.1,758.7,5.6,817.0
2025-11-13T12:00,21.1,45,0.1,758.0,6.6,827.0
2025-11-13T13:00,19.4,53,0.4,757.6,10.0,766.0
2025-11-13T14:00,18.6,57,0.0,756.2,7.9,587.0
2025-11-13T15:00,19.4,53,0.1,755.9,3.2,502.0
2025-11-13T16:00,19.3,53,0.0,755.5,3.8,346.0
2025-11-13T17:00,17.0,60,0.1,755.3,6.5,206.0
2025-11-13T18:00,14.9,83,2.6,755.5,4.3,14.0
2025-11-13T19:00,14.3,93,0.1,756.0,4.1,0.0
2025-11-13T20:00,13.8,93,0.5,756.4,3.1,0.0
2025-11-13T21:00,13.4,97,0.0,756.7,4.6,0.0
2025-11-13T22:00,13.1,96,0.0,756.7,4.9,0.0
2025-11-13T23:00,12.7,95,0.0,756.1,3.8,0.0
2025-11-14T00:00,12.1,96,0.0,755.7,2.2,0.0
2025-11-14T01:00,12.1,99,0.0,755.0,5.4,0.0
2025-11-14T02:00,12.3,99,0.8,754.9,0.5,0.0
2025-11-14T03:00,12.0,97,0.7,754.8,3.5,0.0
2025-11-14T04:00,11.8,98,0.5,754.7,2.7,0.0
2025-11-14T05:00,11.9,97,0.1,755.0,2.1,0.0
2025-11-14T06:00,11.7,98,0.1,755.4,2.4,2.0
2025-11-14T07:00,12.6,96,0.1,756.3,2.9,93.0
2025-11-14T08:00,14.6,79,0.0,758.2,2.6,342.0
2025-11-14T09:00,16.1,69,0.0,759.0,2.4,492.0
2025-11-14T10:00,17.1,65,0.0,759.1,4.2,556.0
2025-11-14T11:00,18.0,63,0.1,758.8,6.6,604.0
2025-11-14T12:00,19.4,56,0.1,758.2,5.7,565.0
2025-11-14T13:00,17.9,58,0.1,757.6,6.9,422.0
2025-11-14T14:00,19.6,51,0.2,757.1,6.1,722.0
2025-11-14T15:00,19.9,48,0.0,756.1,3.5,524.0
2025-11-14T16:00,18.2,52,0.0,755.0,3.2,260.0
2025-11-14T17:00,16.2,64,0.0,754.9,8.0,165.0
2025-11-14T18:00,14.7,81,0.2,755.2,5.4,19.0
2025-11-14T19:00,14.3,89,0.0,755.7,3.4,0.0
2025-11-14T20:00,13.8,95,0.1,756.4,0.6,0.0
2025-11-14T21:00,13.8,92,0.4,756.9,0.7,0.0
2025-11-14T22:00,13.4,92,0.0,756.8,0.6,0.0
2025-11-14T23:00,13.2,93,0.0,756.3,0.6,0.0
2025-11-15T00:00,12.3,97,0.0,755.2,2.6,0.0
2025-11-15T01:00,12.3,93,0.0,754.6,1.0,0.0
2025-11-15T02:00,12.4,95,0.1,754.2,1.2,0.0
2025-11-15T03:00,12.1,97,0.0,753.6,2.7,0.0
2025-11-15T04:00,11.5,98,0.1,753.5,2.4,0.0
2025-11-15T05:00,11.4,98,0.1,754.1,3.5,0.0
2025-11-15T06:00,11.7,96,0.0,755.0,4.1,1.0
2025-11-15T07:00,12.1,89,0.0,755.9,4.0,68.0
2025-11-15T08:00,14.0,82,0.0,757.5,2.6,320.0
2025-11-15T09:00,16.4,71,0.0,758.5,2.9,582.0
2025-11-15T10:00,18.1,63,0.1,758.8,3.8,701.0
2025-11-15T11:00,18.5,61,0.1,758.2,5.4,526.0
2025-11-15T12:00,18.0,64,1.8,757.2,10.0,478.0
2025-11-15T13:00,14.8,77,7.9,756.0,4.5,471.0
2025-11-15T14:00,15.5,85,1.3,755.0,1.5,282.0
2025-11-15T15:00,17.0,73,0.8,755.1,1.4,414.0
2025-11-15T16:00,16.5,76,0.2,754.8,1.8,331.0
2025-11-15T17:00,14.5,86,4.5,754.4,4.5,109.0
2025-11-15T18:00,14.0,92,0.3,755.0,4.1,5.0
2025-11-15T19:00,13.7,90,2.5,755.3,2.2,0.0
2025-11-15T20:00,13.5,94,1.9,756.0,2.2,0.0
2025-11-15T21:00,13.4,95,0.1,756.4,2.0,0.0
2025-11-15T22:00,12.7,98,0.2,756.1,1.7,0.0
2025-11-15T23:00,12.4,97,0.2,755.7,2.2,0.0
2025-11-16T00:00,12.3,98,0.1,755.2,1.7,0.0
2025-11-16T01:00,12.7,98,0.1,754.9,4.6,0.0
2025-11-16T02:00,12.4,99,0.2,754.2,3.1,0.0
2025-11-16T03:00,12.3,99,0.7,754.0,5.4,0.0
2025-11-16T04:00,12.4,98,1.9,754.3,4.0,0.0
2025-11-16T05:00,12.4,97,2.0,754.7,0.9,0.0
2025-11-16T06:00,12.2,98,0.9,755.0,3.4,1.0
2025-11-16T07:00,12.7,94,0.5,756.6,5.4,34.0
2025-11-16T08:00,13.5,90,0.0,757.5,4.8,145.0
2025-11-16T09:00,14.8,84,0.0,758.4,3.6,321.0
2025-11-16T10:00,16.0,75,0.0,758.9,1.8,376.0
2025-11-16T11:00,17.3,68,0.0,758.7,0.9,424.0
2025-11-16T12:00,17.5,64,0.0,757.7,5.0,414.0
2025-11-16T13:00,18.3,60,0.0,757.3,2.3,464.0
2025-11-16T14:00,17.7,63,0.6,756.4,10.1,424.0
2025-11-16T15:00,16.2,73,3.1,755.3,7.7,457.0
2025-11-16T16:00,16.7,70,0.1,755.3,6.9,315.0
2025-11-16T17:00,15.4,75,0.3,755.2,7.4,155.0
2025-11-16T18:00,14.1,85,0.0,755.2,2.9,16.0
2025-11-16T19:00,13.5,93,0.0,755.7,1.3,0.0
2025-11-16T20:00,13.2,94,0.0,756.4,2.9,0.0
2025-11-16T21:00,12.7,96,0.0,756.9,3.1,0.0
2025-11-16T22:00,12.3,97,0.0,756.8,2.4,0.0
2025-11-16T23:00,11.8,98,0.0,756.6,1.9,0.0
2025-11-17T00:00,11.3,98,0.3,755.8,1.9,0.0
2025-11-17T01:00,12.4,92,0.0,755.9,1.3,0.0
2025-11-17T02:00,12.3,95,1.6,755.5,1.7,0.0
2025-11-17T03:00,12.2,98,0.8,755.1,2.2,0.0
2025-11-17T04:00,12.1,97,0.2,755.1,2.5,0.0
2025-11-17T05:00,11.8,97,0.0,755.3,2.2,0.0
2025-11-17T06:00,11.5,95,0.0,755.5,0.4,1.0
2025-11-17T07:00,12.4,97,0.0,757.0,3.9,71.0
2025-11-17T08:00,14.7,83,0.0,759.0,2.7,346.0
2025-11-17T09:00,15.9,75,0.0,759.7,2.8,382.0
2025-11-17T10:00,18.2,61,0.0,760.3,4.1,696.0
2025-11-17T11:00,19.5,55,0.0,760.0,5.2,678.0
2025-11-17T12:00,20.6,54,0.0,759.2,3.9,857.0
2025-11-17T13:00,20.4,51,0.0,758.8,4.0,793.0
2025-11-17T14:00,19.5,52,0.0,757.5,2.2,561.0
2025-11-17T15:00,18.5,56,0.1,756.5,5.2,429.0
2025-11-17T16:00,17.9,59,0.0,756.0,5.9,386.0
2025-11-17T17:00,16.8,67,0.0,755.9,7.9,194.0
2025-11-17T18:00,14.7,79,0.0,755.8,7.9,24.0
2025-11-17T19:00,13.7,92,0.0,756.1,2.1,0.0
2025-11-17T20:00,12.4,98,0.1,756.5,4.1,0.0
2025-11-17T21:00,12.3,98,0.1,757.4,1.5,0.0
2025-11-17T22:00,11.9,99,0.1,757.3,2.7,0.0
2025-11-17T23:00,11.5,99,0.0,756.9,1.7,0.0
2025-11-18T00:00,11.1,99,0.0,756.2,1.6,0.0
2025-11-18T01:00,11.0,100,0.0,755.4,1.6,0.0
2025-11-18T02:00,10.4,100,0.0,754.8,0.2,0.0
2025-11-18T03:00,10.5,100,0.0,754.6,0.4,0.0
2025-11-18T04:00,10.5,100,0.0,754.9,0.8,0.0
2025-11-18T05:00,10.4,100,0.0,755.4,1.0,0.0
2025-11-18T06:00,10.7,100,0.0,756.4,3.2,2.0
2025-11-18T07:00,11.3,96,0.0,757.4,3.3,71.0
2025-11-18T08:00,14.0,80,0.0,759.4,2.0,313.0
2025-11-18T09:00,16.4,70,0.0,760.6,4.8,516.0
2025-11-18T10:00,17.9,65,0.0,760.8,2.0,721.0
2025-11-18T11:00,19.3,62,0.0,760.3,3.1,912.0
2025-11-18T12:00,20.4,55,0.0,759.4,1.6,911.0
2025-11-18T13:00,20.9,43,0.1,759.1,3.7,813.0
2025-11-18T14:00,20.2,48,0.1,757.6,6.9,585.0
2025-11-18T15:00,18.9,57,0.1,756.6,10.4,513.0
2025-11-18T16:00,18.3,60,0.1,756.1,8.6,336.0
2025-11-18T17:00,17.1,67,0.1,756.2,5.5,144.0
2025-11-18T18:00,14.6,77,0.4,755.7,0.8,22.0
2025-11-18T19:00,13.8,86,0.2,756.4,6.0,0.0
2025-11-18T20:00,13.3,89,0.0,757.3,4.2,0.0
2025-11-18T21:00,13.1,91,0.0,757.8,4.3,0.0
2025-11-18T22:00,12.6,96,0.0,757.7,3.3,0.0
2025-11-18T23:00,12.5,95,0.0,757.4,2.4,0.0
2025-11-19T00:00,11.4,95,0.0,756.2,2.2,0.0
2025-11-19T01:00,11.7,99,0.0,755.9,5.1,0.0
2025-11-19T02:00,11.2,98,0.0,755.2,3.7,0.0
2025-11-19T03:00,10.8,100,0.0,754.7,2.0,0.0
2025-11-19T04:00,10.4,99,0.0,754.6,1.3,0.0
2025-11-19T05:00,10.3,99,0.0,754.7,0.9,0.0
2025-11-19T06:00,9.4,100,0.0,754.5,0.7,2.0
2025-11-19T07:00,11.5,94,0.0,756.5,2.7,107.0
2025-11-19T08:00,13.8,80,0.0,758.4,2.5,322.0
2025-11-19T09:00,16.1,68,0.0,759.6,3.2,543.0
2025-11-19T10:00,17.7,60,0.0,759.9,1.7,658.0
2025-11-19T11:00,18.7,56,0.0,759.4,3.6,695.0
2025-11-19T12:00,19.6,53,0.1,758.4,4.0,846.0
2025-11-19T13:00,20.1,50,0.1,757.6,5.8,829.0
2025-11-19T14:00,20.6,47,0.0,756.8,9.7,690.0
2025-11-19T15:00,19.6,52,0.1,756.1,9.6,563.0
2025-11-19T16:00,18.2,60,0.4,755.6,7.3,353.0
2025-11-19T17:00,15.1,79,0.8,755.2,4.6,128.0
2025-11-19T18:00,14.3,86,0.3,755.6,3.6,14.0
2025-11-19T19:00,13.8,90,0.2,755.4,5.6,0.0
2025-11-19T20:00,12.9,95,0.0,755.9,6.4,0.0
2025-11-19T21:00,12.3,97,0.0,756.0,5.7,0.0
2025-11-19T22:00,11.6,99,0.0,756.1,2.7,0.0
2025-11-19T23:00,11.4,100,0.0,756.1,4.4,0.0
2025-11-20T00:00,11.1,98,0.0,755.2,1.0,0.0
2025-11-20T01:00,11.7,97,0.1,754.7,2.6,0.0
2025-11-20T02:00,10.5,100,0.0,753.3,1.8,0.0
2025-11-20T03:00,10.1,100,0.0,752.6,2.3,0.0
2025-11-20T04:00,9.7,99,0.0,752.4,3.0,0.0
2025-11-20T05:00,9.2,99,0.0,752.7,2.4,0.0
2025-11-20T06:00,8.6,100,0.0,752.5,1.6,2.0
2025-11-20T07:00,10.8,96,0.0,755.0,0.4,98.0
2025-11-20T08:00,13.2,85,0.0,757.3,0.3,285.0
2025-11-20T09:00,15.5,72,0.0,758.5,2.1,541.0
2025-11-20T10:00,17.5,60,0.0,759.0,2.6,783.0
2025-11-20T11:00,18.7,54,0.1,758.6,2.4,808.0
2025-11-20T12:00,20.1,48,0.2,757.8,4.4,882.0
2025-11-20T13:00,19.9,52,0.1,757.5,4.7,870.0
2025-11-20T14:00,18.9,53,0.1,756.4,9.0,568.0
2025-11-20T15:00,17.0,62,0.0,755.3,12.5,351.0
2025-11-20T16:00,16.4,68,0.0,755.0,9.1,219.0
2025-11-20T17:00,16.0,72,0.0,755.2,6.1,157.0
2025-11-20T18:00,14.5,81,0.0,754.7,4.0,22.0
2025-11-20T19:00,13.6,88,0.0,754.6,5.4,0.0
2025-11-20T20:00,12.4,97,0.0,754.8,3.7,0.0
2025-11-20T21:00,11.3,100,0.0,754.5,3.3,0.0
2025-11-20T22:00,10.5,100,0.0,754.2,0.3,0.0
2025-11-20T23:00,10.5,99,0.0,754.0,1.8,0.0
2025-11-21T00:00,10.1,100,0.0,753.5,3.2,0.0
2025-11-21T01:00,10.3,100,0.0,753.7,2.4,0.0
2025-11-21T02:00,10.1,99,0.0,753.4,0.9,0.0
2025-11-21T03:00,10.0,99,0.0,753.5,2.0,0.0
2025-11-21T04:00,9.5,100,0.0,753.1,0.7,0.0
2025-11-21T05:00,9.0,100,0.0,753.4,1.8,0.0
2025-11-21T06:00,9.7,100,0.0,754.2,4.4,1.0
2025-11-21T07:00,10.7,95,0.0,755.7,6.6,72.0
2025-11-21T08:00,13.1,83,0.0,757.4,5.4,262.0
2025-11-21T09:00,16.2,69,0.0,759.0,4.3,566.0
2025-11-21T10:00,18.1,60,0.0,759.3,3.9,739.0
2025-11-21T11:00,19.5,54,0.1,758.9,3.5,863.0
2025-11-21T12:00,20.5,50,0.1,758.0,4.3,887.0
2025-11-21T13:00,16.8,71,0.5,756.5,11.5,878.0
2025-11-21T14:00,16.7,73,6.7,756.5,3.2,547.0
2025-11-21T15:00,16.8,69,0.1,755.3,4.5,339.0
2025-11-21T16:00,17.2,66,0.0,755.2,3.4,366.0
2025-11-21T17:00,16.3,71,0.0,754.7,2.7,163.0
2025-11-21T18:00,14.9,83,0.0,754.6,3.9,22.0
2025-11-21T19:00,13.7,94,0.0,754.1,1.7,0.0
2025-11-21T20:00,12.3,98,0.0,753.9,1.9,0.0
2025-11-21T21:00,11.4,100,0.0,753.9,2.2,0.0
2025-11-21T22:00,10.9,100,0.0,754.2,3.7,0.0
2025-11-21T23:00,10.9,100,0.0,754.4,2.3,0.0
2025-11-22T00:00,11.1,99,0.0,754.8,2.9,0.0
2025-11-22T01:00,11.1,99,0.0,754.2,2.4,0.0
2025-11-22T02:00,10.6,99,0.0,754.1,4.1,0.0
2025-11-22T03:00,10.8,98,0.0,753.8,3.8,0.0
2025-11-22T04:00,10.3,98,0.0,753.3,5.5,0.0
2025-11-22T05:00,10.3,98,0.0,754.1,5.1,0.0
2025-11-22T06:00,9.8,99,0.0,754.4,5.2,1.0
2025-11-22T07:00,11.2,95,0.0,755.8,3.1,84.0
2025-11-22T08:00,13.9,82,0.0,757.7,2.9,353.0
2025-11-22T09:00,16.4,67,0.0,758.8,5.0,537.0
2025-11-22T10:00,18.5,57,0.0,759.3,3.6,704.0
2025-11-22T11:00,19.5,52,0.0,758.8,2.7,819.0
2025-11-22T12:00,20.7,48,0.0,758.2,3.9,909.0
2025-11-22T13:00,21.4,42,0.0,757.9,7.6,885.0
2025-11-22T14:00,21.8,44,0.0,756.9,7.1,791.0
2025-11-22T15:00,21.8,44,0.0,755.8,2.3,605.0
2025-11-22T16:00,19.8,54,0.1,754.9,9.2,398.0
2025-11-22T17:00,16.8,79,0.3,754.3,13.4,174.0
2025-11-22T18:00,14.9,89,0.3,754.4,9.7,22.0
2025-11-22T19:00,14.3,94,0.1,755.1,5.6,0.0
2025-11-22T20:00,13.7,95,0.1,755.7,4.0,0.0
2025-11-22T21:00,13.1,97,0.0,755.8,1.6,0.0
2025-11-22T22:00,12.9,95,1.2,756.3,0.3,0.0
2025-11-22T23:00,13.0,95,1.5,756.3,3.2,0.0
2025-11-23T00:00,11.8,99,0.0,754.8,3.1,0.0
2025-11-23T01:00,12.6,98,0.0,754.8,4.8,0.0
2025-11-23T02:00,12.0,98,0.1,754.2,5.3,0.0
2025-11-23T03:00,11.7,99,0.3,753.8,3.8,0.0
2025-11-23T04:00,11.7,98,0.1,753.7,2.2,0.0
2025-11-23T05:00,11.4,97,0.0,753.7,1.3,0.0
2025-11-23T06:00,11.2,99,0.0,753.8,3.0,1.0
2025-11-23T07:00,12.5,99,0.0,754.9,3.4,65.0
2025-11-23T08:00,14.5,83,0.0,756.8,2.3,321.0
2025-11-23T09:00,16.4,70,0.0,758.1,4.8,531.0
2025-11-23T10:00,17.9,62,0.0,758.3,5.2,650.0
2025-11-23T11:00,19.4,57,0.0,758.1,3.2,782.0
2025-11-23T12:00,20.9,54,0.0,757.2,3.5,844.0
2025-11-23T13:00,20.0,55,0.0,756.7,7.4,833.0
2025-11-23T14:00,18.2,65,5.0,755.7,11.4,568.0
2025-11-23T15:00,15.8,81,0.1,754.4,9.6,311.0
2025-11-23T16:00,16.8,72,0.0,754.4,3.6,270.0
2025-11-23T17:00,16.0,76,0.0,754.4,5.1,140.0
2025-11-23T18:00,14.9,84,0.0,754.6,1.3,17.0
2025-11-23T19:00,13.7,92,3.7,755.1,3.2,0.0
2025-11-23T20:00,13.6,95,1.9,755.6,1.1,0.0
2025-11-23T21:00,13.3,96,0.0,756.0,4.3,0.0
2025-11-23T22:00,12.6,98,0.1,755.3,3.8,0.0
2025-11-23T23:00,12.8,99,0.0,755.4,2.4,0.0
2025-11-24T00:00,12.5,97,0.0,754.9,2.4,0.0
2025-11-24T01:00,12.1,96,0.0,754.5,5.5,0.0
2025-11-24T02:00,11.9,96,0.2,754.1,0.6,0.0
2025-11-24T03:00,11.4,98,0.3,753.7,2.4,0.0
2025-11-24T04:00,11.3,99,0.1,753.6,4.6,0.0
2025-11-24T05:00,11.4,99,0.2,754.1,2.3,0.0
2025-11-24T06:00,11.4,99,0.1,754.3,0.5,1.0
2025-11-24T07:00,12.4,93,0.0,755.6,3.5,59.0
2025-11-24T08:00,12.8,93,0.0,756.3,2.5,86.0
2025-11-24T09:00,15.5,78,0.0,757.6,1.1,531.0
2025-11-24T10:00,17.6,64,0.0,758.2,5.5,671.0
2025-11-24T11:00,18.6,56,0.0,758.1,5.6,665.0
2025-11-24T12:00,20.0,49,0.0,757.8,3.6,788.0
2025-11-24T13:00,19.8,49,0.0,757.2,8.6,604.0
2025-11-24T14:00,19.6,52,0.0,756.7,6.3,730.0
2025-11-24T15:00,17.0,65,0.0,755.2,9.0,333.0
2025-11-24T16:00,15.4,80,0.0,754.7,8.0,242.0
2025-11-24T17:00,14.9,80,0.3,754.6,5.9,117.0
2025-11-24T18:00,14.4,82,0.1,755.0,3.8,19.0
2025-11-24T19:00,13.7,93,0.0,754.5,3.1,0.0
2025-11-24T20:00,13.1,96,0.0,754.9,1.4,0.0
2025-11-24T21:00,12.7,98,0.0,755.1,2.6,0.0
2025-11-24T22:00,12.1,100,0.0,755.1,2.3,0.0
2025-11-24T23:00,12.1,98,0.0,755.2,1.0,0.0
2025-11-25T00:00,12.2,97,0.0,755.0,2.3,0.0
2025-11-25T01:00,12.4,98,0.0,754.6,5.0,0.0
2025-11-25T02:00,12.2,99,0.2,754.0,1.7,0.0
2025-11-25T03:00,11.6,100,0.2,753.4,0.5,0.0
2025-11-25T04:00,11.4,100,0.1,753.1,1.8,0.0
2025-11-25T05:00,10.9,99,0.0,753.2,2.6,0.0
2025-11-25T06:00,10.3,99,0.0,753.2,2.5,1.0
2025-11-25T07:00,12.6,89,0.0,755.7,2.0,91.0
2025-11-25T08:00,14.7,79,0.0,757.4,0.6,340.0
2025-11-25T09:00,16.9,70,0.1,758.3,3.3,598.0
2025-11-25T10:00,18.1,63,0.1,758.5,4.6,613.0
2025-11-25T11:00,19.9,57,0.0,758.5,7.8,745.0
2025-11-25T12:00,20.5,54,0.0,757.5,7.5,767.0
2025-11-25T13:00,20.5,52,0.0,757.5,7.8,718.0
2025-11-25T14:00,19.2,54,0.2,756.3,11.4,541.0
2025-11-25T15:00,18.8,57,0.0,755.3,10.5,473.0
2025-11-25T16:00,18.4,57,0.0,755.1,11.0,395.0
2025-11-25T17:00,17.4,61,0.0,754.9,6.7,139.0
2025-11-25T18:00,15.7,72,0.0,754.9,4.5,18.0
2025-11-25T19:00,13.7,81,0.0,755.0,3.3,0.0
2025-11-25T20:00,13.1,81,0.0,755.9,5.1,0.0
2025-11-25T21:00,12.5,87,0.0,756.0,3.5,0.0
2025-11-25T22:00,11.4,91,0.0,755.3,2.4,0.0
2025-11-25T23:00,10.5,94,0.0,754.5,2.2,0.0
2025-11-26T00:00,10.0,95,0.0,754.0,3.0,0.0
2025-11-26T01:00,9.9,94,0.0,752.8,3.0,0.0
2025-11-26T02:00,9.7,93,0.0,752.7,2.1,0.0
2025-11-26T03:00,9.6,94,0.0,752.7,2.3,0.0
2025-11-26T04:00,9.0,97,0.0,752.4,2.4,0.0
2025-11-26T05:00,9.2,97,0.0,752.7,1.8,0.0
2025-11-26T06:00,8.7,98,0.0,752.9,2.4,1.0
2025-11-26T07:00,11.4,89,0.0,755.0,3.3,93.0
2025-11-26T08:00,13.9,77,0.0,756.9,1.3,272.0
2025-11-26T09:00,16.5,66,0.0,758.0,6.9,484.0
2025-11-26T10:00,18.2,58,0.0,758.5,11.0,701.0
2025-11-26T11:00,18.6,59,0.0,758.2,11.4,744.0
2025-11-26T12:00,19.2,56,0.1,757.4,10.2,730.0
2025-11-26T13:00,19.4,55,0.0,756.8,9.8,812.0
2025-11-26T14:00,20.1,50,0.1,756.2,9.4,747.0
2025-11-26T15:00,20.2,49,0.0,755.4,8.6,590.0
2025-11-26T16:00,18.7,57,0.0,754.8,9.6,385.0
2025-11-26T17:00,17.0,66,0.0,754.2,8.5,190.0
2025-11-26T18:00,14.9,78,0.0,753.9,6.9,21.0
2025-11-26T19:00,14.3,82,0.0,754.7,9.7,0.0
2025-11-26T20:00,13.5,85,0.0,755.0,5.9,0.0
2025-11-26T21:00,12.7,88,0.0,755.1,3.4,0.0
2025-11-26T22:00,12.0,92,0.0,755.2,5.4,0.0
2025-11-26T23:00,11.7,90,0.0,755.3,5.9,0.0
2025-11-27T00:00,11.2,93,0.0,754.2,4.5,0.0
2025-11-27T01:00,11.5,95,0.0,753.6,2.7,0.0
2025-11-27T02:00,11.7,94,0.0,753.7,3.8,0.0
2025-11-27T03:00,11.2,95,0.0,753.0,2.3,0.0
2025-11-27T04:00,10.6,96,0.0,753.0,2.6,0.0
2025-11-27T05:00,10.3,97,0.0,752.5,2.0,0.0
2025-11-27T06:00,10.0,97,0.0,753.1,3.2,1.0
2025-11-27T07:00,11.9,95,0.0,755.2,3.1,99.0
2025-11-27T08:00,14.3,80,0.0,756.8,2.3,309.0
2025-11-27T09:00,16.7,67,0.0,757.6,4.9,521.0
2025-11-27T10:00,18.7,56,0.0,758.4,4.1,664.0
2025-11-27T11:00,20.0,50,0.0,757.8,3.6,716.0
2025-11-27T12:00,20.7,48,0.0,757.2,5.4,740.0
2025-11-27T13:00,19.7,52,0.2,756.6,11.2,692.0
2025-11-27T14:00,18.6,59,0.0,755.6,10.6,327.0
2025-11-27T15:00,18.6,59,0.1,755.4,7.2,355.0
2025-11-27T16:00,17.4,64,0.1,755.0,7.4,203.0
2025-11-27T17:00,16.1,74,0.1,755.0,5.6,79.0
2025-11-27T18:00,15.1,81,0.0,754.8,3.4,13.0
2025-11-27T19:00,14.6,83,0.0,755.2,1.0,0.0
2025-11-27T20:00,14.3,83,0.0,756.0,5.9,0.0
2025-11-27T21:00,13.5,85,0.0,756.6,5.7,0.0
2025-11-27T22:00,13.1,89,0.0,756.5,4.7,0.0
2025-11-27T23:00,12.8,92,0.0,755.7,3.6,0.0
2025-11-28T00:00,12.5,95,0.0,755.3,1.5,0.0
2025-11-28T01:00,12.3,95,0.0,754.6,1.0,0.0
2025-11-28T02:00,11.9,98,0.0,754.3,2.0,0.0
2025-11-28T03:00,11.3,97,0.0,753.9,4.1,0.0
2025-11-28T04:00,11.3,96,0.1,753.7,1.8,0.0
2025-11-28T05:00,11.3,95,0.1,754.2,1.2,0.0
2025-11-28T06:00,10.3,97,0.0,753.9,1.3,1.0
2025-11-28T07:00,11.9,95,0.0,755.6,2.8,77.0
2025-11-28T08:00,13.9,82,0.0,757.5,2.1,294.0
2025-11-28T09:00,15.3,74,0.0,757.8,2.8,318.0
2025-11-28T10:00,18.2,60,0.0,758.9,4.9,742.0
2025-11-28T11:00,19.6,55,0.0,758.6,3.7,856.0
2025-11-28T12:00,20.2,53,0.1,757.9,8.6,780.0
2025-11-28T13:00,18.0,59,0.2,756.8,11.4,625.0
2025-11-28T14:00,17.7,57,0.0,756.2,7.6,361.0
2025-11-28T15:00,16.2,66,0.4,755.1,7.7,228.0
2025-11-28T16:00,15.3,71,0.1,754.9,6.2,166.0
2025-11-28T17:00,14.7,77,0.1,755.0,3.4,73.0
2025-11-28T18:00,14.0,84,0.2,755.1,2.3,8.0
2025-11-28T19:00,13.0,89,0.2,755.5,3.2,0.0
2025-11-28T20:00,12.0,96,0.0,755.3,2.1,0.0
2025-11-28T21:00,11.7,96,0.0,755.1,1.6,0.0
2025-11-28T22:00,11.3,97,0.0,755.0,2.1,0.0
2025-11-28T23:00,10.8,96,0.0,754.4,2.1,0.0
2025-11-29T00:00,10.1,96,0.0,753.5,0.5,0.0
2025-11-29T01:00,10.2,99,0.0,752.9,0.7,0.0
2025-11-29T02:00,9.2,100,0.0,751.9,1.7,0.0
2025-11-29T03:00,9.0,100,0.0,752.1,1.8,0.0
2025-11-29T04:00,8.7,100,0.0,751.5,2.2,0.0
2025-11-29T05:00,8.0,100,0.0,751.5,1.5,0.0
2025-11-29T06:00,7.7,100,0.0,751.9,1.4,1.0
2025-11-29T07:00,11.5,88,0.0,755.1,1.3,97.0
2025-11-29T08:00,13.9,79,0.0,757.3,3.4,357.0
2025-11-29T09:00,16.0,68,0.0,758.3,3.7,534.0
2025-11-29T10:00,17.9,59,0.0,758.7,2.7,720.0
2025-11-29T11:00,19.1,58,0.0,758.4,2.2,794.0
2025-11-29T12:00,20.7,53,0.1,758.2,4.1,976.0
2025-11-29T13:00,16.5,74,0.1,756.7,8.0,620.0
2025-11-29T14:00,17.7,71,0.2,756.4,1.2,651.0
2025-11-29T15:00,17.7,68,0.4,755.9,2.8,423.0
2025-11-29T16:00,17.1,68,0.3,755.3,3.2,265.0
2025-11-29T17:00,15.0,83,6.0,754.6,6.0,119.0
2025-11-29T18:00,14.0,88,0.4,755.0,2.9,19.0
2025-11-29T19:00,13.8,97,0.0,755.4,4.2,0.0
2025-11-29T20:00,12.5,97,1.8,755.5,1.2,0.0
2025-11-29T21:00,12.2,99,0.0,755.5,0.9,0.0
2025-11-29T22:00,11.2,100,0.0,755.0,2.4,0.0
2025-11-29T23:00,11.3,100,0.0,755.3,4.0,0.0
2025-11-30T00:00,10.8,100,0.0,754.6,1.3,0.0
2025-11-30T01:00,10.9,99,0.0,754.2,2.0,0.0
2025-11-30T02:00,10.5,100,0.8,753.3,0.7,0.0
2025-11-30T03:00,10.7,99,0.2,753.4,0.5,0.0
2025-11-30T04:00,10.6,99,0.0,753.7,2.4,0.0
2025-11-30T05:00,10.4,100,0.0,753.9,3.0,0.0
2025-11-30T06:00,10.4,99,0.0,754.2,2.9,1.0
2025-11-30T07:00,10.6,98,0.0,755.0,2.8,79.0
2025-11-30T08:00,13.5,81,0.1,757.1,3.6,278.0
2025-11-30T09:00,15.5,78,0.0,758.1,1.0,480.0
2025-11-30T10:00,17.3,71,0.0,758.7,1.5,686.0
2025-11-30T11:00,19.4,61,0.1,758.3,1.2,758.0
2025-11-30T12:00,19.1,61,1.5,757.4,13.6,715.0
2025-11-30T13:00,17.2,70,4.2,756.6,3.5,463.0
2025-11-30T14:00,17.5,65,0.4,755.6,4.6,486.0
2025-11-30T15:00,15.3,79,3.5,754.5,10.2,395.0
2025-11-30T16:00,15.8,78,0.0,754.4,4.2,286.0
2025-11-30T17:00,15.3,78,0.1,754.2,3.5,119.0
2025-11-30T18:00,13.4,87,0.2,753.8,1.5,23.0
2025-11-30T19:00,13.9,92,0.0,754.6,0.7,0.0
2025-11-30T20:00,12.4,96,0.0,754.2,1.4,0.0
2025-11-30T21:00,11.7,98,0.0,754.2,0.5,0.0
2025-11-30T22:00,11.4,100,0.0,754.5,0.2,0.0
2025-11-30T23:00,10.8,100,0.0,754.2,0.4,0.0
2025-12-01T00:00,10.3,100,0.0,753.5,0.8,0.0
2025-12-01T01:00,10.0,100,0.3,753.2,2.9,0.0
2025-12-01T02:00,9.9,100,2.2,752.5,2.1,0.0
2025-12-01T03:00,10.0,100,0.0,752.8,3.1,0.0
2025-12-01T04:00,10.1,99,0.8,753.5,3.1,0.0
2025-12-01T05:00,10.1,99,1.9,753.8,4.1,0.0
2025-12-01T06:00,10.4,98,0.0,754.4,3.3,0.0
2025-12-01T07:00,10.9,96,0.0,755.0,2.4,65.0
2025-12-01T08:00,13.0,91,0.0,757.2,1.6,300.0
2025-12-01T09:00,15.6,76,0.0,758.4,2.7,559.0
2025-12-01T10:00,17.7,66,0.0,758.9,1.9,782.0
2025-12-01T11:00,19.4,59,0.0,758.5,4.5,909.0
2025-12-01T12:00,19.8,57,0.3,757.3,7.6,925.0
2025-12-01T13:00,17.2,73,2.1,756.6,7.5,837.0
2025-12-01T14:00,17.2,70,0.2,755.8,8.3,540.0
2025-12-01T15:00,15.8,76,1.5,754.7,8.6,407.0
2025-12-01T16:00,15.3,81,0.1,754.3,7.8,280.0
2025-12-01T17:00,14.9,80,0.0,753.8,5.9,155.0
2025-12-01T18:00,13.7,87,0.0,753.7,5.2,25.0
2025-12-01T19:00,13.0,95,0.0,753.7,3.6,0.0
2025-12-01T20:00,12.1,95,0.0,754.1,4.3,0.0
2025-12-01T21:00,12.0,98,0.0,754.6,5.2,0.0
2025-12-01T22:00,11.3,100,0.0,754.7,3.9,0.0
2025-12-01T23:00,11.3,100,0.0,755.1,2.9,0.0
2025-12-02T00:00,11.3,99,0.0,754.8,1.8,0.0
2025-12-02T01:00,11.3,100,0.0,754.0,1.5,0.0
2025-12-02T02:00,11.2,100,0.0,753.3,0.7,0.0
2025-12-02T03:00,11.2,100,0.0,753.3,1.5,0.0
2025-12-02T04:00,11.2,100,0.1,753.5,1.7,0.0
2025-12-02T05:00,10.9,100,0.0,753.8,1.6,0.0
2025-12-02T06:00,10.8,100,0.0,754.0,2.4,0.0
2025-12-02T07:00,11.0,98,0.0,755.0,1.8,80.0
2025-12-02T08:00,12.9,89,0.0,756.8,2.0,257.0
2025-12-02T09:00,15.4,77,0.1,758.3,3.3,516.0
2025-12-02T10:00,17.0,66,0.1,758.8,2.6,615.0
2025-12-02T11:00,18.7,64,0.0,758.7,4.0,729.0
2025-12-02T12:00,18.6,63,0.1,757.8,9.1,742.0
2025-12-02T13:00,17.3,63,0.6,757.0,6.2,514.0
2025-12-02T14:00,17.3,63,0.1,756.0,8.1,511.0
2025-12-02T15:00,17.6,60,0.1,755.5,9.6,548.0
2025-12-02T16:00,16.8,64,0.0,754.7,8.7,373.0
2025-12-02T17:00,14.9,76,0.0,754.7,8.5,159.0
2025-12-02T18:00,13.5,86,0.0,754.7,7.1,25.0
2025-12-02T19:00,13.4,91,0.0,755.2,6.3,0.0
2025-12-02T20:00,13.0,93,0.0,755.5,4.8,0.0
2025-12-02T21:00,12.4,95,0.0,755.9,5.6,0.0
2025-12-02T22:00,11.6,98,0.0,755.8,3.3,0.0
2025-12-02T23:00,10.9,100,0.0,755.2,0.6,0.0
2025-12-03T00:00,10.5,100,0.0,754.4,0.5,0.0
2025-12-03T01:00,11.2,99,0.0,754.1,2.6,0.0
2025-12-03T02:00,10.9,100,0.0,753.5,1.6,0.0
2025-12-03T03:00,10.8,100,0.0,753.6,2.7,0.0
2025-12-03T04:00,10.6,100,0.0,753.7,1.6,0.0
2025-12-03T05:00,10.3,100,0.0,754.2,2.3,0.0
2025-12-03T06:00,10.2,100,0.0,754.4,0.9,0.0
2025-12-03T07:00,10.6,97,0.0,755.4,1.8,57.0
2025-12-03T08:00,12.8,86,0.0,757.4,3.3,280.0
2025-12-03T09:00,15.9,73,0.0,758.9,1.4,560.0
2025-12-03T10:00,17.5,63,0.1,759.1,3.5,593.0
2025-12-03T11:00,19.1,55,0.0,759.1,8.0,843.0
2025-12-03T12:00,20.0,51,0.0,758.4,13.7,879.0
2025-12-03T13:00,20.3,49,0.0,757.8,14.4,876.0
2025-12-03T14:00,18.8,54,0.2,756.7,11.6,699.0
2025-12-03T15:00,17.8,60,0.2,755.7,10.0,451.0
2025-12-03T16:00,16.8,68,0.2,755.0,9.4,342.0
2025-12-03T17:00,15.8,73,0.0,755.0,7.8,170.0
2025-12-03T18:00,14.4,81,0.0,755.0,5.0,24.0
2025-12-03T19:00,13.7,87,0.0,755.4,3.6,0.0
2025-12-03T20:00,12.8,93,0.0,755.7,3.5,0.0
2025-12-03T21:00,11.8,98,0.0,755.6,0.8,0.0
2025-12-03T22:00,11.3,100,0.0,755.4,3.1,0.0
2025-12-03T23:00,10.9,100,0.0,755.0,2.7,0.0
2025-12-04T00:00,10.6,99,0.0,754.8,1.3,0.0
2025-12-04T01:00,10.9,100,0.0,754.4,1.5,0.0
2025-12-04T02:00,10.9,100,0.0,754.3,2.2,0.0
2025-12-04T03:00,10.6,100,0.0,753.9,1.0,0.0
2025-12-04T04:00,10.6,100,0.0,754.0,1.3,0.0
2025-12-04T05:00,10.4,100,0.0,754.2,4.9,0.0
2025-12-04T06:00,10.3,100,0.0,754.4,2.6,0.0
2025-12-04T07:00,10.1,100,0.0,754.9,2.7,64.0
2025-12-04T08:00,12.7,88,0.0,757.6,1.3,259.0
2025-12-04T09:00,15.5,76,0.0,758.5,1.7,559.0
2025-12-04T10:00,17.7,68,0.0,759.0,3.8,707.0
2025-12-04T11:00,18.9,64,0.0,758.5,5.4,799.0
2025-12-04T12:00,18.6,64,0.3,757.4,12.0,774.0
2025-12-04T13:00,16.2,75,1.9,755.9,4.1,587.0
2025-12-04T14:00,17.1,73,0.2,755.8,8.3,548.0
2025-12-04T15:00,16.3,77,0.1,755.1,7.7,411.0
2025-12-04T16:00,17.1,72,0.1,754.8,6.0,342.0
2025-12-04T17:00,15.8,75,0.4,754.9,5.1,130.0
2025-12-04T18:00,13.7,89,3.2,754.6,1.3,20.0
2025-12-04T19:00,13.9,94,0.8,755.2,1.8,0.0
2025-12-04T20:00,12.9,95,0.5,755.2,2.8,0.0
2025-12-04T21:00,12.5,97,0.0,755.5,0.3,0.0
2025-12-04T22:00,11.6,100,0.0,755.1,0.6,0.0
2025-12-04T23:00,11.1,99,0.9,754.9,2.1,0.0
2025-12-05T00:00,10.7,97,1.7,754.5,1.5,0.0
2025-12-05T01:00,10.9,96,0.1,754.6,1.6,0.0
2025-12-05T02:00,11.0,97,0.4,753.8,1.5,0.0
2025-12-05T03:00,11.5,98,0.3,753.9,2.5,0.0
2025-12-05T04:00,11.6,99,0.2,754.4,1.8,0.0
2025-12-05T05:00,11.6,98,0.2,754.6,1.1,0.0
2025-12-05T06:00,11.5,98,0.1,754.8,1.2,0.0
2025-12-05T07:00,11.0,100,0.4,755.3,1.5,38.0
2025-12-05T08:00,13.6,87,0.0,757.7,2.0,280.0
2025-12-05T09:00,15.3,80,0.0,758.4,2.7,423.0
2025-12-05T10:00,16.6,74,0.0,758.9,0.9,433.0
2025-12-05T11:00,16.3,73,0.0,758.3,1.8,363.0
2025-12-05T12:00,17.4,65,0.0,758.1,6.7,585.0
2025-12-05T13:00,17.0,72,0.3,757.2,5.2,341.0
2025-12-05T14:00,16.8,69,0.1,756.8,10.9,581.0
2025-12-05T15:00,17.1,67,0.0,756.2,4.5,438.0
2025-12-05T16:00,16.9,67,0.0,755.6,1.6,336.0
2025-12-05T17:00,15.1,72,1.1,755.3,1.6,115.0
2025-12-05T18:00,12.9,92,4.3,755.1,7.9,13.0
2025-12-05T19:00,13.1,90,0.2,754.9,1.1,0.0
2025-12-05T20:00,12.1,92,0.0,754.9,1.3,0.0
2025-12-05T21:00,12.3,94,0.0,755.6,3.3,0.0
2025-12-05T22:00,12.1,95,0.0,755.5,2.7,0.0
2025-12-05T23:00,12.0,95,0.0,755.3,0.6,0.0
2025-12-06T00:00,10.9,98,0.0,754.2,0.7,0.0
2025-12-06T01:00,11.0,98,0.0,754.5,1.7,0.0
2025-12-06T02:00,10.1,100,0.0,753.0,1.2,0.0
2025-12-06T03:00,9.9,100,0.0,752.8,2.9,0.0
2025-12-06T04:00,10.2,100,0.0,753.6,3.4,0.0
2025-12-06T05:00,10.2,99,0.0,754.0,0.4,0.0
2025-12-06T06:00,10.1,99,0.0,754.7,2.5,0.0
2025-12-06T07:00,9.9,99,0.0,754.9,2.8,55.0
2025-12-06T08:00,12.9,87,0.0,757.5,2.2,331.0
2025-12-06T09:00,15.3,77,0.0,758.9,3.7,575.0
2025-12-06T10:00,17.7,62,0.0,759.6,1.8,778.0
2025-12-06T11:00,19.3,54,0.0,759.6,4.2,891.0
2025-12-06T12:00,19.0,54,0.1,758.7,7.8,791.0
2025-12-06T13:00,16.8,72,1.8,757.9,12.7,685.0
2025-12-06T14:00,15.6,72,0.2,756.8,1.0,336.0
2025-12-06T15:00,16.9,70,0.1,756.5,3.6,494.0
2025-12-06T16:00,16.7,66,0.1,755.8,6.1,332.0
2025-12-06T17:00,15.6,71,0.0,755.3,6.8,141.0
2025-12-06T18:00,14.0,84,0.0,755.5,4.6,26.0
2025-12-06T19:00,13.0,91,0.0,754.9,0.2,0.0
2025-12-06T20:00,11.6,95,0.0,754.6,1.5,0.0
2025-12-06T21:00,10.5,100,0.0,754.1,0.7,0.0
2025-12-06T22:00,9.5,100,0.0,753.7,0.6,0.0
2025-12-06T23:00,9.2,100,0.0,753.6,0.6,0.0
2025-12-07T00:00,8.8,100,0.0,753.2,2.3,0.0
2025-12-07T01:00,10.3,100,0.0,754.1,2.1,0.0
2025-12-07T02:00,9.6,100,0.0,753.5,3.0,0.0
2025-12-07T03:00,9.2,100,0.0,752.9,3.1,0.0
2025-12-07T04:00,8.9,100,0.0,752.9,1.5,0.0
2025-12-07T05:00,8.1,100,0.0,753.0,2.5,0.0
2025-12-07T06:00,8.6,100,0.0,754.2,2.3,0.0
2025-12-07T07:00,10.1,95,0.0,755.6,2.8,66.0
2025-12-07T08:00,12.5,89,0.0,758.0,1.8,323.0
2025-12-07T09:00,15.2,76,0.0,759.3,2.0,583.0
2025-12-07T10:00,17.3,65,0.0,759.8,0.9,758.0
2025-12-07T11:00,19.0,60,0.0,759.7,5.0,895.0
2025-12-07T12:00,19.0,61,0.0,758.6,11.2,898.0
2025-12-07T13:00,17.5,65,2.4,757.7,3.3,722.0
2025-12-07T14:00,17.8,63,0.1,756.9,10.7,635.0
2025-12-07T15:00,15.5,77,2.3,756.1,8.3,363.0
2025-12-07T16:00,15.8,78,0.1,755.8,5.5,318.0
2025-12-07T17:00,14.9,81,0.1,755.6,4.0,178.0
2025-12-07T18:00,13.7,88,0.0,755.3,3.0,28.0
2025-12-07T19:00,13.2,91,0.0,755.8,0.6,0.0
2025-12-07T20:00,12.1,93,0.0,755.3,0.7,0.0
2025-12-07T21:00,11.2,95,0.0,755.5,0.5,0.0
2025-12-07T22:00,10.8,97,0.0,755.4,0.3,0.0
2025-12-07T23:00,11.0,97,0.0,755.5,0.5,0.0
2025-12-08T00:00,10.8,98,0.0,754.9,1.3,0.0
2025-12-08T01:00,10.7,100,0.0,754.1,0.6,0.0
2025-12-08T02:00,9.8,100,0.0,753.1,1.1,0.0
2025-12-08T03:00,9.5,100,0.0,752.9,1.6,0.0
2025-12-08T04:00,9.1,100,0.0,752.7,1.3,0.0
2025-12-08T05:00,8.5,100,0.0,752.8,0.0,0.0
2025-12-08T06:00,7.8,100,0.0,752.8,2.2,0.0
2025-12-08T07:00,9.4,100,0.0,754.8,2.4,98.0
2025-12-08T08:00,12.0,91,0.0,757.6,1.9,298.0
2025-12-08T09:00,14.7,77,0.0,758.7,2.4,589.0
2025-12-08T10:00,17.0,64,0.0,759.3,2.7,789.0
2025-12-08T11:00,18.9,55,0.1,759.2,4.5,916.0
2025-12-08T12:00,19.4,55,0.0,758.4,8.7,894.0
2025-12-08T13:00,19.1,53,0.0,757.7,8.0,836.0
2025-12-08T14:00,19.0,52,0.0,756.9,10.1,710.0
2025-12-08T15:00,17.6,60,0.2,756.2,8.2,505.0
2025-12-08T16:00,16.9,64,0.0,755.5,5.8,336.0
2025-12-08T17:00,16.1,68,0.1,755.5,6.1,202.0
2025-12-08T18:00,13.6,86,0.3,755.1,5.4,29.0
2025-12-08T19:00,13.8,94,0.1,755.8,1.2,0.0
2025-12-08T20:00,12.5,96,0.0,755.4,1.8,0.0
2025-12-08T21:00,11.7,99,0.0,755.1,1.4,0.0
2025-12-08T22:00,10.8,100,0.0,754.7,0.6,0.0
2025-12-08T23:00,10.1,100,0.0,753.8,1.0,0.0
2025-12-09T00:00,9.3,100,0.0,753.1,0.4,0.0
2025-12-09T01:00,10.6,96,0.0,753.7,0.2,0.0
2025-12-09T02:00,9.9,98,0.0,752.5,1.2,0.0
2025-12-09T03:00,9.4,100,0.5,752.4,0.8,0.0
2025-12-09T04:00,9.2,100,0.1,752.5,2.3,0.0
2025-12-09T05:00,9.3,100,0.1,753.1,3.8,0.0
2025-12-09T06:00,9.4,100,0.2,753.9,1.9,0.0
2025-12-09T07:00,10.0,98,0.4,754.8,1.7,58.0
2025-12-09T08:00,12.3,86,0.0,757.2,4.3,245.0
2025-12-09T09:00,14.5,78,0.0,758.4,3.4,457.0
2025-12-09T10:00,16.4,72,0.0,758.6,1.3,650.0
2025-12-09T11:00,18.4,65,0.0,758.6,4.0,903.0
2025-12-09T12:00,17.5,64,0.9,757.6,9.1,563.0
2025-12-09T13:00,17.4,63,2.0,756.7,1.7,520.0
2025-12-09T14:00,18.7,56,0.1,756.1,1.8,638.0
2025-12-09T15:00,19.6,50,0.1,755.6,5.1,608.0
2025-12-09T16:00,18.7,54,0.0,754.7,9.0,414.0
2025-12-09T17:00,17.1,66,0.0,754.4,8.3,188.0
2025-12-09T18:00,15.2,77,0.0,754.3,5.7,30.0
2025-12-09T19:00,14.0,89,0.0,754.4,0.4,0.0
2025-12-09T20:00,12.8,94,0.0,754.5,4.0,0.0
2025-12-09T21:00,11.5,96,0.0,754.0,4.2,0.0
2025-12-09T22:00,10.4,98,0.0,753.2,3.4,0.0
2025-12-09T23:00,9.4,100,0.0,753.0,1.7,0.0
2025-12-10T00:00,9.3,100,0.0,753.2,2.7,0.0
2025-12-10T01:00,9.8,100,0.0,753.0,1.3,0.0
2025-12-10T02:00,8.9,100,0.0,751.7,2.3,0.0
2025-12-10T03:00,8.9,97,0.0,751.9,1.8,0.0
2025-12-10T04:00,9.1,96,0.0,752.4,3.0,0.0
2025-12-10T05:00,8.4,98,0.0,752.4,1.8,0.0
2025-12-10T06:00,7.9,99,0.0,752.4,1.0,0.0
2025-12-10T07:00,9.9,95,0.0,754.4,1.4,89.0
2025-12-10T08:00,12.5,86,0.0,757.1,0.9,293.0
2025-12-10T09:00,15.2,73,0.0,758.1,3.3,541.0
2025-12-10T10:00,17.4,62,0.0,758.6,1.1,647.0
2025-12-10T11:00,18.5,57,0.0,758.3,2.4,716.0
2025-12-10T12:00,19.5,55,0.0,757.9,7.0,866.0
2025-12-10T13:00,19.2,55,0.0,757.3,11.7,854.0
2025-12-10T14:00,19.6,53,0.1,756.5,12.2,835.0
2025-12-10T15:00,18.8,57,0.1,755.4,11.4,608.0
2025-12-10T16:00,18.2,60,0.1,755.0,11.5,439.0
2025-12-10T17:00,17.0,67,0.1,754.6,9.1,227.0
2025-12-10T18:00,15.0,79,0.0,754.1,7.5,35.0
2025-12-10T19:00,13.6,85,0.0,754.1,6.3,0.0
2025-12-10T20:00,12.3,91,0.0,754.2,5.8,0.0
2025-12-10T21:00,11.4,93,0.0,754.5,2.6,0.0
2025-12-10T22:00,10.9,93,0.0,754.6,3.5,0.0
2025-12-10T23:00,10.6,93,0.0,754.4,2.8,0.0
2025-12-11T00:00,10.0,94,0.0,753.6,2.8,0.0
2025-12-11T01:00,9.8,97,0.0,752.7,1.6,0.0
2025-12-11T02:00,9.5,97,0.0,752.2,1.6,0.0
2025-12-11T03:00,8.7,98,0.0,751.6,1.6,0.0
2025-12-11T04:00,8.4,98,0.0,751.2,2.4,0.0
2025-12-11T05:00,7.9,99,0.0,751.1,2.0,0.0
2025-12-11T06:00,8.1,98,0.0,751.9,1.5,0.0
2025-12-11T07:00,10.8,90,0.0,754.3,2.3,72.0
2025-12-11T08:00,13.5,79,0.0,757.0,1.7,265.0
2025-12-11T09:00,15.5,72,0.0,758.3,2.7,497.0
2025-12-11T10:00,16.8,66,0.0,758.5,4.7,514.0
2025-12-11T11:00,18.5,60,0.0,758.5,6.3,741.0
2025-12-11T12:00,19.7,55,0.0,757.7,6.8,868.0
2025-12-11T13:00,19.2,55,0.0,757.3,10.5,742.0
2025-12-11T14:00,19.0,57,0.2,756.4,8.1,702.0
2025-12-11T15:00,18.8,58,0.1,755.5,6.9,618.0
2025-12-11T16:00,18.7,57,0.0,755.1,6.6,452.0
2025-12-11T17:00,17.7,62,0.0,754.7,6.2,239.0
2025-12-11T18:00,15.4,74,0.0,754.1,4.7,33.0
2025-12-11T19:00,14.1,82,0.0,754.4,5.0,0.0
2025-12-11T20:00,12.9,88,0.0,754.9,5.3,0.0
2025-12-11T21:00,11.7,92,0.0,755.0,7.0,0.0
2025-12-11T22:00,10.9,95,0.0,754.6,3.1,0.0
2025-12-11T23:00,10.6,96,0.0,754.3,4.7,0.0
2025-12-12T00:00,10.3,97,0.0,754.0,2.0,0.0
2025-12-12T01:00,10.5,94,0.0,753.1,2.5,0.0
2025-12-12T02:00,10.1,94,0.0,752.3,2.3,0.0
2025-12-12T03:00,9.6,95,0.0,751.8,1.6,0.0
2025-12-12T04:00,9.1,96,0.0,751.4,2.5,0.0
2025-12-12T05:00,8.9,95,0.0,751.9,1.8,0.0
2025-12-12T06:00,8.3,96,0.0,751.9,2.3,0.0
2025-12-12T07:00,10.4,92,0.0,754.2,3.2,78.0
2025-12-12T08:00,13.2,82,0.0,756.7,0.8,277.0
2025-12-12T09:00,15.9,68,0.0,758.1,4.3,494.0
2025-12-12T10:00,17.6,58,0.0,758.4,4.7,556.0
2025-12-12T11:00,18.4,56,0.0,757.8,7.4,643.0
2025-12-12T12:00,18.9,55,0.0,757.1,9.5,682.0
2025-12-12T13:00,17.9,60,0.0,756.8,11.5,677.0
2025-12-12T14:00,17.8,60,0.0,755.7,11.2,511.0
2025-12-12T15:00,17.7,61,0.1,755.0,11.7,466.0
2025-12-12T16:00,17.5,62,0.1,754.5,10.4,352.0
2025-12-12T17:00,16.6,69,0.0,754.0,8.0,174.0
2025-12-12T18:00,14.8,81,0.0,753.5,4.1,28.0
2025-12-12T19:00,13.5,84,0.0,753.5,7.1,0.0
2025-12-12T20:00,12.2,88,0.0,753.6,5.1,0.0
2025-12-12T21:00,11.1,94,0.0,753.6,3.3,0.0
2025-12-12T22:00,10.2,95,0.0,753.4,2.6,0.0
2025-12-12T23:00,9.5,97,0.0,753.0,1.8,0.0
2025-12-13T00:00,8.6,97,0.0,751.9,1.7,0.0
2025-12-13T01:00,9.1,99,0.0,752.0,0.6,0.0
2025-12-13T02:00,8.5,97,0.0,751.1,2.2,0.0
2025-12-13T03:00,7.8,95,0.0,750.4,2.3,0.0
2025-12-13T04:00,7.6,94,0.0,750.8,2.3,0.0
2025-12-13T05:00,7.2,94,0.0,750.9,2.3,0.0
2025-12-13T06:00,6.7,95,0.0,751.2,3.0,0.0
2025-12-13T07:00,9.5,84,0.0,754.1,3.5,91.0
2025-12-13T08:00,12.9,74,0.0,757.1,1.5,329.0
2025-12-13T09:00,15.7,66,0.0,758.3,0.7,591.0
2025-12-13T10:00,18.3,56,0.0,758.8,4.8,770.0
2025-12-13T11:00,19.7,49,0.0,758.5,7.9,853.0
2025-12-13T12:00,19.8,52,0.0,757.7,10.4,896.0
2025-12-13T13:00,19.2,53,0.1,757.5,11.1,854.0
2025-12-13T14:00,19.3,52,0.2,756.5,11.6,796.0
2025-12-13T15:00,19.2,52,0.1,755.7,12.9,686.0
2025-12-13T16:00,18.8,53,0.1,755.1,12.7,461.0
2025-12-13T17:00,17.3,61,0.0,754.4,11.4,233.0
2025-12-13T18:00,15.2,72,0.0,753.8,6.5,40.0
2025-12-13T19:00,14.4,78,0.0,754.2,1.1,0.0
2025-12-13T20:00,12.9,86,0.0,754.1,2.3,0.0
2025-12-13T21:00,11.4,93,0.0,753.9,1.9,0.0
2025-12-13T22:00,9.9,99,0.0,753.4,2.6,0.0
2025-12-13T23:00,9.3,100,0.0,753.1,1.4,0.0
2025-12-14T00:00,8.8,99,0.0,752.9,1.5,0.0
2025-12-14T01:00,8.4,100,0.0,752.0,0.9,0.0
2025-12-14T02:00,8.2,98,0.0,751.4,2.5,0.0
2025-12-14T03:00,7.9,98,0.0,751.4,2.3,0.0
2025-12-14T04:00,7.5,98,0.0,751.2,1.6,0.0
2025-12-14T05:00,7.5,97,0.0,751.4,1.7,0.0
2025-12-14T06:00,7.5,97,0.0,751.9,1.4,0.0
2025-12-14T07:00,10.0,84,0.0,754.4,1.3,84.0
2025-12-14T08:00,13.3,71,0.0,757.1,0.8,327.0
2025-12-14T09:00,15.5,66,0.0,758.2,1.7,555.0
2025-12-14T10:00,16.7,64,0.0,758.7,0.6,615.0
2025-12-14T11:00,17.8,61,0.1,758.6,3.7,742.0
2025-12-14T12:00,19.3,55,0.1,758.3,11.2,878.0
2025-12-14T13:00,19.8,50,0.0,757.9,13.0,870.0
2025-12-14T14:00,20.1,47,0.1,757.1,13.1,740.0
2025-12-14T15:00,18.7,55,0.2,756.2,12.9,564.0
2025-12-14T16:00,17.8,60,0.0,755.6,11.3,422.0
2025-12-14T17:00,16.6,65,0.0,755.5,8.5,198.0
2025-12-14T18:00,14.9,76,0.0,755.2,4.4,33.0
2025-12-14T19:00,14.5,80,0.0,755.4,0.8,0.0
2025-12-14T20:00,13.1,86,0.0,755.2,2.0,0.0
2025-12-14T21:00,11.7,91,0.0,754.9,0.9,0.0
2025-12-14T22:00,10.8,93,0.0,754.6,2.4,0.0
2025-12-14T23:00,9.8,96,0.0,753.7,2.1,0.0
2025-12-15T00:00,8.7,100,0.0,752.9,2.1,0.0
2025-12-15T01:00,9.6,100,0.0,753.1,1.5,0.0
2025-12-15T02:00,9.5,98,0.0,752.7,2.5,0.0
2025-12-15T03:00,8.9,98,0.0,752.1,4.2,0.0
2025-12-15T04:00,8.4,100,0.0,751.9,3.6,0.0
2025-12-15T05:00,8.3,100,0.0,752.6,3.8,0.0
2025-12-15T06:00,8.6,99,0.0,753.4,4.5,0.0
2025-12-15T07:00,8.9,93,0.0,754.2,3.3,46.0
2025-12-15T08:00,12.1,83,0.0,757.3,2.1,275.0
2025-12-15T09:00,15.3,69,0.0,758.6,2.7,581.0
2025-12-15T10:00,17.9,56,0.0,759.3,2.3,798.0
2025-12-15T11:00,19.5,50,0.0,759.2,1.6,910.0
2025-12-15T12:00,20.7,48,0.0,758.6,2.2,907.0
2025-12-15T13:00,21.4,43,0.0,758.1,2.0,876.0
2025-12-15T14:00,21.1,44,0.1,757.4,6.0,775.0
2025-12-15T15:00,18.5,57,0.0,756.0,13.4,572.0
2025-12-15T16:00,16.5,71,0.1,755.0,6.5,261.0
2025-12-15T17:00,16.1,74,0.0,754.9,2.8,179.0
2025-12-15T18:00,14.9,84,0.0,755.0,3.4,30.0
2025-12-15T19:00,14.5,87,0.0,755.5,5.0,0.0
2025-12-15T20:00,13.9,92,0.0,756.1,2.9,0.0
2025-12-15T21:00,13.4,93,0.0,756.1,4.7,0.0
2025-12-15T22:00,13.1,93,0.0,756.0,5.5,0.0
2025-12-15T23:00,12.3,95,0.0,755.6,0.9,0.0
2025-12-16T00:00,11.4,99,0.0,755.0,0.5,0.0
2025-12-16T01:00,11.5,97,0.2,754.5,1.0,0.0
2025-12-16T02:00,11.6,100,0.5,754.1,1.5,0.0
2025-12-16T03:00,11.7,99,0.1,753.8,1.7,0.0
2025-12-16T04:00,11.9,98,0.0,753.8,2.9,0.0
2025-12-16T05:00,11.1,99,0.0,753.9,1.9,0.0
2025-12-16T06:00,11.7,99,0.0,754.8,3.9,0.0
2025-12-16T07:00,10.9,91,0.0,755.4,4.0,44.0
2025-12-16T08:00,11.7,90,0.0,756.7,4.3,219.0
2025-12-16T09:00,14.1,80,0.0,758.1,4.0,449.0
2025-12-16T10:00,16.4,71,0.0,758.3,1.8,685.0
2025-12-16T11:00,18.7,59,0.1,758.6,2.6,884.0
2025-12-16T12:00,20.1,50,0.1,758.0,6.5,828.0
2025-12-16T13:00,20.8,48,0.2,757.6,6.0,883.0
2025-12-16T14:00,21.3,46,0.1,756.8,6.7,728.0
2025-12-16T15:00,19.4,50,0.0,755.5,12.1,530.0
2025-12-16T16:00,18.0,58,0.0,754.8,8.1,342.0
2025-12-16T17:00,16.2,68,0.0,754.6,7.7,172.0
2025-12-16T18:00,15.2,78,0.0,754.7,5.0,31.0
2025-12-16T19:00,14.0,92,0.0,754.6,2.6,0.0
2025-12-16T20:00,13.4,92,0.0,755.1,2.6,0.0
2025-12-16T21:00,13.2,92,0.0,755.5,1.8,0.0
2025-12-16T22:00,12.7,94,0.0,755.7,1.6,0.0
2025-12-16T23:00,11.4,100,0.0,754.8,3.8,0.0
2025-12-17T00:00,11.7,98,0.0,755.0,2.8,0.0
2025-12-17T01:00,11.4,98,0.0,754.2,2.8,0.0
2025-12-17T02:00,10.8,100,0.0,753.3,3.3,0.0
2025-12-17T03:00,10.7,100,0.0,753.4,4.2,0.0
2025-12-17T04:00,10.7,100,0.0,753.6,4.5,0.0
2025-12-17T05:00,11.0,97,0.0,754.2,4.6,0.0
2025-12-17T06:00,10.8,97,0.0,754.8,5.5,0.0
2025-12-17T07:00,11.9,96,0.0,755.7,2.3,44.0
2025-12-17T08:00,13.7,84,0.0,757.0,3.6,253.0
2025-12-17T09:00,16.0,71,0.0,758.2,2.3,514.0
2025-12-17T10:00,17.4,64,0.1,758.6,1.7,697.0
2025-12-17T11:00,19.1,55,0.2,758.4,2.3,851.0
2025-12-17T12:00,20.6,47,0.0,757.9,4.7,901.0
2025-12-17T13:00,20.9,44,0.0,757.3,5.3,725.0
2025-12-17T14:00,20.2,46,0.0,756.0,7.2,682.0
2025-12-17T15:00,18.8,52,0.1,755.1,8.2,543.0
2025-12-17T16:00,18.4,53,0.0,754.4,8.0,344.0
2025-12-17T17:00,17.2,61,0.0,754.0,9.1,186.0
2025-12-17T18:00,15.5,74,0.0,753.9,8.5,36.0
2025-12-17T19:00,14.4,90,0.0,754.7,5.2,0.0
2025-12-17T20:00,14.2,91,0.0,755.2,3.4,0.0
2025-12-17T21:00,13.5,95,0.0,755.4,1.8,0.0
2025-12-17T22:00,13.3,96,0.0,755.6,2.2,0.0
2025-12-17T23:00,13.3,97,0.0,755.4,3.0,0.0
2025-12-18T00:00,12.9,97,0.0,754.9,3.9,0.0
2025-12-18T01:00,12.4,97,0.0,753.9,2.9,0.0
2025-12-18T02:00,12.5,95,0.0,753.4,1.6,0.0
2025-12-18T03:00,12.3,97,0.0,753.4,1.5,0.0
2025-12-18T04:00,11.8,96,0.0,753.5,5.3,0.0
2025-12-18T05:00,11.6,95,0.0,753.8,2.5,0.0
2025-12-18T06:00,10.4,100,0.0,753.7,2.4,0.0
2025-12-18T07:00,11.9,93,0.0,755.1,2.4,61.0
2025-12-18T08:00,13.5,85,0.0,756.8,3.9,204.0
2025-12-18T09:00,15.9,73,0.0,758.0,1.8,489.0
2025-12-18T10:00,17.9,62,0.0,758.5,2.4,692.0
2025-12-18T11:00,19.3,55,0.1,758.6,2.3,828.0
2025-12-18T12:00,20.7,48,0.1,757.9,2.2,872.0
2025-12-18T13:00,22.1,44,0.0,757.7,5.8,911.0
2025-12-18T14:00,21.4,46,0.2,756.9,8.1,699.0
2025-12-18T15:00,18.8,52,0.1,755.4,11.8,470.0
2025-12-18T16:00,16.6,67,0.0,754.7,11.9,344.0
2025-12-18T17:00,15.3,84,0.0,754.8,5.8,162.0
2025-12-18T18:00,14.7,87,0.0,754.9,3.5,31.0
2025-12-18T19:00,13.5,95,0.0,755.4,3.4,0.0
2025-12-18T20:00,13.2,97,0.7,755.8,2.9,0.0
2025-12-18T21:00,12.7,100,0.0,756.0,3.2,0.0
2025-12-18T22:00,12.6,99,0.0,756.1,2.3,0.0
2025-12-18T23:00,11.8,94,0.1,755.1,1.2,0.0
2025-12-19T00:00,11.3,97,0.0,754.6,0.4,0.0
2025-12-19T01:00,11.7,100,0.0,754.1,1.8,0.0
2025-12-19T02:00,10.8,100,0.0,753.0,3.0,0.0
2025-12-19T03:00,10.0,100,0.0,752.6,2.2,0.0
2025-12-19T04:00,10.6,99,0.0,753.4,2.7,0.0
2025-12-19T05:00,11.0,95,0.0,753.8,2.4,0.0
2025-12-19T06:00,10.3,98,0.0,754.0,2.8,0.0
2025-12-19T07:00,11.3,95,0.0,755.6,0.9,63.0
2025-12-19T08:00,13.2,86,0.0,757.5,1.9,257.0
2025-12-19T09:00,15.7,72,0.0,758.6,2.4,508.0
2025-12-19T10:00,17.9,61,0.0,759.2,2.8,742.0
2025-12-19T11:00,19.7,51,0.0,759.2,1.9,850.0
2025-12-19T12:00,21.2,44,0.0,758.7,2.8,886.0
2025-12-19T13:00,21.8,42,0.0,758.1,8.4,866.0
2025-12-19T14:00,20.2,52,0.2,757.1,16.8,708.0
2025-12-19T15:00,18.0,69,1.0,756.1,11.2,562.0
2025-12-19T16:00,16.9,74,0.1,755.6,3.0,254.0
2025-12-19T17:00,16.4,75,0.2,755.1,0.4,187.0
2025-12-19T18:00,15.4,83,0.2,755.0,2.1,37.0
2025-12-19T19:00,15.2,84,0.8,756.0,1.9,0.0
2025-12-19T20:00,14.7,86,0.1,756.5,3.1,0.0
2025-12-19T21:00,13.0,93,0.5,756.2,3.6,0.0
2025-12-19T22:00,12.9,96,0.1,756.7,1.5,0.0
2025-12-19T23:00,11.9,98,0.1,755.8,0.6,0.0
2025-12-20T00:00,11.1,100,0.0,754.9,1.3,0.0
2025-12-20T01:00,11.5,100,0.0,754.6,4.6,0.0
2025-12-20T02:00,11.7,100,0.0,754.2,3.6,0.0
2025-12-20T03:00,11.3,100,0.0,753.9,3.7,0.0
2025-12-20T04:00,11.1,100,0.0,753.9,0.6,0.0
2025-12-20T05:00,10.2,100,0.0,753.5,1.0,0.0
2025-12-20T06:00,10.0,99,0.0,753.5,1.9,0.0
2025-12-20T07:00,11.2,98,0.0,755.2,1.8,49.0
2025-12-20T08:00,14.2,82,0.0,757.6,2.0,280.0
2025-12-20T09:00,15.9,71,0.0,758.1,4.7,467.0
2025-12-20T10:00,17.9,60,0.0,758.8,5.1,632.0
2025-12-20T11:00,20.0,50,0.0,758.8,1.9,713.0
2025-12-20T12:00,20.9,47,0.1,758.6,7.1,820.0
2025-12-20T13:00,18.4,60,0.3,757.4,11.1,695.0
2025-12-20T14:00,18.2,62,0.2,756.5,10.9,484.0
2025-12-20T15:00,18.5,66,0.1,756.0,9.4,509.0
2025-12-20T16:00,17.1,73,0.1,755.2,7.1,381.0
2025-12-20T17:00,16.3,76,0.2,754.7,6.5,184.0
2025-12-20T18:00,14.9,84,0.1,754.5,5.9,39.0
2025-12-20T19:00,14.2,90,0.0,755.0,1.7,0.0
2025-12-20T20:00,13.7,91,0.0,755.1,0.8,0.0
2025-12-20T21:00,13.4,91,0.0,755.5,0.5,0.0
2025-12-20T22:00,13.2,93,0.0,755.6,1.2,0.0
2025-12-20T23:00,13.1,94,0.0,755.6,0.6,0.0
2025-12-21T00:00,13.2,93,0.0,755.6,4.1,0.0
2025-12-21T01:00,13.2,97,0.0,754.9,1.7,0.0
2025-12-21T02:00,12.4,99,0.0,754.0,3.7,0.0
2025-12-21T03:00,12.1,95,0.0,753.7,6.0,0.0
2025-12-21T04:00,12.1,90,0.0,753.8,4.4,0.0
2025-12-21T05:00,11.6,92,0.0,753.7,2.2,0.0
2025-12-21T06:00,11.7,90,0.0,754.2,2.8,0.0
2025-12-21T07:00,12.9,88,0.0,755.5,2.2,27.0
2025-12-21T08:00,13.6,83,0.0,756.8,4.2,97.0
2025-12-21T09:00,15.4,73,0.0,757.8,6.6,357.0
2025-12-21T10:00,17.6,64,0.0,758.6,4.5,667.0
2025-12-21T11:00,19.5,55,0.1,758.7,3.2,799.0
2025-12-21T12:00,20.0,53,0.1,758.1,4.5,800.0
2025-12-21T13:00,20.5,49,0.2,757.5,7.5,798.0
2025-12-21T14:00,19.7,55,0.5,756.7,9.0,765.0
2025-12-21T15:00,18.8,57,0.3,755.8,6.1,492.0
2025-12-21T16:00,18.0,60,0.1,755.4,7.2,335.0
2025-12-21T17:00,15.8,69,0.1,754.9,10.3,190.0
2025-12-21T18:00,15.3,74,0.2,755.0,4.4,17.0
2025-12-21T19:00,14.1,85,0.0,755.1,0.9,0.0
2025-12-21T20:00,13.0,87,0.0,755.0,4.5,0.0
2025-12-21T21:00,12.3,86,0.0,754.9,2.9,0.0
2025-12-21T22:00,11.5,90,0.0,754.3,3.5,0.0
2025-12-21T23:00,10.5,95,0.0,753.9,1.3,0.0
2025-12-22T00:00,9.7,100,0.0,753.3,1.1,0.0
2025-12-22T01:00,10.2,100,0.0,753.2,1.5,0.0
2025-12-22T02:00,9.4,100,0.0,752.0,1.0,0.0
2025-12-22T03:00,10.1,100,0.0,752.3,2.9,0.0
2025-12-22T04:00,10.2,100,0.0,752.7,1.5,0.0
2025-12-22T05:00,10.2,100,0.0,753.4,1.7,0.0
2025-12-22T06:00,10.2,100,0.0,754.1,2.3,0.0
2025-12-22T07:00,10.2,99,0.0,754.8,1.5,43.0
2025-12-22T08:00,11.8,92,0.0,756.3,1.4,193.0
2025-12-22T09:00,15.2,75,0.0,757.8,1.4,470.0
2025-12-22T10:00,17.4,63,0.0,758.5,1.1,645.0
2025-12-22T11:00,20.2,50,0.0,758.7,1.7,856.0
2025-12-22T12:00,22.1,41,0.0,758.5,1.1,898.0
2025-12-22T13:00,21.2,44,0.0,757.8,5.9,848.0
2025-12-22T14:00,19.1,59,0.3,756.4,12.4,707.0
2025-12-22T15:00,18.1,64,0.5,755.7,8.4,504.0
2025-12-22T16:00,17.7,65,0.4,755.1,5.6,391.0
2025-12-22T17:00,17.0,71,0.3,754.8,5.9,169.0
2025-12-22T18:00,15.5,78,0.2,754.6,5.3,35.0
2025-12-22T19:00,14.5,89,0.1,755.0,5.1,0.0
2025-12-22T20:00,13.8,92,0.3,755.1,3.6,0.0
2025-12-22T21:00,13.3,95,0.2,755.0,2.3,0.0
2025-12-22T22:00,13.3,97,1.5,755.2,3.3,0.0
2025-12-22T23:00,13.5,97,0.9,755.4,4.6,0.0
2025-12-23T00:00,13.5,98,0.3,755.4,2.5,0.0
2025-12-23T01:00,13.0,94,0.5,754.7,0.5,0.0
2025-12-23T02:00,12.4,93,0.0,753.6,1.7,0.0
2025-12-23T03:00,12.1,97,0.0,753.1,2.5,0.0
2025-12-23T04:00,11.3,98,0.0,752.5,2.7,0.0
2025-12-23T05:00,11.1,97,0.0,753.0,2.9,0.0
2025-12-23T06:00,10.3,96,0.0,753.0,3.9,0.0
2025-12-23T07:00,11.1,96,0.0,755.0,2.3,72.0
2025-12-23T08:00,12.6,88,0.0,756.5,2.8,206.0
2025-12-23T09:00,15.5,75,0.0,757.9,2.5,489.0
2025-12-23T10:00,17.6,63,0.0,758.7,1.5,629.0
2025-12-23T11:00,19.3,56,0.0,758.8,2.4,808.0
2025-12-23T12:00,20.7,48,0.0,758.4,2.9,842.0
2025-12-23T13:00,21.2,44,0.0,757.7,4.5,809.0
2025-12-23T14:00,21.5,44,0.0,757.0,8.3,753.0
2025-12-23T15:00,19.1,58,0.4,755.8,14.9,534.0
2025-12-23T16:00,17.3,69,0.5,755.3,10.1,377.0
2025-12-23T17:00,16.8,69,0.5,755.1,7.0,193.0
2025-12-23T18:00,15.6,80,0.2,754.7,5.6,41.0
2025-12-23T19:00,14.5,90,0.0,755.2,3.6,0.0
2025-12-23T20:00,13.5,92,0.2,755.3,1.7,0.0
2025-12-23T21:00,13.5,93,0.1,756.0,2.9,0.0
2025-12-23T22:00,14.0,89,0.1,756.4,5.0,0.0
2025-12-23T23:00,13.9,90,0.1,756.1,4.6,0.0
2025-12-24T00:00,13.4,92,0.1,755.6,1.6,0.0
2025-12-24T01:00,12.6,97,0.0,754.5,2.7,0.0
2025-12-24T02:00,12.1,99,0.2,753.8,1.5,0.0
2025-12-24T03:00,12.4,99,1.0,753.6,3.2,0.0
2025-12-24T04:00,12.1,100,0.6,753.4,2.2,0.0
2025-12-24T05:00,12.0,100,0.3,753.7,2.9,0.0
2025-12-24T06:00,11.9,100,0.1,754.2,2.2,0.0
2025-12-24T07:00,11.0,99,0.0,755.3,2.9,45.0
2025-12-24T08:00,13.1,86,0.0,757.1,1.5,231.0
2025-12-24T09:00,15.8,69,0.0,758.4,0.6,523.0
2025-12-24T10:00,17.9,57,0.0,759.2,2.5,657.0
2025-12-24T11:00,19.2,54,0.0,759.2,6.3,759.0
2025-12-24T12:00,19.0,58,0.3,758.4,9.8,819.0
2025-12-24T13:00,20.4,52,0.2,758.1,9.5,683.0
2025-12-24T14:00,20.0,50,0.1,757.3,12.1,685.0
2025-12-24T15:00,19.3,53,0.2,756.4,12.5,620.0
2025-12-24T16:00,18.5,59,0.3,755.7,11.3,448.0
2025-12-24T17:00,16.8,69,0.0,755.4,11.3,230.0
2025-12-24T18:00,15.1,78,0.0,755.0,7.3,41.0
2025-12-24T19:00,14.3,90,0.0,755.6,3.5,0.0
2025-12-24T20:00,13.9,92,0.0,756.1,5.2,0.0
2025-12-24T21:00,13.3,95,0.0,756.2,3.8,0.0
2025-12-24T22:00,12.7,97,0.0,756.3,4.1,0.0
2025-12-24T23:00,12.3,98,0.0,755.9,2.4,0.0
2025-12-25T00:00,11.9,98,0.0,755.4,3.1,0.0
2025-12-25T01:00,11.7,100,0.0,754.8,4.3,0.0
2025-12-25T02:00,11.6,99,0.0,754.2,2.2,0.0
2025-12-25T03:00,11.3,100,0.0,753.8,2.0,0.0
2025-12-25T04:00,11.0,100,0.0,753.6,3.1,0.0
2025-12-25T05:00,11.0,99,0.0,754.1,3.9,0.0
2025-12-25T06:00,11.0,97,0.0,754.5,2.2,0.0
2025-12-25T07:00,10.7,100,0.0,754.6,1.5,38.0
2025-12-25T08:00,12.8,86,0.0,756.6,3.2,237.0
2025-12-25T09:00,15.4,72,0.0,758.2,3.4,516.0
2025-12-25T10:00,17.5,60,0.0,758.6,2.3,652.0
2025-12-25T11:00,18.9,54,0.0,758.2,1.3,657.0
2025-12-25T12:00,20.2,49,0.1,758.0,4.3,786.0
2025-12-25T13:00,20.0,48,0.1,757.3,9.9,781.0
2025-12-25T14:00,20.3,48,0.0,756.8,12.6,823.0
2025-12-25T15:00,18.7,54,0.0,756.0,13.5,588.0
2025-12-25T16:00,16.6,67,0.0,755.0,14.4,250.0
2025-12-25T17:00,15.7,73,0.0,754.9,10.5,166.0
2025-12-25T18:00,14.6,81,0.0,754.6,8.1,26.0
2025-12-25T19:00,13.9,87,0.0,755.3,6.9,0.0
2025-12-25T20:00,13.4,91,0.0,755.5,5.0,0.0
2025-12-25T21:00,12.5,96,0.0,755.6,2.0,0.0
2025-12-25T22:00,12.1,98,0.0,755.6,4.4,0.0
2025-12-25T23:00,11.5,100,0.0,755.1,5.0,0.0
2025-12-26T00:00,11.4,100,0.0,754.9,3.8,0.0
2025-12-26T01:00,11.5,100,0.0,754.4,3.3,0.0
2025-12-26T02:00,11.2,100,0.0,753.6,1.4,0.0
2025-12-26T03:00,11.0,100,0.0,753.4,2.5,0.0
2025-12-26T04:00,10.8,100,0.0,753.8,2.3,0.0
2025-12-26T05:00,10.6,100,0.0,754.2,0.8,0.0
2025-12-26T06:00,10.3,100,0.1,754.4,1.3,0.0
2025-12-26T07:00,10.0,100,0.0,754.9,1.9,47.0
2025-12-26T08:00,12.0,86,0.0,756.7,3.4,251.0
2025-12-26T09:00,14.7,69,0.0,758.1,3.6,542.0
2025-12-26T10:00,17.0,54,0.0,758.7,2.3,772.0
2025-12-26T11:00,19.1,40,0.0,758.9,2.9,926.0
2025-12-26T12:00,20.7,34,0.0,758.7,3.4,1008.0
2025-12-26T13:00,21.0,37,0.0,757.7,5.7,949.0
2025-12-26T14:00,20.0,44,0.0,756.7,12.8,831.0
2025-12-26T15:00,18.7,50,0.0,755.8,14.3,592.0
2025-12-26T16:00,18.7,50,0.0,755.3,10.6,459.0
2025-12-26T17:00,17.1,60,0.0,754.9,10.3,266.0
2025-12-26T18:00,14.7,73,0.0,754.4,9.5,55.0
2025-12-26T19:00,14.4,82,0.0,755.2,5.0,0.0
2025-12-26T20:00,13.4,90,0.0,755.1,2.1,0.0
2025-12-26T21:00,12.7,92,0.0,755.4,1.0,0.0
2025-12-26T22:00,12.5,94,0.0,755.5,2.3,0.0
2025-12-26T23:00,12.2,97,0.0,755.2,0.9,0.0
2025-12-27T00:00,12.0,98,0.0,754.9,4.3,0.0
2025-12-27T01:00,11.5,100,0.0,753.9,1.3,0.0
2025-12-27T02:00,11.4,100,0.0,753.4,1.6,0.0
2025-12-27T03:00,11.4,99,0.0,753.1,1.3,0.0
2025-12-27T04:00,10.5,100,0.0,752.9,3.1,0.0
2025-12-27T05:00,10.1,97,0.0,753.1,6.0,0.0
2025-12-27T06:00,10.3,94,0.0,754.0,4.4,0.0
2025-12-27T07:00,11.4,91,0.0,755.6,5.1,34.0
2025-12-27T08:00,13.2,81,0.0,757.1,2.8,293.0
2025-12-27T09:00,15.4,67,0.0,758.3,3.2,516.0
2025-12-27T10:00,17.3,54,0.0,758.6,4.9,692.0
2025-12-27T11:00,18.8,48,0.0,758.7,3.3,880.0
2025-12-27T12:00,20.3,42,0.0,758.2,4.0,969.0
2025-12-27T13:00,20.7,42,0.0,757.8,11.0,965.0
2025-12-27T14:00,19.8,45,0.0,756.7,15.7,653.0
2025-12-27T15:00,19.7,48,0.0,756.3,15.0,672.0
2025-12-27T16:00,19.2,50,0.0,755.7,11.2,501.0
2025-12-27T17:00,18.1,54,0.0,755.2,7.7,244.0
2025-12-27T18:00,16.1,68,0.0,754.7,3.1,54.0
2025-12-27T19:00,14.7,86,0.0,755.2,1.3,0.0
2025-12-27T20:00,13.9,84,0.0,755.5,5.5,0.0
2025-12-27T21:00,13.2,88,0.0,755.7,6.1,0.0
2025-12-27T22:00,11.9,95,0.0,755.4,5.8,0.0
2025-12-27T23:00,10.8,98,0.0,754.9,4.3,0.0
2025-12-28T00:00,9.8,100,0.0,754.5,4.6,0.0
2025-12-28T01:00,9.6,98,0.0,753.8,3.3,0.0
2025-12-28T02:00,8.9,98,0.0,752.7,2.8,0.0
2025-12-28T03:00,8.2,98,0.0,752.2,3.3,0.0
2025-12-28T04:00,7.4,97,0.0,751.5,5.7,0.0
2025-12-28T05:00,6.7,96,0.0,751.4,5.2,0.0
2025-12-28T06:00,6.0,96,0.0,751.5,3.5,0.0
2025-12-28T07:00,7.3,94,0.0,753.0,2.7,76.0
2025-12-28T08:00,11.5,71,0.0,757.1,3.1,318.0
2025-12-28T09:00,14.6,57,0.0,758.5,1.6,571.0
2025-12-28T10:00,17.1,47,0.0,759.4,4.0,781.0
2025-12-28T11:00,18.9,39,0.0,759.3,8.7,926.0
2025-12-28T12:00,19.8,38,0.0,758.8,14.6,972.0
2025-12-28T13:00,19.4,38,0.0,758.3,16.9,876.0
2025-12-28T14:00,19.6,38,0.0,757.5,18.1,758.0
2025-12-28T15:00,19.6,40,0.0,756.7,17.9,634.0
2025-12-28T16:00,18.3,45,0.0,755.7,15.9,329.0
2025-12-28T17:00,17.6,49,0.0,755.5,13.2,265.0
2025-12-28T18:00,15.8,58,0.0,755.2,8.7,54.0
2025-12-28T19:00,14.8,74,0.0,755.9,3.4,0.0
2025-12-28T20:00,14.0,82,0.0,756.1,1.5,0.0
2025-12-28T21:00,12.6,86,0.0,756.0,5.1,0.0
2025-12-28T22:00,11.4,92,0.0,755.6,4.5,0.0
2025-12-28T23:00,10.2,96,0.0,755.0,4.5,0.0
2025-12-29T00:00,9.3,98,0.0,754.2,4.8,0.0
2025-12-29T01:00,9.7,96,0.0,753.9,2.8,0.0
2025-12-29T02:00,9.7,96,0.0,753.7,3.8,0.0
2025-12-29T03:00,9.3,96,0.0,753.0,5.4,0.0
2025-12-29T04:00,9.1,97,0.0,753.3,4.3,0.0
2025-12-29T05:00,8.9,97,0.0,753.5,6.1,0.0
2025-12-29T06:00,8.5,98,0.0,754.0,6.0,0.0
2025-12-29T07:00,8.8,95,0.0,754.5,3.8,47.0
2025-12-29T08:00,12.1,77,0.0,757.2,3.4,239.0
2025-12-29T09:00,14.4,68,0.0,758.4,3.1,390.0
2025-12-29T10:00,16.8,59,0.0,759.4,4.9,571.0
2025-12-29T11:00,18.0,52,0.0,759.0,6.0,563.0
2025-12-29T12:00,19.8,46,0.0,759.0,7.4,786.0
2025-12-29T13:00,20.0,43,0.0,758.4,12.9,862.0
2025-12-29T14:00,20.0,42,0.0,757.4,14.3,719.0
2025-12-29T15:00,19.4,45,0.0,756.7,14.7,608.0
2025-12-29T16:00,18.5,50,0.0,756.1,14.2,479.0
2025-12-29T17:00,17.1,54,0.0,755.4,15.6,243.0
2025-12-29T18:00,15.4,62,0.0,755.1,12.5,59.0
2025-12-29T19:00,15.4,66,0.0,755.9,8.3,0.0
2025-12-29T20:00,14.1,76,0.0,756.2,5.5,0.0
2025-12-29T21:00,13.2,82,0.0,756.4,6.2,0.0
2025-12-29T22:00,12.6,86,0.0,756.8,6.7,0.0
2025-12-29T23:00,11.9,89,0.0,756.4,5.2,0.0
2025-12-30T00:00,11.5,91,0.0,756.0,2.3,0.0
2025-12-30T01:00,11.7,95,0.0,755.5,4.5,0.0
2025-12-30T02:00,11.8,91,0.0,754.8,3.5,0.0
2025-12-30T03:00,11.6,90,0.0,754.7,1.9,0.0
2025-12-30T04:00,11.4,90,0.0,754.6,3.1,0.0
2025-12-30T05:00,11.4,91,0.0,755.0,2.0,0.0
2025-12-30T06:00,11.3,92,0.0,755.5,2.2,0.0
2025-12-30T07:00,12.0,89,0.0,756.1,3.9,38.0
2025-12-30T08:00,13.3,83,0.2,757.9,4.6,100.0
2025-12-30T09:00,15.4,69,0.1,759.2,5.0,318.0
2025-12-30T10:00,17.8,56,0.0,759.9,6.3,589.0
2025-12-30T11:00,19.0,50,0.3,759.8,8.9,707.0
2025-12-30T12:00,19.4,50,0.2,759.3,9.9,832.0
2025-12-30T13:00,18.7,53,0.2,758.6,11.8,680.0
2025-12-30T14:00,19.8,47,0.0,758.2,13.7,751.0
2025-12-30T15:00,19.3,48,0.0,757.3,14.7,576.0
2025-12-30T16:00,18.2,53,0.0,756.4,13.5,407.0
2025-12-30T17:00,16.9,59,0.0,756.2,14.2,244.0
2025-12-30T18:00,15.1,69,0.0,755.9,11.8,53.0
2025-12-30T19:00,13.9,77,0.0,756.1,6.0,0.0
2025-12-30T20:00,13.5,82,0.0,756.9,4.7,0.0
2025-12-30T21:00,12.9,86,0.0,757.0,4.4,0.0
2025-12-30T22:00,12.2,90,0.0,757.2,6.2,0.0
2025-12-30T23:00,11.5,93,0.0,757.0,5.9,0.0
2025-12-31T00:00,11.4,93,0.0,756.7,5.0,0.0
2025-12-31T01:00,11.3,98,0.0,755.7,1.3,0.0
2025-12-31T02:00,11.6,96,0.0,755.7,1.4,0.0
2025-12-31T03:00,11.5,96,0.0,755.4,3.3,0.0
2025-12-31T04:00,11.2,96,0.0,755.2,5.4,0.0
2025-12-31T05:00,11.3,95,0.0,755.5,5.7,0.0
2025-12-31T06:00,10.6,96,0.0,755.8,4.4,0.0
2025-12-31T07:00,11.7,90,0.0,757.0,4.6,50.0
2025-12-31T08:00,14.4,72,0.0,759.5,5.7,255.0
2025-12-31T09:00,16.2,63,0.0,760.6,5.8,395.0
2025-12-31T10:00,17.9,56,0.0,760.8,6.5,555.0
2025-12-31T11:00,19.8,49,0.3,761.1,10.0,802.0
2025-12-31T12:00,20.5,46,0.2,760.2,10.3,841.0
2025-12-31T13:00,19.8,47,0.1,759.9,11.5,794.0
2025-12-31T14:00,20.8,42,0.1,759.2,9.6,784.0
2025-12-31T15:00,20.6,44,0.1,758.5,12.0,673.0
2025-12-31T16:00,19.9,46,0.0,757.6,13.9,419.0
2025-12-31T17:00,18.5,51,0.0,757.2,14.2,254.0
2025-12-31T18:00,16.8,59,0.0,757.2,11.3,47.0
2025-12-31T19:00,15.6,71,0.0,756.9,2.7,0.0
2025-12-31T20:00,14.4,74,0.0,757.1,2.7,0.0
2025-12-31T21:00,14.0,78,0.0,757.7,5.7,0.0
2025-12-31T22:00,12.9,84,0.0,757.7,6.7,0.0
2025-12-31T23:00,12.0,90,0.0,757.2,5.3,0.0
